Organization,Country,Lattitude,Longitude,Industry,Organization_size,Owner,Lead_acquisition_date,Product,Status,Status_sequence,Stage,Stage_sequence,Deal_Value_USD,Probability_pct,Expected_close_date,Actual_close_date,lead_year,lead_month,deal_duration_days,close_delay_days,is_won,is_lost,is_closed,is_open,is_saas,org_size_cat
Thoughtblab,Netherlands,52.370216,4.895168,Banking and Finance,Small (11-200),John Smith,2024-04-20,SAAS,Churned Customer,7,,,833,90,2024-08-07,2024-06-27,2024,2024-04,109,-41.0,False,False,False,False,True,Small (11-200)
Jaxnation,Spain,40.416775,-3.70379,Energy & Utilities,Small (11-200),Emily Johnson,2024-05-28,SAAS,Churned Customer,7,,,1623,30,2024-10-25,2024-09-11,2024,2024-05,150,-44.0,False,False,False,False,True,Small (11-200)
Mybuzz,Italy,41.902782,12.496366,Education & Science,Small (11-200),Michael Brown,2024-03-17,SAAS,Churned Customer,7,,,1928,20,2025-03-17,2024-05-11,2024,2024-03,365,-310.0,False,False,False,False,True,Small (11-200)
Kare,Germany,52.520008,13.404954,Government Administration Healthcare,Small (11-200),Michael Brown,2024-01-18,SAAS,Churned Customer,7,,,303,50,2024-08-07,2024-05-06,2024,2024-01,202,-93.0,False,False,False,False,True,Small (11-200)
Skaboo,Germany,52.520008,13.404954,Energy & Utilities,Small (11-200),Michael Brown,2024-04-06,SAAS,Churned Customer,7,,,1911,30,2024-10-11,2024-07-25,2024,2024-04,188,-78.0,False,False,False,False,True,Small (11-200)
Flashset,Germany,52.520008,13.404954,Transportation & Logistics,Small (11-200),Laura Thompson,2024-02-21,Custom solution,Churned Customer,7,,,455,20,2024-09-23,2024-05-11,2024,2024-02,215,-135.0,False,False,False,False,False,Small (11-200)
Yozio,Belgium,51.260197,4.402771,IT & IT Services,Small (11-200),Laura Thompson,2024-02-13,SAAS,Churned Customer,7,,,351,30,2024-03-18,2024-04-17,2024,2024-02,34,30.0,False,False,False,False,True,Small (11-200)
Tanoodle,Switzerland,46.204391,6.143158,IT & IT Services,Small (11-200),Jessica Martinez,2024-01-15,Custom solution,Churned Customer,7,,,230,70,2024-05-17,2024-05-11,2024,2024-01,123,-6.0,False,False,False,False,False,Small (11-200)
"Reilly, Wisozk and Stamm",France,48.864716,2.349014,Retail & Distribution,Small (11-200),Michael Brown,2024-03-09,SAAS,Churned Customer,7,,,1697,80,2024-07-25,2024-06-30,2024,2024-03,138,-25.0,False,False,False,False,True,Small (11-200)
O'Conner-Sawayn,Switzerland,46.204391,6.143158,Transportation & Logistics,Small (11-200),Laura Thompson,2024-04-01,Services,Churned Customer,7,,,320,60,2024-05-24,2024-07-01,2024,2024-04,53,38.0,False,False,False,False,False,Small (11-200)
Klocko-Sporer,Germany,52.520008,13.404954,Agriculture & Mining,Small (11-200),Emily Johnson,2024-02-12,Custom solution,Churned Customer,7,,,721,20,2025-01-10,2024-03-31,2024,2024-02,333,-285.0,False,False,False,False,False,Small (11-200)
Borer Inc,Italy,41.902782,12.496366,Transportation & Logistics,Small (11-200),Michael Brown,2024-02-29,Services,Churned Customer,7,,,768,80,2024-08-18,2024-06-15,2024,2024-02,171,-64.0,False,False,False,False,False,Small (11-200)
"Jacobson, Crist and O'Kon",Austria,48.210033,16.363449,Government Administration Healthcare,Small (11-200),Kevin Anderson,2024-04-11,SAAS,Churned Customer,7,,,741,40,2024-09-19,2024-05-13,2024,2024-04,161,-129.0,False,False,False,False,True,Small (11-200)
Hickle Inc,France,48.864716,2.349014,Professional Services  & Consulting,Small (11-200),Laura Thompson,2024-01-23,SAAS,Churned Customer,7,,,668,70,2024-10-24,2024-04-19,2024,2024-01,275,-188.0,False,False,False,False,True,Small (11-200)
"Zulauf, Osinski and Lakin",Portugal,38.736946,-9.142685,Banking and Finance,Small (11-200),Jessica Martinez,2024-03-10,Custom solution,Churned Customer,7,,,406,30,2024-05-24,2024-05-06,2024,2024-03,75,-18.0,False,False,False,False,False,Small (11-200)
"Cruickshank, Lubowitz and Marquardt",Portugal,38.736946,-9.142685,IT & IT Services,Small (11-200),Laura Thompson,2024-04-12,Services,Churned Customer,7,,,1686,40,2024-05-06,2024-04-25,2024,2024-04,24,-11.0,False,False,False,False,False,Small (11-200)
Roberts-Glover,Portugal,38.736946,-9.142685,Professional Services  & Consulting,Small (11-200),Michael Brown,2024-03-15,Services,Churned Customer,7,,,317,40,2024-09-15,2024-07-13,2024,2024-03,184,-64.0,False,False,False,False,False,Small (11-200)
Bauch Group,Netherlands,52.370216,4.895168,Recreation & Sports,Small (11-200),Sarah Davis,2024-01-17,SAAS,Churned Customer,7,,,1813,40,2024-03-28,2024-01-24,2024,2024-01,71,-64.0,False,False,False,False,True,Small (11-200)
"Reynolds, Kunze and Christiansen",Italy,41.902782,12.496366,Professional Services  & Consulting,Small (11-200),David Wilson,2024-01-24,Services,Churned Customer,7,,,1515,40,2024-10-22,2024-02-03,2024,2024-01,272,-262.0,False,False,False,False,False,Small (11-200)
"Skiles, Koepp and Walter",Belgium,51.260197,4.402771,Transportation & Logistics,Small (11-200),Jessica Martinez,2024-04-19,SAAS,Churned Customer,7,,,1569,50,2024-11-05,2024-05-21,2024,2024-04,200,-168.0,False,False,False,False,True,Small (11-200)
Hermiston and Sons,Germany,52.520008,13.404954,Agriculture & Mining,Small (11-200),Sarah Davis,2024-05-06,Custom solution,Churned Customer,7,,,405,40,2025-04-09,2024-06-07,2024,2024-05,338,-306.0,False,False,False,False,False,Small (11-200)
Roberts-Stracke,Italy,41.902782,12.496366,Professional Services  & Consulting,Small (11-200),Laura Thompson,2024-05-30,SAAS,Churned Customer,7,,,1456,60,2024-08-03,2024-06-06,2024,2024-05,65,-58.0,False,False,False,False,True,Small (11-200)
"Frami, Gerlach and Sporer",France,48.864716,2.349014,Professional Services  & Consulting,Small (11-200),David Wilson,2024-05-07,Services,Churned Customer,7,,,217,90,2024-08-04,2024-08-22,2024,2024-05,89,18.0,False,False,False,False,False,Small (11-200)
Schumm-Block,Netherlands,52.370216,4.895168,Banking and Finance,Small (11-200),Laura Thompson,2024-02-28,Services,Churned Customer,7,,,426,40,2024-12-17,2024-04-10,2024,2024-02,293,-251.0,False,False,False,False,False,Small (11-200)
"Beahan, Nitzsche and Williamson",Italy,41.902782,12.496366,Banking and Finance,Small (11-200),Sarah Davis,2024-04-25,SAAS,Churned Customer,7,,,1846,60,2025-04-19,2024-07-31,2024,2024-04,359,-262.0,False,False,False,False,True,Small (11-200)
"Bergstrom, Kling and Mayer",Italy,41.902782,12.496366,Retail & Distribution,Small (11-200),Michael Brown,2024-04-19,SAAS,Churned Customer,7,,,1515,40,2025-01-25,2024-07-12,2024,2024-04,281,-197.0,False,False,False,False,True,Small (11-200)
"Stroman, Ritchie and Toy",Italy,41.902782,12.496366,Professional Services  & Consulting,Small (11-200),Sarah Davis,2024-02-21,Services,Churned Customer,7,,,1007,20,2024-10-06,2024-04-01,2024,2024-02,228,-188.0,False,False,False,False,False,Small (11-200)
"Williamson, Smitham and Muller",Switzerland,46.204391,6.143158,Education & Science,Small (11-200),Kevin Anderson,2024-05-03,Services,Churned Customer,7,,,1895,80,2025-02-20,2024-05-14,2024,2024-05,293,-282.0,False,False,False,False,False,Small (11-200)
Kub-Brown,France,48.864716,2.349014,Government Administration Healthcare,Small (11-200),Jessica Martinez,2024-03-27,Services,Churned Customer,7,,,748,50,2024-08-30,2024-07-16,2024,2024-03,156,-45.0,False,False,False,False,False,Small (11-200)
Medhurst Group,Italy,41.902782,12.496366,Professional Services  & Consulting,Small (11-200),Michael Brown,2024-01-05,SAAS,Churned Customer,7,,,726,10,2024-06-13,2024-03-20,2024,2024-01,160,-85.0,False,False,False,False,True,Small (11-200)
Murray-Lehner,Switzerland,46.204391,6.143158,Construction & Engineering,Small (11-200),Laura Thompson,2024-02-12,SAAS,Churned Customer,7,,,634,60,2024-03-30,2024-02-27,2024,2024-02,47,-32.0,False,False,False,False,True,Small (11-200)
"McLaughlin, Effertz and Swift",Italy,41.902782,12.496366,Transportation & Logistics,Small (11-200),Laura Thompson,2024-02-19,Custom solution,Churned Customer,7,,,586,60,2024-11-01,2024-06-13,2024,2024-02,256,-141.0,False,False,False,False,False,Small (11-200)
Shields LLC,Italy,41.902782,12.496366,Telecommunications,Small (11-200),Sarah Davis,2024-05-13,Services,Churned Customer,7,,,1936,20,2024-12-17,2024-08-22,2024,2024-05,218,-117.0,False,False,False,False,False,Small (11-200)
Koch Group,Germany,52.520008,13.404954,Government Administration Healthcare,Small (11-200),Michael Brown,2024-03-21,Custom solution,Churned Customer,7,,,1620,40,2024-08-24,2024-05-13,2024,2024-03,156,-103.0,False,False,False,False,False,Small (11-200)
Langosh Group,Belgium,51.260197,4.402771,Transportation & Logistics,Small (11-200),Kevin Anderson,2024-02-04,SAAS,Churned Customer,7,,,287,10,2024-12-05,2024-02-14,2024,2024-02,305,-295.0,False,False,False,False,True,Small (11-200)
"Wiegand, Friesen and Ortiz",Austria,48.210033,16.363449,Banking and Finance,Small (11-200),Jessica Martinez,2024-05-15,Custom solution,Churned Customer,7,,,1828,50,2024-10-07,2024-08-29,2024,2024-05,145,-39.0,False,False,False,False,False,Small (11-200)
Ward-Schinner,Italy,41.902782,12.496366,Recreation & Sports,Small (11-200),Laura Thompson,2024-02-15,SAAS,Churned Customer,7,,,453,40,2024-12-03,2024-04-26,2024,2024-02,292,-221.0,False,False,False,False,True,Small (11-200)
"Kub, Hintz and Simonis",France,48.864716,2.349014,Education & Science,Small (11-200),Laura Thompson,2024-03-30,Services,Churned Customer,7,,,835,70,2024-08-14,2024-05-23,2024,2024-03,137,-83.0,False,False,False,False,False,Small (11-200)
Greenfelder-Klocko,Switzerland,46.204391,6.143158,Transportation & Logistics,Small (11-200),Jessica Martinez,2024-02-27,SAAS,Churned Customer,7,,,1924,30,2024-03-19,2024-06-18,2024,2024-02,21,91.0,False,False,False,False,True,Small (11-200)
"Rice, Walker and Hermiston",Italy,41.902782,12.496366,Banking and Finance,Small (11-200),Emily Johnson,2024-01-17,SAAS,Churned Customer,7,,,1020,20,2024-05-31,2024-03-26,2024,2024-01,135,-66.0,False,False,False,False,True,Small (11-200)
"Frami, Brekke and Crooks",Austria,48.210033,16.363449,Energy & Utilities,Small (11-200),David Wilson,2024-04-30,SAAS,Churned Customer,7,,,543,30,2024-06-21,2024-07-12,2024,2024-04,52,21.0,False,False,False,False,True,Small (11-200)
"Cassin, Windler and Friesen",Switzerland,46.204391,6.143158,Construction & Engineering,Small (11-200),Laura Thompson,2024-03-28,SAAS,Churned Customer,7,,,1984,20,2024-12-31,2024-05-29,2024,2024-03,278,-216.0,False,False,False,False,True,Small (11-200)
"Greenfelder, O'Reilly and Dietrich",Portugal,38.736946,-9.142685,Banking and Finance,Small (11-200),Emily Johnson,2024-01-19,SAAS,Churned Customer,7,,,349,50,2024-04-22,2024-02-07,2024,2024-01,94,-75.0,False,False,False,False,True,Small (11-200)
"Kris, Brekke and Gulgowski",Switzerland,46.204391,6.143158,Telecommunications,Small (11-200),Michael Brown,2024-01-07,SAAS,Churned Customer,7,,,1790,90,2024-12-14,2024-02-13,2024,2024-01,342,-305.0,False,False,False,False,True,Small (11-200)
Adams and Sons,Germany,52.520008,13.404954,Transportation & Logistics,Small (11-200),Michael Brown,2024-02-13,SAAS,Churned Customer,7,,,1606,40,2024-11-01,2024-05-09,2024,2024-02,262,-176.0,False,False,False,False,True,Small (11-200)
"Kunze, O'Reilly and Von",Switzerland,46.204391,6.143158,Retail & Distribution,Small (11-200),Laura Thompson,2024-04-08,SAAS,Churned Customer,7,,,716,40,2025-03-11,2024-07-13,2024,2024-04,337,-241.0,False,False,False,False,True,Small (11-200)
Rempel and Sons,Germany,52.520008,13.404954,Transportation & Logistics,Small (11-200),David Wilson,2024-01-25,SAAS,Churned Customer,7,,,1883,20,2024-10-13,2024-04-17,2024,2024-01,262,-179.0,False,False,False,False,True,Small (11-200)
Smitham-Sipes,Italy,41.902782,12.496366,Banking and Finance,Small (11-200),Laura Thompson,2024-01-06,Services,Churned Customer,7,,,233,10,2024-11-12,2024-02-10,2024,2024-01,311,-276.0,False,False,False,False,False,Small (11-200)
Krajcik-Tromp,Italy,41.902782,12.496366,Manufacturing & Production,Small (11-200),Laura Thompson,2024-05-06,SAAS,Churned Customer,7,,,854,60,2024-12-28,2024-08-10,2024,2024-05,236,-140.0,False,False,False,False,True,Small (11-200)
"Gusikowski, Erdman and Ryan",Italy,41.902782,12.496366,Education & Science,Small (11-200),Jessica Martinez,2024-05-21,Services,Churned Customer,7,,,1249,80,2025-03-17,2024-06-29,2024,2024-05,300,-261.0,False,False,False,False,False,Small (11-200)
"Renner, Bashirian and Lind",Switzerland,46.204391,6.143158,Construction & Engineering,Small (11-200),Laura Thompson,2024-03-21,SAAS,Churned Customer,7,,,1125,30,2024-04-12,2024-06-02,2024,2024-03,22,51.0,False,False,False,False,True,Small (11-200)
"Spencer, Jerde and Green",Switzerland,46.204391,6.143158,Entertainment & Media & Hospitality,Small (11-200),John Smith,2024-05-27,SAAS,Churned Customer,7,,,1411,40,2025-03-23,2024-08-29,2024,2024-05,300,-206.0,False,False,False,False,True,Small (11-200)
Maggio-Reynolds,France,48.864716,2.349014,Government Administration Healthcare,Small (11-200),Kevin Anderson,2024-02-03,SAAS,Churned Customer,7,,,1503,30,2025-01-03,2024-04-19,2024,2024-02,335,-259.0,False,False,False,False,True,Small (11-200)
Blognation,Germany,52.520008,13.404954,Banking and Finance,Micro (1-10),Kevin Anderson,2024-05-31,Custom solution,Churned Customer,7,,,206,80,2024-10-10,2024-06-17,2024,2024-05,132,-115.0,False,False,False,False,False,Micro (1-10)
Dablist,Germany,52.520008,13.404954,IT & IT Services,Micro (1-10),Kevin Anderson,2024-01-11,SAAS,Churned Customer,7,,,956,100,2024-04-26,2024-03-07,2024,2024-01,106,-50.0,False,False,False,False,True,Micro (1-10)
Meedoo,Netherlands,52.370216,4.895168,Transportation & Logistics,Micro (1-10),Michael Brown,2024-04-09,SAAS,Churned Customer,7,,,668,40,2024-09-05,2024-04-27,2024,2024-04,149,-131.0,False,False,False,False,True,Micro (1-10)
Runte Group,Austria,48.210033,16.363449,Retail & Distribution,Micro (1-10),Kevin Anderson,2024-05-08,Services,Churned Customer,7,,,721,30,2025-02-22,2024-07-20,2024,2024-05,290,-217.0,False,False,False,False,False,Micro (1-10)
VonRueden Inc,Germany,52.520008,13.404954,Transportation & Logistics,Micro (1-10),Laura Thompson,2024-03-03,Services,Churned Customer,7,,,320,20,2024-10-21,2024-03-23,2024,2024-03,232,-212.0,False,False,False,False,False,Micro (1-10)
Treutel-Willms,Italy,41.902782,12.496366,Banking and Finance,Micro (1-10),David Wilson,2024-05-17,Custom solution,Churned Customer,7,,,1074,90,2024-12-21,2024-08-15,2024,2024-05,218,-128.0,False,False,False,False,False,Micro (1-10)
"Medhurst, Weber and Waters",Italy,41.902782,12.496366,Construction & Engineering,Micro (1-10),John Smith,2024-02-15,SAAS,Churned Customer,7,,,480,70,2025-02-07,2024-05-13,2024,2024-02,358,-270.0,False,False,False,False,True,Micro (1-10)
Hansen LLC,Spain,40.416775,-3.70379,Professional Services  & Consulting,Micro (1-10),Laura Thompson,2024-01-05,Services,Churned Customer,7,,,392,20,2024-01-26,2024-03-13,2024,2024-01,21,47.0,False,False,False,False,False,Micro (1-10)
Bechtelar-Heidenreich,Italy,41.902782,12.496366,Banking and Finance,Micro (1-10),Michael Brown,2024-03-25,Services,Churned Customer,7,,,846,40,2024-08-27,2024-06-02,2024,2024-03,155,-86.0,False,False,False,False,False,Micro (1-10)
"Rosenbaum, Breitenberg and Langworth",Switzerland,46.204391,6.143158,IT & IT Services,Micro (1-10),Emily Johnson,2024-04-30,SAAS,Churned Customer,7,,,968,50,2025-01-24,2024-08-03,2024,2024-04,269,-174.0,False,False,False,False,True,Micro (1-10)
Kunde Group,Spain,40.416775,-3.70379,Agriculture & Mining,Micro (1-10),Laura Thompson,2024-01-04,Services,Churned Customer,7,,,1068,40,2024-11-12,2024-03-18,2024,2024-01,313,-239.0,False,False,False,False,False,Micro (1-10)
Abernathy and Sons,France,48.864716,2.349014,Agriculture & Mining,Micro (1-10),Laura Thompson,2024-03-27,Services,Churned Customer,7,,,617,30,2024-12-02,2024-04-01,2024,2024-03,250,-245.0,False,False,False,False,False,Micro (1-10)
"Erdman, Wilkinson and Stracke",Germany,52.520008,13.404954,Banking and Finance,Micro (1-10),Kevin Anderson,2024-01-04,Services,Churned Customer,7,,,888,30,2024-05-08,2024-02-04,2024,2024-01,125,-94.0,False,False,False,False,False,Micro (1-10)
"Bogisich, Denesik and Crona",Spain,40.416775,-3.70379,IT & IT Services,Micro (1-10),Michael Brown,2024-04-15,Custom solution,Churned Customer,7,,,364,30,2024-05-29,2024-08-12,2024,2024-04,44,75.0,False,False,False,False,False,Micro (1-10)
Davis-Schuppe,Germany,52.520008,13.404954,Banking and Finance,Micro (1-10),Jessica Martinez,2024-04-15,Services,Churned Customer,7,,,856,60,2024-09-29,2024-07-11,2024,2024-04,167,-80.0,False,False,False,False,False,Micro (1-10)
Huel-Dooley,Belgium,51.260197,4.402771,Banking and Finance,Micro (1-10),Sarah Davis,2024-02-10,SAAS,Churned Customer,7,,,555,40,2024-07-27,2024-03-18,2024,2024-02,168,-131.0,False,False,False,False,True,Micro (1-10)
Bergstrom LLC,Portugal,38.736946,-9.142685,Transportation & Logistics,Micro (1-10),Jessica Martinez,2024-04-04,Services,Churned Customer,7,,,1035,70,2024-08-20,2024-07-25,2024,2024-04,138,-26.0,False,False,False,False,False,Micro (1-10)
"Considine, Collins and Hudson",Portugal,38.736946,-9.142685,Entertainment & Media & Hospitality,Micro (1-10),Jessica Martinez,2024-02-25,SAAS,Churned Customer,7,,,566,30,2024-12-09,2024-06-01,2024,2024-02,288,-191.0,False,False,False,False,True,Micro (1-10)
Kunde-Lindgren,Netherlands,52.370216,4.895168,Telecommunications,Micro (1-10),Jessica Martinez,2024-01-18,Services,Churned Customer,7,,,722,90,2024-11-04,2024-05-03,2024,2024-01,291,-185.0,False,False,False,False,False,Micro (1-10)
Crooks Group,France,48.864716,2.349014,Telecommunications,Micro (1-10),Laura Thompson,2024-01-16,Services,Churned Customer,7,,,1000,80,2024-04-15,2024-02-03,2024,2024-01,90,-72.0,False,False,False,False,False,Micro (1-10)
O'Conner Group,Italy,41.902782,12.496366,Agriculture & Mining,Micro (1-10),Michael Brown,2024-02-18,Custom solution,Churned Customer,7,,,898,60,2024-03-27,2024-04-13,2024,2024-02,38,17.0,False,False,False,False,False,Micro (1-10)
Bogan-Goyette,Netherlands,52.370216,4.895168,Telecommunications,Micro (1-10),Laura Thompson,2024-05-23,Services,Churned Customer,7,,,786,30,2024-12-03,2024-09-10,2024,2024-05,194,-84.0,False,False,False,False,False,Micro (1-10)
"Hilll, Runolfsdottir and Barrows",Switzerland,46.204391,6.143158,Transportation & Logistics,Micro (1-10),Emily Johnson,2024-02-23,SAAS,Churned Customer,7,,,843,40,2024-06-29,2024-06-16,2024,2024-02,127,-13.0,False,False,False,False,True,Micro (1-10)
"Lubowitz, McClure and Hettinger",Spain,40.416775,-3.70379,IT & IT Services,Micro (1-10),Kevin Anderson,2024-05-01,SAAS,Churned Customer,7,,,608,20,2025-03-16,2024-08-20,2024,2024-05,319,-208.0,False,False,False,False,True,Micro (1-10)
Herman LLC,Italy,41.902782,12.496366,IT & IT Services,Micro (1-10),Laura Thompson,2024-01-05,Services,Churned Customer,7,,,285,20,2024-07-16,2024-01-22,2024,2024-01,193,-176.0,False,False,False,False,False,Micro (1-10)
Bednar-Schuppe,Portugal,38.736946,-9.142685,Retail & Distribution,Micro (1-10),Jessica Martinez,2024-03-15,Custom solution,Churned Customer,7,,,950,20,2024-12-25,2024-07-06,2024,2024-03,285,-172.0,False,False,False,False,False,Micro (1-10)
Reynolds-Olson,Germany,52.520008,13.404954,Transportation & Logistics,Micro (1-10),Jessica Martinez,2024-04-06,SAAS,Churned Customer,7,,,1095,40,2024-09-20,2024-04-06,2024,2024-04,167,-167.0,False,False,False,False,True,Micro (1-10)
"Jacobi, Johnson and Harris",France,48.864716,2.349014,Government Administration Healthcare,Micro (1-10),Laura Thompson,2024-05-21,Services,Churned Customer,7,,,668,90,2024-08-20,2024-08-07,2024,2024-05,91,-13.0,False,False,False,False,False,Micro (1-10)
Beatty Group,Belgium,51.260197,4.402771,Banking and Finance,Micro (1-10),Laura Thompson,2024-01-26,Services,Churned Customer,7,,,993,50,2024-09-29,2024-02-14,2024,2024-01,247,-228.0,False,False,False,False,False,Micro (1-10)
"Hettinger, Kuhic and Dooley",Germany,52.520008,13.404954,Banking and Finance,Micro (1-10),John Smith,2024-02-07,SAAS,Churned Customer,7,,,670,50,2024-04-09,2024-04-01,2024,2024-02,62,-8.0,False,False,False,False,True,Micro (1-10)
O'Kon-Fay,France,48.864716,2.349014,Banking and Finance,Micro (1-10),Jessica Martinez,2024-02-13,SAAS,Churned Customer,7,,,442,20,2024-09-08,2024-05-24,2024,2024-02,208,-107.0,False,False,False,False,True,Micro (1-10)
Leuschke LLC,Germany,52.520008,13.404954,Transportation & Logistics,Micro (1-10),Laura Thompson,2024-01-31,Custom solution,Churned Customer,7,,,375,70,2024-07-16,2024-03-13,2024,2024-01,167,-125.0,False,False,False,False,False,Micro (1-10)
"Dooley, Stracke and Wiegand",Italy,41.902782,12.496366,Energy & Utilities,Micro (1-10),Kevin Anderson,2024-02-28,SAAS,Churned Customer,7,,,258,40,2025-01-12,2024-04-19,2024,2024-02,319,-268.0,False,False,False,False,True,Micro (1-10)
Heathcote-Ryan,Portugal,38.736946,-9.142685,Education & Science,Micro (1-10),Michael Brown,2024-04-26,SAAS,Churned Customer,7,,,663,40,2025-02-17,2024-05-29,2024,2024-04,297,-264.0,False,False,False,False,True,Micro (1-10)
"Leuschke, Mohr and Rolfson",Switzerland,46.204391,6.143158,Transportation & Logistics,Micro (1-10),John Smith,2024-03-11,Services,Churned Customer,7,,,1039,70,2024-12-13,2024-06-14,2024,2024-03,277,-182.0,False,False,False,False,False,Micro (1-10)
Reinger and Sons,Austria,48.210033,16.363449,Banking and Finance,Micro (1-10),Jessica Martinez,2024-01-13,SAAS,Churned Customer,7,,,991,40,2024-04-30,2024-03-26,2024,2024-01,108,-35.0,False,False,False,False,True,Micro (1-10)
Klocko Group,Switzerland,46.204391,6.143158,Transportation & Logistics,Micro (1-10),Jessica Martinez,2024-01-06,SAAS,Churned Customer,7,,,820,20,2024-10-24,2024-02-09,2024,2024-01,292,-258.0,False,False,False,False,True,Micro (1-10)
"Koch, Kerluke and Kuphal",Portugal,38.736946,-9.142685,Transportation & Logistics,Micro (1-10),Laura Thompson,2024-02-20,SAAS,Churned Customer,7,,,884,100,2025-01-10,2024-04-03,2024,2024-02,325,-282.0,False,False,False,False,True,Micro (1-10)
Wolf Inc,Netherlands,52.370216,4.895168,Energy & Utilities,Micro (1-10),Sarah Davis,2024-02-22,Custom solution,Churned Customer,7,,,1057,60,2025-02-07,2024-06-14,2024,2024-02,351,-238.0,False,False,False,False,False,Micro (1-10)
Hoeger-Jakubowski,France,48.864716,2.349014,Transportation & Logistics,Micro (1-10),Jessica Martinez,2024-05-30,Services,Churned Customer,7,,,654,20,2024-11-02,2024-08-23,2024,2024-05,156,-71.0,False,False,False,False,False,Micro (1-10)
Ziemann LLC,Italy,41.902782,12.496366,Construction & Engineering,Micro (1-10),Jessica Martinez,2024-01-17,SAAS,Churned Customer,7,,,913,50,2024-03-13,2024-02-19,2024,2024-01,56,-23.0,False,False,False,False,True,Micro (1-10)
Flashspan,Spain,40.416775,-3.70379,Telecommunications,Medium (201-500),John Smith,2024-04-25,SAAS,Churned Customer,7,,,5555,50,2025-02-28,2024-04-30,2024,2024-04,309,-304.0,False,False,False,False,True,Medium (201-500)
Wordpedia,Italy,41.902782,12.496366,Transportation & Logistics,Medium (201-500),Emily Johnson,2024-04-21,Custom solution,Churned Customer,7,,,5916,10,2024-10-13,2024-06-09,2024,2024-04,175,-126.0,False,False,False,False,False,Medium (201-500)
Quaxo,Italy,41.902782,12.496366,Government Administration Healthcare,Medium (201-500),Michael Brown,2024-02-26,Services,Churned Customer,7,,,1352,20,2024-06-16,2024-04-25,2024,2024-02,111,-52.0,False,False,False,False,False,Medium (201-500)
Skivee,Portugal,38.736946,-9.142685,Recreation & Sports,Medium (201-500),Jessica Martinez,2024-05-04,Custom solution,Churned Customer,7,,,7313,90,2024-05-31,2024-08-21,2024,2024-05,27,82.0,False,False,False,False,False,Medium (201-500)
BlogXS,Spain,40.416775,-3.70379,Construction & Engineering,Medium (201-500),Jessica Martinez,2024-05-13,Custom solution,Churned Customer,7,,,481,50,2024-06-07,2024-06-21,2024,2024-05,25,14.0,False,False,False,False,False,Medium (201-500)
Buzzster,France,48.864716,2.349014,Retail & Distribution,Medium (201-500),Jessica Martinez,2024-02-23,Services,Churned Customer,7,,,5122,20,2024-07-31,2024-03-23,2024,2024-02,159,-130.0,False,False,False,False,False,Medium (201-500)
Wyman-Goodwin,Austria,48.210033,16.363449,Education & Science,Medium (201-500),Laura Thompson,2024-02-01,SAAS,Churned Customer,7,,,7898,30,2024-09-05,2024-03-02,2024,2024-02,217,-187.0,False,False,False,False,True,Medium (201-500)
Cruickshank-Weimann,Switzerland,46.204391,6.143158,IT & IT Services,Medium (201-500),Laura Thompson,2024-03-18,Custom solution,Churned Customer,7,,,5718,30,2024-08-03,2024-06-08,2024,2024-03,138,-56.0,False,False,False,False,False,Medium (201-500)
Schaden-Bode,Switzerland,46.204391,6.143158,Education & Science,Medium (201-500),David Wilson,2024-02-10,Services,Churned Customer,7,,,2849,90,2024-09-15,2024-02-16,2024,2024-02,218,-212.0,False,False,False,False,False,Medium (201-500)
Walker LLC,Spain,40.416775,-3.70379,Professional Services  & Consulting,Medium (201-500),Jessica Martinez,2024-01-12,Services,Churned Customer,7,,,3612,40,2024-07-24,2024-04-02,2024,2024-01,194,-113.0,False,False,False,False,False,Medium (201-500)
"Tremblay, Lebsack and Gerhold",Spain,40.416775,-3.70379,Transportation & Logistics,Medium (201-500),Jessica Martinez,2024-04-05,SAAS,Churned Customer,7,,,1333,20,2024-06-28,2024-06-01,2024,2024-04,84,-27.0,False,False,False,False,True,Medium (201-500)
O'Reilly-Ferry,Switzerland,46.204391,6.143158,Banking and Finance,Medium (201-500),John Smith,2024-01-18,Services,Churned Customer,7,,,2367,20,2025-01-07,2024-05-12,2024,2024-01,355,-240.0,False,False,False,False,False,Medium (201-500)
Bartoletti-Aufderhar,Germany,52.520008,13.404954,Professional Services  & Consulting,Medium (201-500),David Wilson,2024-04-07,Services,Churned Customer,7,,,3651,40,2024-07-28,2024-04-12,2024,2024-04,112,-107.0,False,False,False,False,False,Medium (201-500)
Kiehn-Kshlerin,Italy,41.902782,12.496366,Government Administration Healthcare,Medium (201-500),Michael Brown,2024-02-23,SAAS,Churned Customer,7,,,1647,10,2025-01-01,2024-05-24,2024,2024-02,313,-222.0,False,False,False,False,True,Medium (201-500)
Haley Group,Spain,40.416775,-3.70379,IT & IT Services,Medium (201-500),John Smith,2024-02-18,SAAS,Churned Customer,7,,,3098,40,2024-11-12,2024-03-01,2024,2024-02,268,-256.0,False,False,False,False,True,Medium (201-500)
"Hegmann, Larkin and Bednar",France,48.864716,2.349014,Agriculture & Mining,Medium (201-500),Kevin Anderson,2024-02-15,Services,Churned Customer,7,,,7604,40,2024-11-14,2024-03-02,2024,2024-02,273,-257.0,False,False,False,False,False,Medium (201-500)
"Lynch, Kihn and Bartell",Germany,52.520008,13.404954,Retail & Distribution,Medium (201-500),Kevin Anderson,2024-03-03,Services,Churned Customer,7,,,3858,50,2024-06-20,2024-04-01,2024,2024-03,109,-80.0,False,False,False,False,False,Medium (201-500)
"Schinner, Bogisich and Batz",Austria,48.210033,16.363449,Education & Science,Medium (201-500),Emily Johnson,2024-01-12,SAAS,Churned Customer,7,,,785,70,2024-07-17,2024-04-14,2024,2024-01,187,-94.0,False,False,False,False,True,Medium (201-500)
Grimes and Sons,Spain,40.416775,-3.70379,Government Administration Healthcare,Medium (201-500),Jessica Martinez,2024-01-20,SAAS,Churned Customer,7,,,4410,40,2024-06-10,2024-03-07,2024,2024-01,142,-95.0,False,False,False,False,True,Medium (201-500)
"VonRueden, Gerlach and Schiller",France,48.864716,2.349014,Professional Services  & Consulting,Medium (201-500),Laura Thompson,2024-04-10,Services,Churned Customer,7,,,3455,100,2024-12-11,2024-06-11,2024,2024-04,245,-183.0,False,False,False,False,False,Medium (201-500)
"Heller, Effertz and Tromp",Belgium,51.260197,4.402771,Banking and Finance,Medium (201-500),Laura Thompson,2024-02-14,SAAS,Churned Customer,7,,,7486,40,2024-12-22,2024-05-11,2024,2024-02,312,-225.0,False,False,False,False,True,Medium (201-500)
Emard-Lind,Switzerland,46.204391,6.143158,Retail & Distribution,Medium (201-500),Michael Brown,2024-03-03,Services,Churned Customer,7,,,4521,90,2024-12-12,2024-03-06,2024,2024-03,284,-281.0,False,False,False,False,False,Medium (201-500)
O'Hara-Wyman,Italy,41.902782,12.496366,Government Administration Healthcare,Medium (201-500),David Wilson,2024-05-30,SAAS,Churned Customer,7,,,1641,20,2024-07-09,2024-09-06,2024,2024-05,40,59.0,False,False,False,False,True,Medium (201-500)
Tillman-Greenholt,Italy,41.902782,12.496366,Education & Science,Medium (201-500),Michael Brown,2024-01-02,SAAS,Churned Customer,7,,,3545,40,2024-07-13,2024-04-27,2024,2024-01,193,-77.0,False,False,False,False,True,Medium (201-500)
Powlowski LLC,Italy,41.902782,12.496366,Manufacturing & Production,Medium (201-500),Jessica Martinez,2024-05-18,SAAS,Churned Customer,7,,,5862,60,2024-09-27,2024-07-06,2024,2024-05,132,-83.0,False,False,False,False,True,Medium (201-500)
O'Reilly-Stanton,Netherlands,52.370216,4.895168,IT & IT Services,Medium (201-500),Kevin Anderson,2024-03-17,Services,Churned Customer,7,,,6124,20,2024-06-28,2024-07-05,2024,2024-03,103,7.0,False,False,False,False,False,Medium (201-500)
O'Reilly-Bruen,France,48.864716,2.349014,Government Administration Healthcare,Medium (201-500),Laura Thompson,2024-02-05,Services,Churned Customer,7,,,2002,30,2024-12-23,2024-03-20,2024,2024-02,322,-278.0,False,False,False,False,False,Medium (201-500)
Kirlin and Sons,Portugal,38.736946,-9.142685,Government Administration Healthcare,Medium (201-500),Jessica Martinez,2024-01-02,Services,Churned Customer,7,,,3182,20,2024-05-05,2024-03-03,2024,2024-01,124,-63.0,False,False,False,False,False,Medium (201-500)
MacGyver LLC,Belgium,51.260197,4.402771,Agriculture & Mining,Medium (201-500),Jessica Martinez,2024-02-04,SAAS,Churned Customer,7,,,7019,30,2024-03-02,2024-05-12,2024,2024-02,27,71.0,False,False,False,False,True,Medium (201-500)
Lemke-Crooks,Italy,41.902782,12.496366,Transportation & Logistics,Medium (201-500),John Smith,2024-04-17,SAAS,Churned Customer,7,,,2816,70,2024-08-04,2024-05-18,2024,2024-04,109,-78.0,False,False,False,False,True,Medium (201-500)
"Hirthe, Grady and Cummings",Switzerland,46.204391,6.143158,Banking and Finance,Medium (201-500),Emily Johnson,2024-05-24,SAAS,Churned Customer,7,,,734,40,2024-08-04,2024-08-27,2024,2024-05,72,23.0,False,False,False,False,True,Medium (201-500)
Crooks-Wiza,Italy,41.902782,12.496366,Banking and Finance,Medium (201-500),Michael Brown,2024-03-23,SAAS,Churned Customer,7,,,7204,20,2024-11-22,2024-06-24,2024,2024-03,244,-151.0,False,False,False,False,True,Medium (201-500)
"Ortiz, Bashirian and Pfannerstill",Italy,41.902782,12.496366,Professional Services  & Consulting,Medium (201-500),Jessica Martinez,2024-04-01,SAAS,Churned Customer,7,,,2921,60,2025-02-13,2024-06-02,2024,2024-04,318,-256.0,False,False,False,False,True,Medium (201-500)
"Orn, Blanda and Oberbrunner",Portugal,38.736946,-9.142685,Government Administration Healthcare,Medium (201-500),Emily Johnson,2024-03-09,Services,Churned Customer,7,,,2653,50,2025-01-31,2024-05-30,2024,2024-03,328,-246.0,False,False,False,False,False,Medium (201-500)
Boyle Inc,France,48.864716,2.349014,Telecommunications,Medium (201-500),Sarah Davis,2024-05-29,Custom solution,Churned Customer,7,,,4849,30,2024-07-20,2024-07-23,2024,2024-05,52,3.0,False,False,False,False,False,Medium (201-500)
"Rodriguez, Little and Jast",Switzerland,46.204391,6.143158,IT & IT Services,Medium (201-500),Laura Thompson,2024-03-28,Custom solution,Churned Customer,7,,,1092,40,2025-01-02,2024-07-13,2024,2024-03,280,-173.0,False,False,False,False,False,Medium (201-500)
Bosco LLC,Portugal,38.736946,-9.142685,Entertainment & Media & Hospitality,Medium (201-500),Jessica Martinez,2024-05-10,Custom solution,Churned Customer,7,,,5902,50,2025-04-29,2024-07-27,2024,2024-05,354,-276.0,False,False,False,False,False,Medium (201-500)
Bergnaum LLC,Italy,41.902782,12.496366,Telecommunications,Medium (201-500),Michael Brown,2024-05-04,Custom solution,Churned Customer,7,,,625,40,2024-10-04,2024-08-03,2024,2024-05,153,-62.0,False,False,False,False,False,Medium (201-500)
"Corkery, Block and Frami",Italy,41.902782,12.496366,Transportation & Logistics,Medium (201-500),Emily Johnson,2024-02-01,Services,Churned Customer,7,,,7655,60,2024-03-31,2024-04-27,2024,2024-02,59,27.0,False,False,False,False,False,Medium (201-500)
"Auer, Bogisich and Kovacek",Italy,41.902782,12.496366,IT & IT Services,Medium (201-500),Michael Brown,2024-04-14,Custom solution,Churned Customer,7,,,7270,30,2024-10-03,2024-07-26,2024,2024-04,172,-69.0,False,False,False,False,False,Medium (201-500)
Jones and Sons,Italy,41.902782,12.496366,Telecommunications,Medium (201-500),Emily Johnson,2024-01-12,Custom solution,Churned Customer,7,,,6482,90,2025-01-03,2024-03-24,2024,2024-01,357,-285.0,False,False,False,False,False,Medium (201-500)
"Wilderman, Bayer and Hickle",Belgium,51.260197,4.402771,Transportation & Logistics,Medium (201-500),Laura Thompson,2024-01-10,Services,Churned Customer,7,,,3196,30,2024-05-21,2024-03-21,2024,2024-01,132,-61.0,False,False,False,False,False,Medium (201-500)
"Rutherford, Lueilwitz and Frami",Italy,41.902782,12.496366,Manufacturing & Production,Medium (201-500),Michael Brown,2024-02-01,Services,Churned Customer,7,,,5812,90,2024-12-25,2024-03-28,2024,2024-02,328,-272.0,False,False,False,False,False,Medium (201-500)
Lang LLC,Spain,40.416775,-3.70379,Transportation & Logistics,Medium (201-500),John Smith,2024-01-20,SAAS,Churned Customer,7,,,2015,100,2025-01-02,2024-02-05,2024,2024-01,348,-332.0,False,False,False,False,True,Medium (201-500)
Auer Group,Spain,40.416775,-3.70379,Agriculture & Mining,Medium (201-500),Laura Thompson,2024-01-12,Services,Churned Customer,7,,,3580,30,2024-05-29,2024-02-24,2024,2024-01,138,-95.0,False,False,False,False,False,Medium (201-500)
"Hilll, Jacobi and Cormier",Austria,48.210033,16.363449,Government Administration Healthcare,Medium (201-500),John Smith,2024-03-01,SAAS,Churned Customer,7,,,1985,60,2025-01-26,2024-06-01,2024,2024-03,331,-239.0,False,False,False,False,True,Medium (201-500)
Reinger LLC,Portugal,38.736946,-9.142685,Transportation & Logistics,Medium (201-500),Kevin Anderson,2024-02-17,Services,Churned Customer,7,,,7799,60,2024-06-21,2024-02-25,2024,2024-02,125,-117.0,False,False,False,False,False,Medium (201-500)
"Heaney, Hickle and Marquardt",Portugal,38.736946,-9.142685,IT & IT Services,Medium (201-500),Jessica Martinez,2024-05-01,Services,Churned Customer,7,,,1142,50,2024-12-05,2024-07-17,2024,2024-05,218,-141.0,False,False,False,False,False,Medium (201-500)
Hudson-Morar,Belgium,51.260197,4.402771,Government Administration Healthcare,Medium (201-500),Laura Thompson,2024-03-17,Services,Churned Customer,7,,,5858,40,2024-05-19,2024-05-02,2024,2024-03,63,-17.0,False,False,False,False,False,Medium (201-500)
Heller-Hartmann,Italy,41.902782,12.496366,Construction & Engineering,Medium (201-500),Sarah Davis,2024-02-10,SAAS,Churned Customer,7,,,2557,50,2024-05-24,2024-02-24,2024,2024-02,104,-90.0,False,False,False,False,True,Medium (201-500)
Torphy-Pouros,Portugal,38.736946,-9.142685,Banking and Finance,Medium (201-500),John Smith,2024-02-08,Services,Churned Customer,7,,,3207,60,2024-10-18,2024-06-07,2024,2024-02,253,-133.0,False,False,False,False,False,Medium (201-500)
Zulauf-Gutkowski,Italy,41.902782,12.496366,Agriculture & Mining,Medium (201-500),Michael Brown,2024-05-10,SAAS,Churned Customer,7,,,797,70,2024-11-30,2024-08-02,2024,2024-05,204,-120.0,False,False,False,False,True,Medium (201-500)
"Kunde, O'Keefe and Skiles",Germany,52.520008,13.404954,Banking and Finance,Medium (201-500),Michael Brown,2024-01-03,Services,Churned Customer,7,,,6018,40,2024-07-08,2024-04-01,2024,2024-01,187,-98.0,False,False,False,False,False,Medium (201-500)
Raynor Group,Netherlands,52.370216,4.895168,Banking and Finance,Medium (201-500),Laura Thompson,2024-02-25,Custom solution,Churned Customer,7,,,3011,90,2024-09-02,2024-05-31,2024,2024-02,190,-94.0,False,False,False,False,False,Medium (201-500)
Konopelski Group,Portugal,38.736946,-9.142685,Telecommunications,Medium (201-500),Laura Thompson,2024-01-31,Services,Churned Customer,7,,,655,80,2024-05-23,2024-02-12,2024,2024-01,113,-101.0,False,False,False,False,False,Medium (201-500)
"Johnson, Sporer and Kertzmann",Spain,40.416775,-3.70379,IT & IT Services,Medium (201-500),Emily Johnson,2024-02-07,Custom solution,Churned Customer,7,,,2589,60,2024-12-19,2024-04-15,2024,2024-02,316,-248.0,False,False,False,False,False,Medium (201-500)
"Predovic, Ryan and Wisoky",Portugal,38.736946,-9.142685,Banking and Finance,Medium (201-500),Laura Thompson,2024-05-11,SAAS,Churned Customer,7,,,2378,50,2024-09-17,2024-09-03,2024,2024-05,129,-14.0,False,False,False,False,True,Medium (201-500)
Bernhard-Padberg,Portugal,38.736946,-9.142685,Energy & Utilities,Medium (201-500),Laura Thompson,2024-03-29,SAAS,Churned Customer,7,,,4592,40,2024-12-25,2024-07-09,2024,2024-03,271,-169.0,False,False,False,False,True,Medium (201-500)
"Kemmer, Crona and Dietrich",Austria,48.210033,16.363449,Transportation & Logistics,Medium (201-500),Emily Johnson,2024-03-09,SAAS,Churned Customer,7,,,7969,30,2024-06-15,2024-07-06,2024,2024-03,98,21.0,False,False,False,False,True,Medium (201-500)
Bruen and Sons,Netherlands,52.370216,4.895168,Transportation & Logistics,Medium (201-500),Michael Brown,2024-04-28,SAAS,Churned Customer,7,,,1295,40,2024-12-24,2024-08-22,2024,2024-04,240,-124.0,False,False,False,False,True,Medium (201-500)
"Hickle, Rutherford and Ritchie",Netherlands,52.370216,4.895168,Agriculture & Mining,Medium (201-500),Laura Thompson,2024-02-13,Custom solution,Churned Customer,7,,,3184,100,2024-06-21,2024-02-15,2024,2024-02,129,-127.0,False,False,False,False,False,Medium (201-500)
"Hegmann, Jones and Schiller",Portugal,38.736946,-9.142685,IT & IT Services,Medium (201-500),Emily Johnson,2024-04-24,SAAS,Churned Customer,7,,,2931,80,2024-12-05,2024-05-07,2024,2024-04,225,-212.0,False,False,False,False,True,Medium (201-500)
"Heidenreich, Bergnaum and Gleason",Spain,40.416775,-3.70379,Education & Science,Medium (201-500),Jessica Martinez,2024-01-30,SAAS,Churned Customer,7,,,7888,10,2024-08-09,2024-02-28,2024,2024-01,192,-163.0,False,False,False,False,True,Medium (201-500)
Senger-Deckow,Germany,52.520008,13.404954,Retail & Distribution,Medium (201-500),Emily Johnson,2024-03-30,SAAS,Churned Customer,7,,,6007,50,2024-11-22,2024-07-08,2024,2024-03,237,-137.0,False,False,False,False,True,Medium (201-500)
"Krajcik, Hagenes and Cronin",Germany,52.520008,13.404954,Recreation & Sports,Medium (201-500),Emily Johnson,2024-01-19,SAAS,Churned Customer,7,,,6718,60,2024-03-05,2024-02-23,2024,2024-01,46,-11.0,False,False,False,False,True,Medium (201-500)
"Parisian, Kub and Wilderman",Italy,41.902782,12.496366,Government Administration Healthcare,Medium (201-500),Sarah Davis,2024-01-31,SAAS,Churned Customer,7,,,4828,100,2025-01-25,2024-02-16,2024,2024-01,360,-344.0,False,False,False,False,True,Medium (201-500)
Funk-Herman,Portugal,38.736946,-9.142685,Education & Science,Medium (201-500),Emily Johnson,2024-04-19,SAAS,Churned Customer,7,,,3672,90,2024-08-24,2024-07-27,2024,2024-04,127,-28.0,False,False,False,False,True,Medium (201-500)
Mraz Group,Spain,40.416775,-3.70379,Transportation & Logistics,Medium (201-500),Laura Thompson,2024-03-23,Custom solution,Churned Customer,7,,,4088,20,2024-11-28,2024-06-09,2024,2024-03,250,-172.0,False,False,False,False,False,Medium (201-500)
Oberbrunner-Moore,Portugal,38.736946,-9.142685,Education & Science,Medium (201-500),David Wilson,2024-02-04,Services,Churned Customer,7,,,1748,60,2024-03-17,2024-02-23,2024,2024-02,42,-23.0,False,False,False,False,False,Medium (201-500)
McLaughlin-Schmidt,France,48.864716,2.349014,Manufacturing & Production,Medium (201-500),Sarah Davis,2024-02-15,Custom solution,Churned Customer,7,,,3420,80,2024-10-04,2024-04-08,2024,2024-02,232,-179.0,False,False,False,False,False,Medium (201-500)
"Hane, Berge and Gleason",Switzerland,46.204391,6.143158,Professional Services  & Consulting,Medium (201-500),Jessica Martinez,2024-05-05,Services,Churned Customer,7,,,3736,90,2024-10-07,2024-07-04,2024,2024-05,155,-95.0,False,False,False,False,False,Medium (201-500)
Mynte,Italy,41.902782,12.496366,Education & Science,Large (501-1000),Michael Brown,2024-04-03,SAAS,Churned Customer,7,,,13020,30,2024-10-13,2024-05-11,2024,2024-04,193,-155.0,False,False,False,False,True,Large (501-1000)
"Borer, Cremin and Rolfson",Switzerland,46.204391,6.143158,Government Administration Healthcare,Large (501-1000),Sarah Davis,2024-05-29,Services,Churned Customer,7,,,12088,60,2025-04-11,2024-09-07,2024,2024-05,317,-216.0,False,False,False,False,False,Large (501-1000)
Hyatt and Sons,Italy,41.902782,12.496366,Government Administration Healthcare,Large (501-1000),John Smith,2024-03-13,Services,Churned Customer,7,,,8026,100,2024-11-18,2024-03-16,2024,2024-03,250,-247.0,False,False,False,False,False,Large (501-1000)
Hamill-Purdy,Italy,41.902782,12.496366,IT & IT Services,Large (501-1000),Michael Brown,2024-01-18,Services,Churned Customer,7,,,15725,10,2024-07-09,2024-04-29,2024,2024-01,173,-71.0,False,False,False,False,False,Large (501-1000)
Wiegand LLC,Switzerland,46.204391,6.143158,IT & IT Services,Large (501-1000),Jessica Martinez,2024-04-12,SAAS,Churned Customer,7,,,4292,20,2024-07-18,2024-05-07,2024,2024-04,97,-72.0,False,False,False,False,True,Large (501-1000)
Bogan-Goldner,Netherlands,52.370216,4.895168,Telecommunications,Large (501-1000),Laura Thompson,2024-03-07,Custom solution,Churned Customer,7,,,15281,30,2024-07-17,2024-03-18,2024,2024-03,132,-121.0,False,False,False,False,False,Large (501-1000)
Gabtune,Germany,52.520008,13.404954,Government Administration Healthcare,Enterprise (1001+),Emily Johnson,2024-03-07,SAAS,Churned Customer,7,,,18599,30,2024-07-27,2024-06-11,2024,2024-03,142,-46.0,False,False,False,False,True,Enterprise (1001+)
"Vandervort, Mosciski and White",France,48.864716,2.349014,Transportation & Logistics,Enterprise (1001+),Laura Thompson,2024-01-06,Custom solution,Churned Customer,7,,,2916,20,2024-09-10,2024-04-07,2024,2024-01,248,-156.0,False,False,False,False,False,Enterprise (1001+)
Labadie-Rath,Netherlands,52.370216,4.895168,Agriculture & Mining,Enterprise (1001+),Laura Thompson,2024-04-25,Custom solution,Churned Customer,7,,,13151,100,2024-06-09,2024-08-01,2024,2024-04,45,53.0,False,False,False,False,False,Enterprise (1001+)
Berge LLC,Portugal,38.736946,-9.142685,Transportation & Logistics,Enterprise (1001+),John Smith,2024-04-08,Services,Churned Customer,7,,,13724,40,2024-05-01,2024-05-31,2024,2024-04,23,30.0,False,False,False,False,False,Enterprise (1001+)
"Cole, McKenzie and Lakin",Italy,41.902782,12.496366,Transportation & Logistics,Enterprise (1001+),Jessica Martinez,2024-02-28,Custom solution,Churned Customer,7,,,2038,30,2024-08-03,2024-06-16,2024,2024-02,157,-48.0,False,False,False,False,False,Enterprise (1001+)
Quigley-Monahan,Germany,52.520008,13.404954,Education & Science,Enterprise (1001+),David Wilson,2024-05-14,Services,Churned Customer,7,,,16079,50,2025-01-19,2024-06-01,2024,2024-05,250,-232.0,False,False,False,False,False,Enterprise (1001+)
Rhycero,France,48.864716,2.349014,Banking and Finance,Small (11-200),Sarah Davis,2024-02-07,Custom solution,Customer,6,,,480,50,2024-11-07,2024-03-06,2024,2024-02,274,-246.0,False,False,False,False,False,Small (11-200)
Quimba,Portugal,38.736946,-9.142685,Banking and Finance,Small (11-200),Jessica Martinez,2024-03-29,Services,Customer,6,,,1055,90,2025-01-01,2024-07-08,2024,2024-03,278,-177.0,False,False,False,False,False,Small (11-200)
Edgeblab,Belgium,51.260197,4.402771,Agriculture & Mining,Small (11-200),Laura Thompson,2024-01-26,Services,Customer,6,,,919,60,2024-04-20,2024-03-22,2024,2024-01,85,-29.0,False,False,False,False,False,Small (11-200)
Twitternation,Austria,48.210033,16.363449,Government Administration Healthcare,Small (11-200),Jessica Martinez,2024-01-09,SAAS,Customer,6,,,1130,50,2024-10-15,2024-03-12,2024,2024-01,280,-217.0,False,False,False,False,True,Small (11-200)
"Hoeger, Flatley and Anderson",Germany,52.520008,13.404954,Transportation & Logistics,Small (11-200),Michael Brown,2024-04-20,SAAS,Customer,6,,,1936,40,2025-02-21,2024-06-14,2024,2024-04,307,-252.0,False,False,False,False,True,Small (11-200)
"Hermiston, Ziemann and Howell",Italy,41.902782,12.496366,Banking and Finance,Small (11-200),Laura Thompson,2024-02-05,Services,Customer,6,,,1643,30,2024-08-12,2024-05-30,2024,2024-02,189,-74.0,False,False,False,False,False,Small (11-200)
"Monahan, Ondricka and Nienow",Portugal,38.736946,-9.142685,Banking and Finance,Small (11-200),John Smith,2024-05-08,SAAS,Customer,6,,,1023,20,2025-01-24,2024-05-30,2024,2024-05,261,-239.0,False,False,False,False,True,Small (11-200)
"Kovacek, Hermiston and McCullough",Netherlands,52.370216,4.895168,IT & IT Services,Small (11-200),John Smith,2024-04-27,SAAS,Customer,6,,,1086,30,2024-07-22,2024-06-12,2024,2024-04,86,-40.0,False,False,False,False,True,Small (11-200)
Macejkovic LLC,Italy,41.902782,12.496366,Transportation & Logistics,Small (11-200),Laura Thompson,2024-02-26,SAAS,Customer,6,,,710,40,2024-08-18,2024-05-29,2024,2024-02,174,-81.0,False,False,False,False,True,Small (11-200)
Keeling-Sauer,Portugal,38.736946,-9.142685,Retail & Distribution,Small (11-200),Emily Johnson,2024-02-17,Services,Customer,6,,,1986,50,2024-07-17,2024-03-08,2024,2024-02,151,-131.0,False,False,False,False,False,Small (11-200)
Berge Group,Portugal,38.736946,-9.142685,Banking and Finance,Small (11-200),Laura Thompson,2024-01-22,Services,Customer,6,,,765,50,2024-07-12,2024-04-07,2024,2024-01,172,-96.0,False,False,False,False,False,Small (11-200)
Jenkins-Turcotte,France,48.864716,2.349014,Professional Services  & Consulting,Small (11-200),Laura Thompson,2024-03-18,Services,Customer,6,,,1071,30,2024-06-03,2024-05-25,2024,2024-03,77,-9.0,False,False,False,False,False,Small (11-200)
Kutch LLC,France,48.864716,2.349014,Banking and Finance,Small (11-200),Jessica Martinez,2024-02-20,SAAS,Customer,6,,,1189,20,2024-05-06,2024-04-12,2024,2024-02,76,-24.0,False,False,False,False,True,Small (11-200)
Durgan-Little,France,48.864716,2.349014,Telecommunications,Small (11-200),Laura Thompson,2024-03-05,SAAS,Customer,6,,,387,40,2024-05-23,2024-06-17,2024,2024-03,79,25.0,False,False,False,False,True,Small (11-200)
Hilpert-Wyman,Austria,48.210033,16.363449,Manufacturing & Production,Small (11-200),John Smith,2024-03-29,Services,Customer,6,,,404,70,2024-05-30,2024-06-10,2024,2024-03,62,11.0,False,False,False,False,False,Small (11-200)
Stiedemann-Roob,Italy,41.902782,12.496366,Retail & Distribution,Small (11-200),Jessica Martinez,2024-04-22,SAAS,Customer,6,,,789,50,2024-09-03,2024-06-08,2024,2024-04,134,-87.0,False,False,False,False,True,Small (11-200)
"Reichel, Runolfsdottir and Stoltenberg",Italy,41.902782,12.496366,Transportation & Logistics,Small (11-200),Emily Johnson,2024-02-26,Services,Customer,6,,,371,40,2024-08-10,2024-05-09,2024,2024-02,166,-93.0,False,False,False,False,False,Small (11-200)
"Terry, Jenkins and Baumbach",Netherlands,52.370216,4.895168,IT & IT Services,Small (11-200),Kevin Anderson,2024-05-13,SAAS,Customer,6,,,202,50,2024-10-10,2024-08-25,2024,2024-05,150,-46.0,False,False,False,False,True,Small (11-200)
Runolfsdottir-O'Conner,Italy,41.902782,12.496366,Professional Services  & Consulting,Small (11-200),Michael Brown,2024-05-12,Custom solution,Customer,6,,,951,30,2024-09-13,2024-05-21,2024,2024-05,124,-115.0,False,False,False,False,False,Small (11-200)
Kutch Group,France,48.864716,2.349014,Construction & Engineering,Small (11-200),Jessica Martinez,2024-04-16,Services,Customer,6,,,633,30,2024-07-28,2024-05-29,2024,2024-04,103,-60.0,False,False,False,False,False,Small (11-200)
"Corwin, Abbott and Robel",Austria,48.210033,16.363449,Professional Services  & Consulting,Small (11-200),Kevin Anderson,2024-04-20,SAAS,Customer,6,,,971,90,2024-07-13,2024-06-06,2024,2024-04,84,-37.0,False,False,False,False,True,Small (11-200)
"Ward, Kuhic and Torp",Switzerland,46.204391,6.143158,Energy & Utilities,Small (11-200),John Smith,2024-02-21,SAAS,Customer,6,,,1676,10,2024-11-18,2024-06-02,2024,2024-02,271,-169.0,False,False,False,False,True,Small (11-200)
Beier-Lang,France,48.864716,2.349014,IT & IT Services,Small (11-200),Jessica Martinez,2024-04-16,SAAS,Customer,6,,,809,30,2024-06-22,2024-07-28,2024,2024-04,67,36.0,False,False,False,False,True,Small (11-200)
"Auer, Hackett and Bruen",Austria,48.210033,16.363449,Agriculture & Mining,Small (11-200),Michael Brown,2024-02-28,Custom solution,Customer,6,,,304,90,2024-06-24,2024-05-05,2024,2024-02,117,-50.0,False,False,False,False,False,Small (11-200)
"Buckridge, Brekke and Daniel",Belgium,51.260197,4.402771,Manufacturing & Production,Small (11-200),Jessica Martinez,2024-04-12,SAAS,Customer,6,,,1584,40,2024-05-06,2024-06-22,2024,2024-04,24,47.0,False,False,False,False,True,Small (11-200)
Fay Inc,France,48.864716,2.349014,Education & Science,Small (11-200),Kevin Anderson,2024-05-22,Custom solution,Customer,6,,,894,30,2025-02-19,2024-08-11,2024,2024-05,273,-192.0,False,False,False,False,False,Small (11-200)
"Braun, Goldner and Durgan",France,48.864716,2.349014,Recreation & Sports,Small (11-200),Sarah Davis,2024-04-17,SAAS,Customer,6,,,1067,30,2025-03-23,2024-04-22,2024,2024-04,340,-335.0,False,False,False,False,True,Small (11-200)
Gibson-Hettinger,Netherlands,52.370216,4.895168,Professional Services  & Consulting,Small (11-200),Laura Thompson,2024-01-31,Services,Customer,6,,,1313,40,2024-06-30,2024-02-21,2024,2024-01,151,-130.0,False,False,False,False,False,Small (11-200)
"Gutmann, Kunze and Schaden",Belgium,51.260197,4.402771,Transportation & Logistics,Small (11-200),Sarah Davis,2024-01-19,Services,Customer,6,,,1219,30,2024-04-05,2024-02-27,2024,2024-01,77,-38.0,False,False,False,False,False,Small (11-200)
Schamberger-Dicki,Switzerland,46.204391,6.143158,IT & IT Services,Small (11-200),Laura Thompson,2024-03-06,Services,Customer,6,,,1363,30,2024-05-11,2024-03-21,2024,2024-03,66,-51.0,False,False,False,False,False,Small (11-200)
Harvey Inc,Netherlands,52.370216,4.895168,IT & IT Services,Small (11-200),David Wilson,2024-01-10,Custom solution,Customer,6,,,1693,80,2024-10-31,2024-01-10,2024,2024-01,295,-295.0,False,False,False,False,False,Small (11-200)
"Bins, Lakin and Daugherty",Italy,41.902782,12.496366,Retail & Distribution,Small (11-200),Sarah Davis,2024-01-04,SAAS,Customer,6,,,844,70,2024-12-18,2024-02-19,2024,2024-01,349,-303.0,False,False,False,False,True,Small (11-200)
"Reynolds, Bogisich and Block",Spain,40.416775,-3.70379,Entertainment & Media & Hospitality,Small (11-200),Emily Johnson,2024-05-23,Custom solution,Customer,6,,,1336,80,2025-01-13,2024-08-12,2024,2024-05,235,-154.0,False,False,False,False,False,Small (11-200)
"Auer, Schmeler and Morissette",Switzerland,46.204391,6.143158,Transportation & Logistics,Small (11-200),Emily Johnson,2024-03-11,Services,Customer,6,,,267,90,2024-04-06,2024-03-30,2024,2024-03,26,-7.0,False,False,False,False,False,Small (11-200)
Hegmann Group,Portugal,38.736946,-9.142685,Energy & Utilities,Small (11-200),Laura Thompson,2024-01-11,Custom solution,Customer,6,,,559,40,2024-11-23,2024-05-01,2024,2024-01,317,-206.0,False,False,False,False,False,Small (11-200)
Will-Stamm,Netherlands,52.370216,4.895168,IT & IT Services,Small (11-200),Jessica Martinez,2024-03-26,Custom solution,Customer,6,,,1204,20,2024-06-11,2024-06-19,2024,2024-03,77,8.0,False,False,False,False,False,Small (11-200)
Goldner-Weimann,France,48.864716,2.349014,Banking and Finance,Small (11-200),Laura Thompson,2024-02-21,Services,Customer,6,,,1938,20,2025-02-12,2024-03-17,2024,2024-02,357,-332.0,False,False,False,False,False,Small (11-200)
Hodkiewicz-Howe,Italy,41.902782,12.496366,Transportation & Logistics,Small (11-200),Michael Brown,2024-04-25,SAAS,Customer,6,,,985,40,2025-02-28,2024-08-21,2024,2024-04,309,-191.0,False,False,False,False,True,Small (11-200)
Keeling Inc,France,48.864716,2.349014,Telecommunications,Small (11-200),Michael Brown,2024-02-07,Services,Customer,6,,,1787,60,2024-08-18,2024-05-16,2024,2024-02,193,-94.0,False,False,False,False,False,Small (11-200)
Harris Inc,Portugal,38.736946,-9.142685,Transportation & Logistics,Small (11-200),Michael Brown,2024-03-23,SAAS,Customer,6,,,1949,50,2025-03-17,2024-05-09,2024,2024-03,359,-312.0,False,False,False,False,True,Small (11-200)
Roberts and Sons,Belgium,51.260197,4.402771,Recreation & Sports,Small (11-200),Kevin Anderson,2024-01-19,Services,Customer,6,,,1964,70,2024-10-08,2024-03-03,2024,2024-01,263,-219.0,False,False,False,False,False,Small (11-200)
Hauck-Beahan,Italy,41.902782,12.496366,Construction & Engineering,Small (11-200),Laura Thompson,2024-04-03,Services,Customer,6,,,825,50,2024-09-03,2024-08-01,2024,2024-04,153,-33.0,False,False,False,False,False,Small (11-200)
"Ryan, Toy and O'Reilly",France,48.864716,2.349014,Banking and Finance,Small (11-200),Laura Thompson,2024-05-28,SAAS,Customer,6,,,559,90,2025-03-23,2024-08-02,2024,2024-05,299,-233.0,False,False,False,False,True,Small (11-200)
Orn Inc,Germany,52.520008,13.404954,Telecommunications,Small (11-200),Michael Brown,2024-02-03,Services,Customer,6,,,1905,30,2024-07-29,2024-06-02,2024,2024-02,177,-57.0,False,False,False,False,False,Small (11-200)
Kuhlman Inc,France,48.864716,2.349014,Professional Services  & Consulting,Small (11-200),John Smith,2024-03-14,SAAS,Customer,6,,,1472,30,2024-04-18,2024-07-01,2024,2024-03,35,74.0,False,False,False,False,True,Small (11-200)
"Von, Becker and Fisher",Netherlands,52.370216,4.895168,Government Administration Healthcare,Small (11-200),Michael Brown,2024-01-10,SAAS,Customer,6,,,623,30,2024-10-25,2024-03-01,2024,2024-01,289,-238.0,False,False,False,False,True,Small (11-200)
"Mertz, Casper and Klein",Belgium,51.260197,4.402771,IT & IT Services,Small (11-200),Michael Brown,2024-03-16,Services,Customer,6,,,555,50,2025-02-20,2024-06-05,2024,2024-03,341,-260.0,False,False,False,False,False,Small (11-200)
"Botsford, King and Steuber",Austria,48.210033,16.363449,IT & IT Services,Small (11-200),Laura Thompson,2024-05-04,SAAS,Customer,6,,,1662,40,2024-09-30,2024-07-11,2024,2024-05,149,-81.0,False,False,False,False,True,Small (11-200)
Funk-Hane,France,48.864716,2.349014,Telecommunications,Small (11-200),Jessica Martinez,2024-04-09,Services,Customer,6,,,928,20,2025-01-30,2024-07-14,2024,2024-04,296,-200.0,False,False,False,False,False,Small (11-200)
Hartmann-Pollich,Spain,40.416775,-3.70379,Transportation & Logistics,Small (11-200),David Wilson,2024-04-11,Services,Customer,6,,,901,10,2025-02-04,2024-06-08,2024,2024-04,299,-241.0,False,False,False,False,False,Small (11-200)
Frami-Gusikowski,Germany,52.520008,13.404954,Government Administration Healthcare,Small (11-200),Laura Thompson,2024-03-20,SAAS,Customer,6,,,954,70,2024-06-08,2024-07-09,2024,2024-03,80,31.0,False,False,False,False,True,Small (11-200)
Lueilwitz Inc,France,48.864716,2.349014,Entertainment & Media & Hospitality,Small (11-200),Emily Johnson,2024-02-08,SAAS,Customer,6,,,1328,40,2024-03-07,2024-04-01,2024,2024-02,28,25.0,False,False,False,False,True,Small (11-200)
Kreiger-Rice,Belgium,51.260197,4.402771,Transportation & Logistics,Small (11-200),Michael Brown,2024-02-10,SAAS,Customer,6,,,1707,100,2024-11-22,2024-04-26,2024,2024-02,286,-210.0,False,False,False,False,True,Small (11-200)
Blick Inc,Switzerland,46.204391,6.143158,IT & IT Services,Small (11-200),John Smith,2024-01-07,SAAS,Customer,6,,,513,90,2024-03-13,2024-03-23,2024,2024-01,66,10.0,False,False,False,False,True,Small (11-200)
Bauch-Morar,France,48.864716,2.349014,Professional Services  & Consulting,Small (11-200),Laura Thompson,2024-05-08,Custom solution,Customer,6,,,1563,20,2024-08-05,2024-06-05,2024,2024-05,89,-61.0,False,False,False,False,False,Small (11-200)
"Auer, Deckow and Torp",Portugal,38.736946,-9.142685,Professional Services  & Consulting,Small (11-200),Jessica Martinez,2024-02-29,SAAS,Customer,6,,,1898,40,2024-10-24,2024-05-04,2024,2024-02,238,-173.0,False,False,False,False,True,Small (11-200)
Kuvalis-Strosin,Germany,52.520008,13.404954,Transportation & Logistics,Small (11-200),Michael Brown,2024-03-25,Custom solution,Customer,6,,,480,40,2024-04-23,2024-06-04,2024,2024-03,29,42.0,False,False,False,False,False,Small (11-200)
Hintz-Fadel,Belgium,51.260197,4.402771,Transportation & Logistics,Small (11-200),Jessica Martinez,2024-02-22,SAAS,Customer,6,,,563,40,2025-02-15,2024-05-11,2024,2024-02,359,-280.0,False,False,False,False,True,Small (11-200)
Kiehn-Bernier,Portugal,38.736946,-9.142685,Banking and Finance,Small (11-200),Laura Thompson,2024-01-07,Custom solution,Customer,6,,,583,60,2024-11-24,2024-03-20,2024,2024-01,322,-249.0,False,False,False,False,False,Small (11-200)
Zooxo,Switzerland,46.204391,6.143158,IT & IT Services,Micro (1-10),Sarah Davis,2024-02-14,Services,Customer,6,,,974,100,2025-01-22,2024-05-20,2024,2024-02,343,-247.0,False,False,False,False,False,Micro (1-10)
Jetpulse,Germany,52.520008,13.404954,IT & IT Services,Micro (1-10),John Smith,2024-04-18,SAAS,Customer,6,,,595,20,2025-01-26,2024-05-19,2024,2024-04,283,-252.0,False,False,False,False,True,Micro (1-10)
InnoZ,Italy,41.902782,12.496366,Transportation & Logistics,Micro (1-10),Emily Johnson,2024-01-20,SAAS,Customer,6,,,283,20,2024-11-01,2024-04-20,2024,2024-01,286,-195.0,False,False,False,False,True,Micro (1-10)
Chatterpoint,Switzerland,46.204391,6.143158,Manufacturing & Production,Micro (1-10),Michael Brown,2024-03-10,SAAS,Customer,6,,,545,30,2024-06-01,2024-05-30,2024,2024-03,83,-2.0,False,False,False,False,True,Micro (1-10)
Trunyx,Spain,40.416775,-3.70379,Transportation & Logistics,Micro (1-10),David Wilson,2024-02-24,Services,Customer,6,,,1024,30,2024-08-30,2024-04-02,2024,2024-02,188,-150.0,False,False,False,False,False,Micro (1-10)
"Luettgen, Franecki and Roberts",Portugal,38.736946,-9.142685,Government Administration Healthcare,Micro (1-10),Jessica Martinez,2024-02-10,SAAS,Customer,6,,,308,40,2024-11-14,2024-06-02,2024,2024-02,278,-165.0,False,False,False,False,True,Micro (1-10)
"Kilback, Cremin and Bergnaum",Belgium,51.260197,4.402771,Banking and Finance,Micro (1-10),Laura Thompson,2024-05-23,Services,Customer,6,,,828,60,2024-09-18,2024-07-03,2024,2024-05,118,-77.0,False,False,False,False,False,Micro (1-10)
Toy-O'Hara,Italy,41.902782,12.496366,Professional Services  & Consulting,Micro (1-10),John Smith,2024-01-16,SAAS,Customer,6,,,809,20,2024-09-10,2024-03-28,2024,2024-01,238,-166.0,False,False,False,False,True,Micro (1-10)
"Lubowitz, Herman and Fisher",Italy,41.902782,12.496366,Transportation & Logistics,Micro (1-10),Laura Thompson,2024-04-22,SAAS,Customer,6,,,535,20,2024-11-19,2024-06-19,2024,2024-04,211,-153.0,False,False,False,False,True,Micro (1-10)
"Schulist, Bailey and Dickens",Portugal,38.736946,-9.142685,Transportation & Logistics,Micro (1-10),Kevin Anderson,2024-04-03,SAAS,Customer,6,,,1129,20,2024-04-24,2024-07-28,2024,2024-04,21,95.0,False,False,False,False,True,Micro (1-10)
Jakubowski-Purdy,Spain,40.416775,-3.70379,Professional Services  & Consulting,Micro (1-10),Michael Brown,2024-04-04,SAAS,Customer,6,,,1116,100,2024-05-19,2024-06-19,2024,2024-04,45,31.0,False,False,False,False,True,Micro (1-10)
Hackett LLC,Austria,48.210033,16.363449,Transportation & Logistics,Micro (1-10),Michael Brown,2024-04-02,Services,Customer,6,,,1039,80,2024-10-18,2024-04-09,2024,2024-04,199,-192.0,False,False,False,False,False,Micro (1-10)
Gottlieb Group,Netherlands,52.370216,4.895168,Retail & Distribution,Micro (1-10),Jessica Martinez,2024-01-31,SAAS,Customer,6,,,674,30,2024-04-13,2024-01-31,2024,2024-01,73,-73.0,False,False,False,False,True,Micro (1-10)
Hermiston-Hyatt,Switzerland,46.204391,6.143158,Agriculture & Mining,Micro (1-10),Sarah Davis,2024-05-18,Custom solution,Customer,6,,,1017,20,2024-09-24,2024-07-03,2024,2024-05,129,-83.0,False,False,False,False,False,Micro (1-10)
Goldner LLC,Portugal,38.736946,-9.142685,Education & Science,Micro (1-10),Laura Thompson,2024-04-08,SAAS,Customer,6,,,824,20,2024-09-16,2024-05-15,2024,2024-04,161,-124.0,False,False,False,False,True,Micro (1-10)
"Deckow, Dicki and Pagac",Spain,40.416775,-3.70379,Professional Services  & Consulting,Micro (1-10),David Wilson,2024-02-24,Services,Customer,6,,,302,40,2024-05-09,2024-04-15,2024,2024-02,75,-24.0,False,False,False,False,False,Micro (1-10)
Kuphal-Wuckert,Belgium,51.260197,4.402771,Transportation & Logistics,Micro (1-10),Michael Brown,2024-05-02,SAAS,Customer,6,,,1076,40,2024-06-12,2024-05-31,2024,2024-05,41,-12.0,False,False,False,False,True,Micro (1-10)
Yundt-McLaughlin,Austria,48.210033,16.363449,Professional Services  & Consulting,Micro (1-10),Laura Thompson,2024-04-17,SAAS,Customer,6,,,724,60,2025-03-01,2024-05-13,2024,2024-04,318,-292.0,False,False,False,False,True,Micro (1-10)
"D'Amore, Auer and Wilkinson",Italy,41.902782,12.496366,Manufacturing & Production,Micro (1-10),Laura Thompson,2024-01-11,Services,Customer,6,,,406,10,2024-04-24,2024-03-06,2024,2024-01,104,-49.0,False,False,False,False,False,Micro (1-10)
Fahey-Kulas,Italy,41.902782,12.496366,IT & IT Services,Micro (1-10),Sarah Davis,2024-01-29,Services,Customer,6,,,622,10,2024-11-26,2024-03-09,2024,2024-01,302,-262.0,False,False,False,False,False,Micro (1-10)
"Osinski, Langworth and Auer",Switzerland,46.204391,6.143158,Agriculture & Mining,Micro (1-10),Michael Brown,2024-05-22,SAAS,Customer,6,,,717,30,2025-05-08,2024-07-20,2024,2024-05,351,-292.0,False,False,False,False,True,Micro (1-10)
"Hane, Hettinger and Denesik",Netherlands,52.370216,4.895168,Transportation & Logistics,Micro (1-10),Laura Thompson,2024-03-17,Custom solution,Customer,6,,,1081,80,2024-04-29,2024-04-14,2024,2024-03,43,-15.0,False,False,False,False,False,Micro (1-10)
Rohan Inc,Portugal,38.736946,-9.142685,IT & IT Services,Micro (1-10),Laura Thompson,2024-05-04,SAAS,Customer,6,,,1127,80,2024-06-22,2024-06-25,2024,2024-05,49,3.0,False,False,False,False,True,Micro (1-10)
"Koelpin, Bahringer and Beatty",Netherlands,52.370216,4.895168,Education & Science,Micro (1-10),Laura Thompson,2024-05-08,Services,Customer,6,,,667,60,2025-02-03,2024-06-03,2024,2024-05,271,-245.0,False,False,False,False,False,Micro (1-10)
Flatley-Metz,Germany,52.520008,13.404954,Transportation & Logistics,Micro (1-10),Kevin Anderson,2024-05-20,Services,Customer,6,,,541,30,2025-01-14,2024-06-10,2024,2024-05,239,-218.0,False,False,False,False,False,Micro (1-10)
Reilly-Dicki,Italy,41.902782,12.496366,IT & IT Services,Micro (1-10),John Smith,2024-01-19,SAAS,Customer,6,,,988,60,2024-06-15,2024-04-04,2024,2024-01,148,-72.0,False,False,False,False,True,Micro (1-10)
"Pagac, Marvin and Wilkinson",France,48.864716,2.349014,Entertainment & Media & Hospitality,Micro (1-10),Laura Thompson,2024-01-25,Services,Customer,6,,,659,40,2024-11-11,2024-03-08,2024,2024-01,291,-248.0,False,False,False,False,False,Micro (1-10)
Stanton-Adams,Italy,41.902782,12.496366,Banking and Finance,Micro (1-10),Emily Johnson,2024-02-19,Custom solution,Customer,6,,,214,30,2024-10-05,2024-03-12,2024,2024-02,229,-207.0,False,False,False,False,False,Micro (1-10)
"Ward, Rau and Ledner",Belgium,51.260197,4.402771,Agriculture & Mining,Micro (1-10),Laura Thompson,2024-01-27,SAAS,Customer,6,,,248,30,2025-01-13,2024-04-02,2024,2024-01,352,-286.0,False,False,False,False,True,Micro (1-10)
Thiel-Ullrich,Austria,48.210033,16.363449,Recreation & Sports,Micro (1-10),Laura Thompson,2024-03-13,Services,Customer,6,,,609,30,2024-05-24,2024-06-24,2024,2024-03,72,31.0,False,False,False,False,False,Micro (1-10)
Johnson-Macejkovic,Italy,41.902782,12.496366,Transportation & Logistics,Micro (1-10),John Smith,2024-04-22,Services,Customer,6,,,651,20,2024-08-08,2024-06-06,2024,2024-04,108,-63.0,False,False,False,False,False,Micro (1-10)
Koch-Lakin,Italy,41.902782,12.496366,Transportation & Logistics,Micro (1-10),Laura Thompson,2024-03-29,SAAS,Customer,6,,,341,60,2024-07-21,2024-06-23,2024,2024-03,114,-28.0,False,False,False,False,True,Micro (1-10)
Bauch-Fritsch,Belgium,51.260197,4.402771,Professional Services  & Consulting,Micro (1-10),Laura Thompson,2024-05-18,SAAS,Customer,6,,,1140,20,2025-05-05,2024-08-15,2024,2024-05,352,-263.0,False,False,False,False,True,Micro (1-10)
"Kihn, Swaniawski and Lebsack",Portugal,38.736946,-9.142685,Manufacturing & Production,Micro (1-10),David Wilson,2024-02-02,SAAS,Customer,6,,,801,40,2024-05-07,2024-04-14,2024,2024-02,95,-23.0,False,False,False,False,True,Micro (1-10)
Barrows LLC,Netherlands,52.370216,4.895168,IT & IT Services,Micro (1-10),Kevin Anderson,2024-05-17,Services,Customer,6,,,200,20,2024-07-12,2024-08-12,2024,2024-05,56,31.0,False,False,False,False,False,Micro (1-10)
"Langworth, Lemke and Carroll",Italy,41.902782,12.496366,Government Administration Healthcare,Micro (1-10),Sarah Davis,2024-02-21,Services,Customer,6,,,1048,80,2024-10-12,2024-05-25,2024,2024-02,234,-140.0,False,False,False,False,False,Micro (1-10)
"Kilback, Johns and Dicki",Portugal,38.736946,-9.142685,Recreation & Sports,Micro (1-10),Laura Thompson,2024-02-05,Services,Customer,6,,,1130,40,2024-03-25,2024-02-22,2024,2024-02,49,-32.0,False,False,False,False,False,Micro (1-10)
"Labadie, Sawayn and Ruecker",Italy,41.902782,12.496366,Transportation & Logistics,Micro (1-10),Kevin Anderson,2024-04-02,SAAS,Customer,6,,,237,50,2024-11-03,2024-05-21,2024,2024-04,215,-166.0,False,False,False,False,True,Micro (1-10)
Kazio,Portugal,38.736946,-9.142685,IT & IT Services,Medium (201-500),Kevin Anderson,2024-02-25,SAAS,Customer,6,,,947,30,2024-08-17,2024-03-01,2024,2024-02,174,-169.0,False,False,False,False,True,Medium (201-500)
Jayo,Italy,41.902782,12.496366,Transportation & Logistics,Medium (201-500),Emily Johnson,2024-02-16,SAAS,Customer,6,,,562,40,2024-11-28,2024-03-31,2024,2024-02,286,-242.0,False,False,False,False,True,Medium (201-500)
Feedspan,Germany,52.520008,13.404954,Banking and Finance,Medium (201-500),Kevin Anderson,2024-01-20,Services,Customer,6,,,3729,40,2024-04-04,2024-04-19,2024,2024-01,75,15.0,False,False,False,False,False,Medium (201-500)
Browsecat,Austria,48.210033,16.363449,IT & IT Services,Medium (201-500),Jessica Martinez,2024-03-06,Services,Customer,6,,,762,20,2024-09-02,2024-06-01,2024,2024-03,180,-93.0,False,False,False,False,False,Medium (201-500)
Layo,Portugal,38.736946,-9.142685,Transportation & Logistics,Medium (201-500),Jessica Martinez,2024-01-10,Custom solution,Customer,6,,,350,30,2024-08-19,2024-05-03,2024,2024-01,222,-108.0,False,False,False,False,False,Medium (201-500)
Photospace,Switzerland,46.204391,6.143158,Retail & Distribution,Medium (201-500),David Wilson,2024-02-28,SAAS,Customer,6,,,3350,10,2024-07-25,2024-05-27,2024,2024-02,148,-59.0,False,False,False,False,True,Medium (201-500)
Zoovu,Italy,41.902782,12.496366,Energy & Utilities,Medium (201-500),Jessica Martinez,2024-02-18,SAAS,Customer,6,,,3290,30,2025-01-16,2024-03-11,2024,2024-02,333,-311.0,False,False,False,False,True,Medium (201-500)
Topicblab,Italy,41.902782,12.496366,Manufacturing & Production,Medium (201-500),Laura Thompson,2024-04-11,Services,Customer,6,,,4608,50,2024-05-01,2024-06-16,2024,2024-04,20,46.0,False,False,False,False,False,Medium (201-500)
Kwinu,Italy,41.902782,12.496366,Entertainment & Media & Hospitality,Medium (201-500),Sarah Davis,2024-03-11,Custom solution,Customer,6,,,6457,20,2025-01-05,2024-06-30,2024,2024-03,300,-189.0,False,False,False,False,False,Medium (201-500)
Block Group,Spain,40.416775,-3.70379,Banking and Finance,Medium (201-500),Jessica Martinez,2024-05-17,Services,Customer,6,,,5322,100,2025-04-23,2024-08-27,2024,2024-05,341,-239.0,False,False,False,False,False,Medium (201-500)
Cummings-Johnson,Italy,41.902782,12.496366,Transportation & Logistics,Medium (201-500),Kevin Anderson,2024-03-05,Services,Customer,6,,,7996,60,2024-10-22,2024-04-25,2024,2024-03,231,-180.0,False,False,False,False,False,Medium (201-500)
"Bosco, Greenholt and Langworth",Belgium,51.260197,4.402771,Banking and Finance,Medium (201-500),Laura Thompson,2024-02-08,Services,Customer,6,,,4561,10,2024-10-21,2024-05-21,2024,2024-02,256,-153.0,False,False,False,False,False,Medium (201-500)
Lind-Bogisich,Switzerland,46.204391,6.143158,Transportation & Logistics,Medium (201-500),David Wilson,2024-03-16,Custom solution,Customer,6,,,6800,30,2024-12-02,2024-06-20,2024,2024-03,261,-165.0,False,False,False,False,False,Medium (201-500)
"Luettgen, Kozey and Dach",France,48.864716,2.349014,Telecommunications,Medium (201-500),Michael Brown,2024-01-25,Services,Customer,6,,,6490,30,2024-10-27,2024-03-24,2024,2024-01,276,-217.0,False,False,False,False,False,Medium (201-500)
Mante LLC,Belgium,51.260197,4.402771,Transportation & Logistics,Medium (201-500),Kevin Anderson,2024-03-16,Services,Customer,6,,,6698,60,2024-07-22,2024-04-04,2024,2024-03,128,-109.0,False,False,False,False,False,Medium (201-500)
Considine LLC,Italy,41.902782,12.496366,Professional Services  & Consulting,Medium (201-500),Laura Thompson,2024-02-27,SAAS,Customer,6,,,6609,30,2024-09-26,2024-03-08,2024,2024-02,212,-202.0,False,False,False,False,True,Medium (201-500)
Steuber Group,Italy,41.902782,12.496366,Manufacturing & Production,Medium (201-500),Laura Thompson,2024-04-17,Services,Customer,6,,,2507,10,2024-10-12,2024-06-03,2024,2024-04,178,-131.0,False,False,False,False,False,Medium (201-500)
Goyette-Reynolds,France,48.864716,2.349014,Manufacturing & Production,Medium (201-500),Laura Thompson,2024-02-24,Custom solution,Customer,6,,,6240,20,2024-04-04,2024-04-11,2024,2024-02,40,7.0,False,False,False,False,False,Medium (201-500)
Lowe and Sons,Switzerland,46.204391,6.143158,IT & IT Services,Medium (201-500),Kevin Anderson,2024-04-01,SAAS,Customer,6,,,6336,20,2024-06-20,2024-06-08,2024,2024-04,80,-12.0,False,False,False,False,True,Medium (201-500)
Williamson and Sons,Italy,41.902782,12.496366,Banking and Finance,Medium (201-500),Sarah Davis,2024-02-06,Custom solution,Customer,6,,,7930,20,2024-08-06,2024-05-17,2024,2024-02,182,-81.0,False,False,False,False,False,Medium (201-500)
Waelchi LLC,Switzerland,46.204391,6.143158,Banking and Finance,Medium (201-500),Emily Johnson,2024-04-11,SAAS,Customer,6,,,2707,30,2025-03-18,2024-04-17,2024,2024-04,341,-335.0,False,False,False,False,True,Medium (201-500)
"Ebert, Hegmann and Thiel",Spain,40.416775,-3.70379,Manufacturing & Production,Medium (201-500),Michael Brown,2024-01-11,SAAS,Customer,6,,,1865,40,2024-04-04,2024-04-03,2024,2024-01,84,-1.0,False,False,False,False,True,Medium (201-500)
"Wolf, Vandervort and Von",Portugal,38.736946,-9.142685,Transportation & Logistics,Medium (201-500),Kevin Anderson,2024-01-11,Services,Customer,6,,,209,50,2024-06-15,2024-05-09,2024,2024-01,156,-37.0,False,False,False,False,False,Medium (201-500)
Mohr-Gleichner,Portugal,38.736946,-9.142685,Entertainment & Media & Hospitality,Medium (201-500),David Wilson,2024-03-03,SAAS,Customer,6,,,212,20,2024-10-22,2024-03-23,2024,2024-03,233,-213.0,False,False,False,False,True,Medium (201-500)
"Yost, Terry and Veum",Portugal,38.736946,-9.142685,Entertainment & Media & Hospitality,Medium (201-500),Jessica Martinez,2024-04-11,SAAS,Customer,6,,,2260,20,2025-02-03,2024-08-02,2024,2024-04,298,-185.0,False,False,False,False,True,Medium (201-500)
Hartmann and Sons,Spain,40.416775,-3.70379,Construction & Engineering,Medium (201-500),Jessica Martinez,2024-02-04,SAAS,Customer,6,,,4224,40,2025-01-23,2024-03-19,2024,2024-02,354,-310.0,False,False,False,False,True,Medium (201-500)
Cronin-Walker,France,48.864716,2.349014,IT & IT Services,Medium (201-500),Sarah Davis,2024-03-31,SAAS,Customer,6,,,2344,100,2024-09-03,2024-07-06,2024,2024-03,156,-59.0,False,False,False,False,True,Medium (201-500)
Bayer-Okuneva,Germany,52.520008,13.404954,Retail & Distribution,Medium (201-500),John Smith,2024-02-04,Custom solution,Customer,6,,,5852,60,2024-08-15,2024-05-17,2024,2024-02,193,-90.0,False,False,False,False,False,Medium (201-500)
Bernhard Inc,Italy,41.902782,12.496366,Retail & Distribution,Medium (201-500),Laura Thompson,2024-03-27,Custom solution,Customer,6,,,4156,30,2025-01-18,2024-07-12,2024,2024-03,297,-190.0,False,False,False,False,False,Medium (201-500)
"O'Keefe, Witting and Emard",Belgium,51.260197,4.402771,Transportation & Logistics,Medium (201-500),Kevin Anderson,2024-05-20,SAAS,Customer,6,,,422,20,2025-03-22,2024-08-22,2024,2024-05,306,-212.0,False,False,False,False,True,Medium (201-500)
"Windler, Bogan and Osinski",Germany,52.520008,13.404954,Energy & Utilities,Medium (201-500),Michael Brown,2024-03-10,SAAS,Customer,6,,,2239,80,2024-09-28,2024-04-04,2024,2024-03,202,-177.0,False,False,False,False,True,Medium (201-500)
"Champlin, Brown and Miller",Germany,52.520008,13.404954,Manufacturing & Production,Medium (201-500),Laura Thompson,2024-01-19,Custom solution,Customer,6,,,4156,50,2024-08-03,2024-03-23,2024,2024-01,197,-133.0,False,False,False,False,False,Medium (201-500)
Kerluke LLC,Germany,52.520008,13.404954,IT & IT Services,Medium (201-500),Laura Thompson,2024-02-01,Services,Customer,6,,,1753,40,2024-11-01,2024-02-13,2024,2024-02,274,-262.0,False,False,False,False,False,Medium (201-500)
Turner-Tillman,Germany,52.520008,13.404954,Entertainment & Media & Hospitality,Medium (201-500),Emily Johnson,2024-01-12,Services,Customer,6,,,4132,40,2024-12-07,2024-01-27,2024,2024-01,330,-315.0,False,False,False,False,False,Medium (201-500)
"Kunde, Kris and Wunsch",Netherlands,52.370216,4.895168,Entertainment & Media & Hospitality,Medium (201-500),Michael Brown,2024-05-26,Services,Customer,6,,,7142,30,2024-12-30,2024-06-14,2024,2024-05,218,-199.0,False,False,False,False,False,Medium (201-500)
Hegmann and Sons,Netherlands,52.370216,4.895168,Agriculture & Mining,Medium (201-500),Jessica Martinez,2024-03-10,Services,Customer,6,,,4343,20,2024-06-24,2024-07-03,2024,2024-03,106,9.0,False,False,False,False,False,Medium (201-500)
Strosin LLC,Portugal,38.736946,-9.142685,Entertainment & Media & Hospitality,Medium (201-500),Laura Thompson,2024-03-13,SAAS,Customer,6,,,7463,20,2024-10-27,2024-04-29,2024,2024-03,228,-181.0,False,False,False,False,True,Medium (201-500)
"Heathcote, Ernser and Smitham",Portugal,38.736946,-9.142685,Retail & Distribution,Medium (201-500),Laura Thompson,2024-04-24,Custom solution,Customer,6,,,1872,40,2024-10-31,2024-05-12,2024,2024-04,190,-172.0,False,False,False,False,False,Medium (201-500)
Konopelski Inc,France,48.864716,2.349014,Banking and Finance,Medium (201-500),Michael Brown,2024-03-19,SAAS,Customer,6,,,4220,40,2025-01-21,2024-04-12,2024,2024-03,308,-284.0,False,False,False,False,True,Medium (201-500)
Kerluke-Kihn,Portugal,38.736946,-9.142685,Transportation & Logistics,Medium (201-500),Laura Thompson,2024-04-29,Services,Customer,6,,,2668,70,2024-12-05,2024-07-07,2024,2024-04,220,-151.0,False,False,False,False,False,Medium (201-500)
Barton and Sons,Germany,52.520008,13.404954,Government Administration Healthcare,Medium (201-500),Laura Thompson,2024-02-12,Services,Customer,6,,,7766,60,2024-08-13,2024-04-09,2024,2024-02,183,-126.0,False,False,False,False,False,Medium (201-500)
Nader-Rath,Germany,52.520008,13.404954,Retail & Distribution,Medium (201-500),Sarah Davis,2024-04-14,Custom solution,Customer,6,,,379,50,2024-10-26,2024-05-29,2024,2024-04,195,-150.0,False,False,False,False,False,Medium (201-500)
Hauck-Brekke,Germany,52.520008,13.404954,Government Administration Healthcare,Medium (201-500),Michael Brown,2024-01-14,Services,Customer,6,,,4188,50,2024-09-28,2024-03-23,2024,2024-01,258,-189.0,False,False,False,False,False,Medium (201-500)
Kunze-Upton,Italy,41.902782,12.496366,Professional Services  & Consulting,Medium (201-500),Michael Brown,2024-02-04,SAAS,Customer,6,,,875,30,2024-12-29,2024-03-25,2024,2024-02,329,-279.0,False,False,False,False,True,Medium (201-500)
Dare and Sons,France,48.864716,2.349014,Agriculture & Mining,Medium (201-500),Kevin Anderson,2024-05-17,Custom solution,Customer,6,,,3220,20,2025-02-03,2024-08-16,2024,2024-05,262,-171.0,False,False,False,False,False,Medium (201-500)
Welch-Stehr,Netherlands,52.370216,4.895168,Education & Science,Medium (201-500),John Smith,2024-03-04,Services,Customer,6,,,6595,40,2024-11-24,2024-06-15,2024,2024-03,265,-162.0,False,False,False,False,False,Medium (201-500)
King-Wiza,Italy,41.902782,12.496366,Banking and Finance,Medium (201-500),Michael Brown,2024-01-31,SAAS,Customer,6,,,7977,100,2024-03-25,2024-05-14,2024,2024-01,54,50.0,False,False,False,False,True,Medium (201-500)
"Maggio, Feeney and Koss",Italy,41.902782,12.496366,Telecommunications,Medium (201-500),Jessica Martinez,2024-05-03,Services,Customer,6,,,1374,50,2024-12-04,2024-06-13,2024,2024-05,215,-174.0,False,False,False,False,False,Medium (201-500)
"Upton, Wilderman and Becker",Portugal,38.736946,-9.142685,Manufacturing & Production,Medium (201-500),Jessica Martinez,2024-02-25,SAAS,Customer,6,,,1932,50,2024-06-09,2024-05-04,2024,2024-02,105,-36.0,False,False,False,False,True,Medium (201-500)
Larkin and Sons,Germany,52.520008,13.404954,Government Administration Healthcare,Medium (201-500),Jessica Martinez,2024-03-12,Custom solution,Customer,6,,,4067,90,2025-01-27,2024-05-28,2024,2024-03,321,-244.0,False,False,False,False,False,Medium (201-500)
Johns LLC,France,48.864716,2.349014,Manufacturing & Production,Medium (201-500),Michael Brown,2024-02-21,Services,Customer,6,,,7596,70,2025-01-28,2024-06-15,2024,2024-02,342,-227.0,False,False,False,False,False,Medium (201-500)
Hand-Senger,France,48.864716,2.349014,IT & IT Services,Medium (201-500),Jessica Martinez,2024-05-14,Services,Customer,6,,,425,60,2024-10-25,2024-06-26,2024,2024-05,164,-121.0,False,False,False,False,False,Medium (201-500)
"Terry, Reinger and Graham",France,48.864716,2.349014,Education & Science,Medium (201-500),Michael Brown,2024-02-12,SAAS,Customer,6,,,6071,10,2024-11-27,2024-03-05,2024,2024-02,289,-267.0,False,False,False,False,True,Medium (201-500)
Schaefer-Roob,Netherlands,52.370216,4.895168,Professional Services  & Consulting,Medium (201-500),Laura Thompson,2024-04-08,Services,Customer,6,,,2584,30,2025-02-07,2024-04-12,2024,2024-04,305,-301.0,False,False,False,False,False,Medium (201-500)
"Deckow, Jacobs and Koelpin",Austria,48.210033,16.363449,Construction & Engineering,Medium (201-500),Kevin Anderson,2024-04-10,Services,Customer,6,,,1589,10,2024-07-15,2024-05-14,2024,2024-04,96,-62.0,False,False,False,False,False,Medium (201-500)
"Metz, Kovacek and O'Reilly",Portugal,38.736946,-9.142685,Transportation & Logistics,Medium (201-500),Michael Brown,2024-05-30,SAAS,Customer,6,,,2197,50,2025-02-06,2024-09-21,2024,2024-05,252,-138.0,False,False,False,False,True,Medium (201-500)
"Brown, Hilll and Kling",Italy,41.902782,12.496366,Banking and Finance,Medium (201-500),Laura Thompson,2024-03-19,SAAS,Customer,6,,,3231,70,2024-09-29,2024-04-20,2024,2024-03,194,-162.0,False,False,False,False,True,Medium (201-500)
"Bednar, Casper and Spinka",Portugal,38.736946,-9.142685,Transportation & Logistics,Medium (201-500),Sarah Davis,2024-02-16,Services,Customer,6,,,5655,50,2025-02-01,2024-02-23,2024,2024-02,351,-344.0,False,False,False,False,False,Medium (201-500)
Schmeler and Sons,Italy,41.902782,12.496366,Transportation & Logistics,Medium (201-500),Laura Thompson,2024-05-02,SAAS,Customer,6,,,5044,20,2025-02-16,2024-06-04,2024,2024-05,290,-257.0,False,False,False,False,True,Medium (201-500)
"Stark, Friesen and Legros",Italy,41.902782,12.496366,Education & Science,Medium (201-500),Michael Brown,2024-03-04,SAAS,Customer,6,,,2271,20,2025-01-31,2024-04-28,2024,2024-03,333,-278.0,False,False,False,False,True,Medium (201-500)
"Jakubowski, Corwin and Larson",Italy,41.902782,12.496366,IT & IT Services,Medium (201-500),Jessica Martinez,2024-03-24,Custom solution,Customer,6,,,3884,30,2024-07-28,2024-07-11,2024,2024-03,126,-17.0,False,False,False,False,False,Medium (201-500)
Walter-Hagenes,Portugal,38.736946,-9.142685,Transportation & Logistics,Medium (201-500),Sarah Davis,2024-04-10,Services,Customer,6,,,3216,30,2024-10-02,2024-04-27,2024,2024-04,175,-158.0,False,False,False,False,False,Medium (201-500)
"Zemlak, Roberts and Dach",Italy,41.902782,12.496366,Government Administration Healthcare,Medium (201-500),Laura Thompson,2024-03-02,SAAS,Customer,6,,,4219,50,2024-12-25,2024-05-23,2024,2024-03,298,-216.0,False,False,False,False,True,Medium (201-500)
Wunsch-Gusikowski,Belgium,51.260197,4.402771,Government Administration Healthcare,Medium (201-500),Emily Johnson,2024-01-08,Services,Customer,6,,,5815,40,2024-06-12,2024-03-09,2024,2024-01,156,-95.0,False,False,False,False,False,Medium (201-500)
"Rempel, Weber and Keebler",Italy,41.902782,12.496366,Government Administration Healthcare,Medium (201-500),Kevin Anderson,2024-01-17,Services,Customer,6,,,4191,20,2024-03-31,2024-02-24,2024,2024-01,74,-36.0,False,False,False,False,False,Medium (201-500)
Douglas Group,Switzerland,46.204391,6.143158,IT & IT Services,Medium (201-500),Sarah Davis,2024-05-09,SAAS,Customer,6,,,3415,20,2025-03-06,2024-05-26,2024,2024-05,301,-284.0,False,False,False,False,True,Medium (201-500)
Johnson-Schoen,Spain,40.416775,-3.70379,Telecommunications,Medium (201-500),Jessica Martinez,2024-02-07,Services,Customer,6,,,2133,100,2024-04-18,2024-02-11,2024,2024-02,71,-67.0,False,False,False,False,False,Medium (201-500)
"Hickle, Nader and Baumbach",Portugal,38.736946,-9.142685,Transportation & Logistics,Large (501-1000),Jessica Martinez,2024-02-09,SAAS,Customer,6,,,14918,20,2024-06-06,2024-04-20,2024,2024-02,118,-47.0,False,False,False,False,True,Large (501-1000)
Romaguera LLC,Germany,52.520008,13.404954,Professional Services  & Consulting,Large (501-1000),Laura Thompson,2024-02-27,SAAS,Customer,6,,,7279,60,2024-11-14,2024-02-28,2024,2024-02,261,-260.0,False,False,False,False,True,Large (501-1000)
Murray LLC,Portugal,38.736946,-9.142685,Government Administration Healthcare,Enterprise (1001+),Laura Thompson,2024-04-16,Services,Customer,6,,,5064,20,2024-07-24,2024-07-20,2024,2024-04,99,-4.0,False,False,False,False,False,Enterprise (1001+)
Champlin-Stokes,Switzerland,46.204391,6.143158,Banking and Finance,Enterprise (1001+),Kevin Anderson,2024-05-06,Services,Customer,6,,,5325,50,2024-10-12,2024-07-15,2024,2024-05,159,-89.0,False,False,False,False,False,Enterprise (1001+)
"Jaskolski, Hane and Cummerata",Switzerland,46.204391,6.143158,Transportation & Logistics,Enterprise (1001+),Emily Johnson,2024-03-07,Custom solution,Customer,6,,,17797,60,2025-01-15,2024-06-28,2024,2024-03,314,-201.0,False,False,False,False,False,Enterprise (1001+)
Jacobs LLC,Belgium,51.260197,4.402771,Banking and Finance,Enterprise (1001+),Michael Brown,2024-03-10,Custom solution,Customer,6,,,19852,10,2024-08-26,2024-05-03,2024,2024-03,169,-115.0,False,False,False,False,False,Enterprise (1001+)
Nitzsche-Cartwright,Austria,48.210033,16.363449,Government Administration Healthcare,Enterprise (1001+),John Smith,2024-03-19,Custom solution,Customer,6,,,6762,100,2024-07-12,2024-05-13,2024,2024-03,115,-60.0,False,False,False,False,False,Enterprise (1001+)
Kanoodle,Switzerland,46.204391,6.143158,Transportation & Logistics,Small (11-200),David Wilson,2024-01-31,Services,Disqualified,3,,,1214,60,2025-01-11,,2024,2024-01,346,,False,False,False,False,False,Small (11-200)
Youbridge,Italy,41.902782,12.496366,Manufacturing & Production,Small (11-200),Sarah Davis,2024-05-05,Services,Disqualified,3,,,1916,20,2025-03-13,,2024,2024-05,312,,False,False,False,False,False,Small (11-200)
Jabbercube,Portugal,38.736946,-9.142685,Banking and Finance,Small (11-200),Laura Thompson,2024-05-30,Services,Disqualified,3,,,1918,20,2025-04-05,,2024,2024-05,310,,False,False,False,False,False,Small (11-200)
Dabfeed,Belgium,51.260197,4.402771,Recreation & Sports,Small (11-200),Emily Johnson,2024-04-25,Services,Disqualified,3,,,685,60,2025-03-27,,2024,2024-04,336,,False,False,False,False,False,Small (11-200)
Skiba,Switzerland,46.204391,6.143158,Banking and Finance,Small (11-200),John Smith,2024-03-13,Services,Disqualified,3,,,315,40,2024-12-10,,2024,2024-03,272,,False,False,False,False,False,Small (11-200)
Voonyx,Italy,41.902782,12.496366,Banking and Finance,Small (11-200),David Wilson,2024-01-03,Custom solution,Disqualified,3,,,810,50,2024-03-19,,2024,2024-01,76,,False,False,False,False,False,Small (11-200)
Harber and Sons,Italy,41.902782,12.496366,IT & IT Services,Small (11-200),Laura Thompson,2024-02-22,SAAS,Disqualified,3,,,717,70,2024-04-20,,2024,2024-02,58,,False,False,False,False,True,Small (11-200)
Gorczany-Hayes,Netherlands,52.370216,4.895168,Energy & Utilities,Small (11-200),Sarah Davis,2024-04-21,Services,Disqualified,3,,,1789,20,2024-06-24,,2024,2024-04,64,,False,False,False,False,False,Small (11-200)
Ritchie Inc,France,48.864716,2.349014,Construction & Engineering,Small (11-200),Michael Brown,2024-02-29,SAAS,Disqualified,3,,,1311,30,2024-10-13,,2024,2024-02,227,,False,False,False,False,True,Small (11-200)
Strosin-Romaguera,Portugal,38.736946,-9.142685,Recreation & Sports,Small (11-200),Laura Thompson,2024-05-17,Services,Disqualified,3,,,1025,20,2024-06-20,,2024,2024-05,34,,False,False,False,False,False,Small (11-200)
Wyman-Homenick,Germany,52.520008,13.404954,IT & IT Services,Small (11-200),Jessica Martinez,2024-03-19,SAAS,Disqualified,3,,,1330,30,2024-09-14,,2024,2024-03,179,,False,False,False,False,True,Small (11-200)
"Koelpin, Gulgowski and Boyle",Italy,41.902782,12.496366,Recreation & Sports,Small (11-200),Michael Brown,2024-05-30,Services,Disqualified,3,,,924,20,2025-04-04,,2024,2024-05,309,,False,False,False,False,False,Small (11-200)
"Daniel, Kshlerin and VonRueden",Germany,52.520008,13.404954,Transportation & Logistics,Small (11-200),Jessica Martinez,2024-04-21,Services,Disqualified,3,,,352,20,2024-12-30,,2024,2024-04,253,,False,False,False,False,False,Small (11-200)
Macejkovic Group,Switzerland,46.204391,6.143158,Energy & Utilities,Small (11-200),Michael Brown,2024-03-05,Services,Disqualified,3,,,779,30,2025-01-17,,2024,2024-03,318,,False,False,False,False,False,Small (11-200)
Volkman and Sons,Portugal,38.736946,-9.142685,Banking and Finance,Small (11-200),Sarah Davis,2024-04-18,SAAS,Disqualified,3,,,1369,10,2024-05-27,,2024,2024-04,39,,False,False,False,False,True,Small (11-200)
Russel Group,France,48.864716,2.349014,Construction & Engineering,Small (11-200),Laura Thompson,2024-04-27,SAAS,Disqualified,3,,,585,50,2024-06-09,,2024,2024-04,43,,False,False,False,False,True,Small (11-200)
"Romaguera, Fadel and Jast",Switzerland,46.204391,6.143158,Banking and Finance,Small (11-200),John Smith,2024-05-09,Services,Disqualified,3,,,372,100,2025-04-18,,2024,2024-05,344,,False,False,False,False,False,Small (11-200)
"Kris, Bode and Fisher",France,48.864716,2.349014,Manufacturing & Production,Small (11-200),Laura Thompson,2024-04-27,Services,Disqualified,3,,,1915,30,2024-10-21,,2024,2024-04,177,,False,False,False,False,False,Small (11-200)
"Sawayn, Hansen and Marquardt",Germany,52.520008,13.404954,Government Administration Healthcare,Small (11-200),John Smith,2024-02-24,Services,Disqualified,3,,,1932,90,2024-09-26,,2024,2024-02,215,,False,False,False,False,False,Small (11-200)
"Kutch, Batz and McGlynn",France,48.864716,2.349014,Government Administration Healthcare,Small (11-200),Laura Thompson,2024-04-15,Services,Disqualified,3,,,1366,40,2024-08-12,,2024,2024-04,119,,False,False,False,False,False,Small (11-200)
Mohr-Bogisich,Italy,41.902782,12.496366,Transportation & Logistics,Small (11-200),David Wilson,2024-05-19,SAAS,Disqualified,3,,,1379,60,2025-01-05,,2024,2024-05,231,,False,False,False,False,True,Small (11-200)
Christiansen Inc,Germany,52.520008,13.404954,Banking and Finance,Small (11-200),Laura Thompson,2024-01-03,SAAS,Disqualified,3,,,689,90,2024-11-14,,2024,2024-01,316,,False,False,False,False,True,Small (11-200)
Adams-Koch,Austria,48.210033,16.363449,IT & IT Services,Small (11-200),David Wilson,2024-03-24,SAAS,Disqualified,3,,,791,50,2024-09-24,,2024,2024-03,184,,False,False,False,False,True,Small (11-200)
Ebert-Howe,Austria,48.210033,16.363449,Agriculture & Mining,Small (11-200),Jessica Martinez,2024-01-25,Services,Disqualified,3,,,680,20,2024-09-24,,2024,2024-01,243,,False,False,False,False,False,Small (11-200)
Collins Group,Italy,41.902782,12.496366,Banking and Finance,Small (11-200),David Wilson,2024-01-28,Services,Disqualified,3,,,655,90,2024-12-11,,2024,2024-01,318,,False,False,False,False,False,Small (11-200)
"Russel, Beahan and Hoppe",Austria,48.210033,16.363449,Government Administration Healthcare,Small (11-200),Kevin Anderson,2024-01-13,Services,Disqualified,3,,,1273,20,2024-03-08,,2024,2024-01,55,,False,False,False,False,False,Small (11-200)
"Jast, Upton and Bosco",Portugal,38.736946,-9.142685,Transportation & Logistics,Small (11-200),Jessica Martinez,2024-05-19,Services,Disqualified,3,,,556,20,2025-03-21,,2024,2024-05,306,,False,False,False,False,False,Small (11-200)
Schimmel-Doyle,Italy,41.902782,12.496366,Education & Science,Small (11-200),Laura Thompson,2024-02-18,Services,Disqualified,3,,,281,20,2024-09-16,,2024,2024-02,211,,False,False,False,False,False,Small (11-200)
Schneider-Lesch,Switzerland,46.204391,6.143158,Entertainment & Media & Hospitality,Small (11-200),John Smith,2024-05-10,SAAS,Disqualified,3,,,598,40,2024-12-11,,2024,2024-05,215,,False,False,False,False,True,Small (11-200)
Harris-Boyle,Switzerland,46.204391,6.143158,Banking and Finance,Small (11-200),Emily Johnson,2024-04-04,Services,Disqualified,3,,,1896,100,2024-12-28,,2024,2024-04,268,,False,False,False,False,False,Small (11-200)
"Wehner, Botsford and Brown",Spain,40.416775,-3.70379,Professional Services  & Consulting,Small (11-200),Emily Johnson,2024-02-29,SAAS,Disqualified,3,,,1206,70,2025-01-24,,2024,2024-02,330,,False,False,False,False,True,Small (11-200)
Wilkinson-Jast,Spain,40.416775,-3.70379,Government Administration Healthcare,Small (11-200),Laura Thompson,2024-03-16,Services,Disqualified,3,,,1915,10,2025-02-09,,2024,2024-03,330,,False,False,False,False,False,Small (11-200)
Littel-Cummerata,Switzerland,46.204391,6.143158,Entertainment & Media & Hospitality,Small (11-200),Laura Thompson,2024-02-11,Services,Disqualified,3,,,766,30,2024-05-29,,2024,2024-02,108,,False,False,False,False,False,Small (11-200)
"Weber, Morissette and Douglas",Spain,40.416775,-3.70379,Banking and Finance,Small (11-200),Michael Brown,2024-04-18,SAAS,Disqualified,3,,,1609,80,2024-08-02,,2024,2024-04,106,,False,False,False,False,True,Small (11-200)
"Ondricka, Will and Goldner",Austria,48.210033,16.363449,Energy & Utilities,Small (11-200),Jessica Martinez,2024-03-23,SAAS,Disqualified,3,,,560,60,2024-05-01,,2024,2024-03,39,,False,False,False,False,True,Small (11-200)
Tromp-Walter,France,48.864716,2.349014,Energy & Utilities,Small (11-200),Michael Brown,2024-01-02,Services,Disqualified,3,,,432,20,2024-09-26,,2024,2024-01,268,,False,False,False,False,False,Small (11-200)
Schumm-Dickens,Switzerland,46.204391,6.143158,Banking and Finance,Small (11-200),Emily Johnson,2024-05-20,SAAS,Disqualified,3,,,625,90,2024-06-24,,2024,2024-05,35,,False,False,False,False,True,Small (11-200)
Hessel-Grant,Belgium,51.260197,4.402771,Telecommunications,Small (11-200),Michael Brown,2024-04-04,Services,Disqualified,3,,,980,30,2024-06-25,,2024,2024-04,82,,False,False,False,False,False,Small (11-200)
"Mayer, Cruickshank and Spencer",Italy,41.902782,12.496366,Transportation & Logistics,Small (11-200),Sarah Davis,2024-04-02,SAAS,Disqualified,3,,,1471,40,2025-02-23,,2024,2024-04,327,,False,False,False,False,True,Small (11-200)
"O'Reilly, Hane and Toy",Spain,40.416775,-3.70379,Telecommunications,Small (11-200),Michael Brown,2024-04-20,SAAS,Disqualified,3,,,900,40,2024-07-01,,2024,2024-04,72,,False,False,False,False,True,Small (11-200)
"Upton, Pacocha and Keeling",Germany,52.520008,13.404954,Professional Services  & Consulting,Small (11-200),Sarah Davis,2024-01-28,SAAS,Disqualified,3,,,1289,60,2024-07-25,,2024,2024-01,179,,False,False,False,False,True,Small (11-200)
"Leffler, Daniel and Runolfsdottir",France,48.864716,2.349014,Construction & Engineering,Small (11-200),John Smith,2024-05-31,Custom solution,Disqualified,3,,,250,20,2025-01-02,,2024,2024-05,216,,False,False,False,False,False,Small (11-200)
Nienow Inc,France,48.864716,2.349014,IT & IT Services,Small (11-200),David Wilson,2024-02-05,Services,Disqualified,3,,,657,40,2024-04-23,,2024,2024-02,78,,False,False,False,False,False,Small (11-200)
Ernser-Franecki,Germany,52.520008,13.404954,Professional Services  & Consulting,Small (11-200),Sarah Davis,2024-01-18,Services,Disqualified,3,,,1258,60,2024-06-01,,2024,2024-01,135,,False,False,False,False,False,Small (11-200)
Stroman Inc,Portugal,38.736946,-9.142685,Education & Science,Small (11-200),Jessica Martinez,2024-05-03,Services,Disqualified,3,,,360,30,2024-06-22,,2024,2024-05,50,,False,False,False,False,False,Small (11-200)
"Cartwright, Medhurst and Harris",France,48.864716,2.349014,Entertainment & Media & Hospitality,Small (11-200),Michael Brown,2024-04-18,SAAS,Disqualified,3,,,1626,50,2024-08-14,,2024,2024-04,118,,False,False,False,False,True,Small (11-200)
Torp and Sons,Italy,41.902782,12.496366,Recreation & Sports,Small (11-200),Jessica Martinez,2024-02-15,SAAS,Disqualified,3,,,472,50,2024-10-06,,2024,2024-02,234,,False,False,False,False,True,Small (11-200)
"Russel, Upton and Kuhn",Austria,48.210033,16.363449,Transportation & Logistics,Small (11-200),Emily Johnson,2024-05-08,Services,Disqualified,3,,,727,40,2024-10-20,,2024,2024-05,165,,False,False,False,False,False,Small (11-200)
"Huels, Gottlieb and Hoppe",Switzerland,46.204391,6.143158,Government Administration Healthcare,Small (11-200),Jessica Martinez,2024-01-29,Custom solution,Disqualified,3,,,1801,90,2024-07-03,,2024,2024-01,156,,False,False,False,False,False,Small (11-200)
Podcat,Switzerland,46.204391,6.143158,Manufacturing & Production,Micro (1-10),Laura Thompson,2024-03-19,SAAS,Disqualified,3,,,926,30,2025-02-25,,2024,2024-03,343,,False,False,False,False,True,Micro (1-10)
Bubblemix,Italy,41.902782,12.496366,Telecommunications,Micro (1-10),Laura Thompson,2024-03-04,Services,Disqualified,3,,,438,30,2024-08-01,,2024,2024-03,150,,False,False,False,False,False,Micro (1-10)
Aibox,Italy,41.902782,12.496366,Recreation & Sports,Micro (1-10),Jessica Martinez,2024-01-05,Services,Disqualified,3,,,577,30,2024-06-29,,2024,2024-01,176,,False,False,False,False,False,Micro (1-10)
Topdrive,Germany,52.520008,13.404954,Professional Services  & Consulting,Micro (1-10),Michael Brown,2024-03-18,Services,Disqualified,3,,,530,40,2025-01-27,,2024,2024-03,315,,False,False,False,False,False,Micro (1-10)
Shuffledrive,Austria,48.210033,16.363449,Telecommunications,Micro (1-10),Michael Brown,2024-01-02,SAAS,Disqualified,3,,,696,60,2024-12-18,,2024,2024-01,351,,False,False,False,False,True,Micro (1-10)
Abatz,Belgium,51.260197,4.402771,Banking and Finance,Micro (1-10),Laura Thompson,2024-04-29,SAAS,Disqualified,3,,,214,20,2024-05-21,,2024,2024-04,22,,False,False,False,False,True,Micro (1-10)
Demivee,Italy,41.902782,12.496366,Agriculture & Mining,Micro (1-10),Sarah Davis,2024-04-16,SAAS,Disqualified,3,,,744,30,2024-12-22,,2024,2024-04,250,,False,False,False,False,True,Micro (1-10)
Oyoloo,Belgium,51.260197,4.402771,Energy & Utilities,Micro (1-10),Jessica Martinez,2024-02-14,Services,Disqualified,3,,,368,50,2024-07-23,,2024,2024-02,160,,False,False,False,False,False,Micro (1-10)
"Reichel, Hamill and Hand",Netherlands,52.370216,4.895168,Banking and Finance,Micro (1-10),Kevin Anderson,2024-04-15,Services,Disqualified,3,,,963,30,2024-11-20,,2024,2024-04,219,,False,False,False,False,False,Micro (1-10)
Johns-Blanda,Germany,52.520008,13.404954,Transportation & Logistics,Micro (1-10),Laura Thompson,2024-05-08,Services,Disqualified,3,,,960,50,2025-02-12,,2024,2024-05,280,,False,False,False,False,False,Micro (1-10)
Carroll-Collier,France,48.864716,2.349014,Entertainment & Media & Hospitality,Micro (1-10),Michael Brown,2024-04-20,SAAS,Disqualified,3,,,1053,10,2024-08-29,,2024,2024-04,131,,False,False,False,False,True,Micro (1-10)
McKenzie and Sons,Switzerland,46.204391,6.143158,Manufacturing & Production,Micro (1-10),Sarah Davis,2024-05-13,SAAS,Disqualified,3,,,1035,50,2025-01-05,,2024,2024-05,237,,False,False,False,False,True,Micro (1-10)
Abbott-Schumm,France,48.864716,2.349014,Recreation & Sports,Micro (1-10),David Wilson,2024-04-03,SAAS,Disqualified,3,,,951,50,2025-03-02,,2024,2024-04,333,,False,False,False,False,True,Micro (1-10)
Watsica LLC,Switzerland,46.204391,6.143158,Government Administration Healthcare,Micro (1-10),Laura Thompson,2024-05-05,SAAS,Disqualified,3,,,788,20,2025-03-02,,2024,2024-05,301,,False,False,False,False,True,Micro (1-10)
"Bradtke, Kuhic and Wiza",France,48.864716,2.349014,Banking and Finance,Micro (1-10),Laura Thompson,2024-01-23,Custom solution,Disqualified,3,,,674,50,2024-06-05,,2024,2024-01,134,,False,False,False,False,False,Micro (1-10)
Kilback LLC,France,48.864716,2.349014,Construction & Engineering,Micro (1-10),John Smith,2024-01-28,Services,Disqualified,3,,,1140,20,2024-03-07,,2024,2024-01,39,,False,False,False,False,False,Micro (1-10)
"Treutel, Tillman and Wuckert",Switzerland,46.204391,6.143158,Telecommunications,Micro (1-10),Kevin Anderson,2024-04-22,Services,Disqualified,3,,,1087,90,2024-11-02,,2024,2024-04,194,,False,False,False,False,False,Micro (1-10)
"Erdman, Ward and Aufderhar",Italy,41.902782,12.496366,Education & Science,Micro (1-10),Michael Brown,2024-05-03,Services,Disqualified,3,,,1110,30,2024-12-30,,2024,2024-05,241,,False,False,False,False,False,Micro (1-10)
Smith LLC,France,48.864716,2.349014,Transportation & Logistics,Micro (1-10),Kevin Anderson,2024-02-07,SAAS,Disqualified,3,,,885,70,2024-04-24,,2024,2024-02,77,,False,False,False,False,True,Micro (1-10)
O'Kon-Watsica,France,48.864716,2.349014,Transportation & Logistics,Micro (1-10),Michael Brown,2024-01-23,SAAS,Disqualified,3,,,1174,60,2025-01-03,,2024,2024-01,346,,False,False,False,False,True,Micro (1-10)
Beer-Carter,France,48.864716,2.349014,IT & IT Services,Micro (1-10),David Wilson,2024-02-08,SAAS,Disqualified,3,,,350,50,2024-05-25,,2024,2024-02,107,,False,False,False,False,True,Micro (1-10)
Hilll Inc,Italy,41.902782,12.496366,Construction & Engineering,Micro (1-10),Jessica Martinez,2024-04-03,Services,Disqualified,3,,,552,30,2025-01-10,,2024,2024-04,282,,False,False,False,False,False,Micro (1-10)
Maggio LLC,Portugal,38.736946,-9.142685,Professional Services  & Consulting,Micro (1-10),David Wilson,2024-05-19,Custom solution,Disqualified,3,,,595,40,2024-12-23,,2024,2024-05,218,,False,False,False,False,False,Micro (1-10)
Connelly-Thompson,Italy,41.902782,12.496366,Transportation & Logistics,Micro (1-10),Michael Brown,2024-05-14,SAAS,Disqualified,3,,,341,90,2025-03-24,,2024,2024-05,314,,False,False,False,False,True,Micro (1-10)
"Lind, Mueller and O'Conner",Switzerland,46.204391,6.143158,Education & Science,Micro (1-10),Sarah Davis,2024-03-06,SAAS,Disqualified,3,,,586,100,2025-03-03,,2024,2024-03,362,,False,False,False,False,True,Micro (1-10)
Torphy and Sons,Italy,41.902782,12.496366,Manufacturing & Production,Micro (1-10),Sarah Davis,2024-01-18,Services,Disqualified,3,,,798,20,2024-12-26,,2024,2024-01,343,,False,False,False,False,False,Micro (1-10)
Williamson-Nicolas,Switzerland,46.204391,6.143158,Construction & Engineering,Micro (1-10),Sarah Davis,2024-04-15,SAAS,Disqualified,3,,,1038,50,2025-03-03,,2024,2024-04,322,,False,False,False,False,True,Micro (1-10)
Howe and Sons,France,48.864716,2.349014,Recreation & Sports,Micro (1-10),Laura Thompson,2024-02-14,Custom solution,Disqualified,3,,,461,40,2024-08-16,,2024,2024-02,184,,False,False,False,False,False,Micro (1-10)
Wisoky and Sons,Austria,48.210033,16.363449,Recreation & Sports,Micro (1-10),Jessica Martinez,2024-04-28,SAAS,Disqualified,3,,,726,40,2024-06-18,,2024,2024-04,51,,False,False,False,False,True,Micro (1-10)
"Johnston, Ankunding and Raynor",Italy,41.902782,12.496366,IT & IT Services,Micro (1-10),Michael Brown,2024-03-17,SAAS,Disqualified,3,,,830,60,2024-09-02,,2024,2024-03,169,,False,False,False,False,True,Micro (1-10)
Daniel-Hackett,Germany,52.520008,13.404954,Telecommunications,Micro (1-10),Michael Brown,2024-01-13,SAAS,Disqualified,3,,,278,50,2024-12-09,,2024,2024-01,331,,False,False,False,False,True,Micro (1-10)
Wilkinson-Wolff,Germany,52.520008,13.404954,Entertainment & Media & Hospitality,Micro (1-10),Laura Thompson,2024-04-21,Services,Disqualified,3,,,958,70,2025-01-28,,2024,2024-04,282,,False,False,False,False,False,Micro (1-10)
"Cummerata, Tillman and Konopelski",Portugal,38.736946,-9.142685,Telecommunications,Micro (1-10),Jessica Martinez,2024-03-25,SAAS,Disqualified,3,,,926,20,2025-01-09,,2024,2024-03,290,,False,False,False,False,True,Micro (1-10)
"Pfeffer, Terry and Kiehn",Portugal,38.736946,-9.142685,Education & Science,Micro (1-10),David Wilson,2024-01-07,SAAS,Disqualified,3,,,620,70,2024-08-04,,2024,2024-01,210,,False,False,False,False,True,Micro (1-10)
Cremin Inc,Austria,48.210033,16.363449,Professional Services  & Consulting,Micro (1-10),Laura Thompson,2024-04-10,SAAS,Disqualified,3,,,636,60,2025-04-03,,2024,2024-04,358,,False,False,False,False,True,Micro (1-10)
"Hauck, Hermiston and Hodkiewicz",Austria,48.210033,16.363449,Professional Services  & Consulting,Micro (1-10),Michael Brown,2024-01-22,Services,Disqualified,3,,,982,50,2024-10-12,,2024,2024-01,264,,False,False,False,False,False,Micro (1-10)
Wyman Group,Austria,48.210033,16.363449,Banking and Finance,Micro (1-10),Laura Thompson,2024-01-24,Services,Disqualified,3,,,982,60,2024-08-14,,2024,2024-01,203,,False,False,False,False,False,Micro (1-10)
"Marvin, Maggio and Herman",Germany,52.520008,13.404954,Entertainment & Media & Hospitality,Micro (1-10),John Smith,2024-03-08,Services,Disqualified,3,,,367,100,2024-12-28,,2024,2024-03,295,,False,False,False,False,False,Micro (1-10)
Aufderhar-Daugherty,Italy,41.902782,12.496366,Banking and Finance,Micro (1-10),Laura Thompson,2024-01-06,SAAS,Disqualified,3,,,1098,40,2024-04-24,,2024,2024-01,109,,False,False,False,False,True,Micro (1-10)
Brown-Erdman,Germany,52.520008,13.404954,Transportation & Logistics,Micro (1-10),David Wilson,2024-04-22,Custom solution,Disqualified,3,,,664,20,2024-12-29,,2024,2024-04,251,,False,False,False,False,False,Micro (1-10)
Kub and Sons,Portugal,38.736946,-9.142685,Energy & Utilities,Micro (1-10),David Wilson,2024-05-22,Services,Disqualified,3,,,990,70,2025-01-03,,2024,2024-05,226,,False,False,False,False,False,Micro (1-10)
"Towne, Jacobs and Runte",France,48.864716,2.349014,Transportation & Logistics,Micro (1-10),Michael Brown,2024-01-21,Custom solution,Disqualified,3,,,1162,40,2024-04-18,,2024,2024-01,88,,False,False,False,False,False,Micro (1-10)
Jatri,Switzerland,46.204391,6.143158,Professional Services  & Consulting,Medium (201-500),Laura Thompson,2024-02-21,SAAS,Disqualified,3,,,3506,40,2025-02-16,,2024,2024-02,361,,False,False,False,False,True,Medium (201-500)
Yodo,Italy,41.902782,12.496366,Professional Services  & Consulting,Medium (201-500),John Smith,2024-05-08,SAAS,Disqualified,3,,,289,40,2024-08-13,,2024,2024-05,97,,False,False,False,False,True,Medium (201-500)
Skalith,Switzerland,46.204391,6.143158,Agriculture & Mining,Medium (201-500),Laura Thompson,2024-05-14,Services,Disqualified,3,,,6754,30,2024-06-05,,2024,2024-05,22,,False,False,False,False,False,Medium (201-500)
Vinder,Italy,41.902782,12.496366,Education & Science,Medium (201-500),Sarah Davis,2024-03-12,Services,Disqualified,3,,,6897,40,2025-01-13,,2024,2024-03,307,,False,False,False,False,False,Medium (201-500)
Photojam,Portugal,38.736946,-9.142685,Agriculture & Mining,Medium (201-500),David Wilson,2024-05-03,SAAS,Disqualified,3,,,1437,50,2025-03-20,,2024,2024-05,321,,False,False,False,False,True,Medium (201-500)
Voonix,Spain,40.416775,-3.70379,Recreation & Sports,Medium (201-500),David Wilson,2024-04-24,Services,Disqualified,3,,,3994,30,2025-02-13,,2024,2024-04,295,,False,False,False,False,False,Medium (201-500)
Dynabox,Italy,41.902782,12.496366,Retail & Distribution,Medium (201-500),Emily Johnson,2024-01-24,Custom solution,Disqualified,3,,,5221,40,2024-10-06,,2024,2024-01,256,,False,False,False,False,False,Medium (201-500)
Riffpath,Spain,40.416775,-3.70379,Professional Services  & Consulting,Medium (201-500),David Wilson,2024-05-16,Services,Disqualified,3,,,3292,60,2025-04-01,,2024,2024-05,320,,False,False,False,False,False,Medium (201-500)
Tambee,Austria,48.210033,16.363449,Banking and Finance,Medium (201-500),John Smith,2024-03-19,SAAS,Disqualified,3,,,5877,50,2024-12-05,,2024,2024-03,261,,False,False,False,False,True,Medium (201-500)
Feedmix,Portugal,38.736946,-9.142685,IT & IT Services,Medium (201-500),Jessica Martinez,2024-04-18,Services,Disqualified,3,,,7026,40,2024-11-07,,2024,2024-04,203,,False,False,False,False,False,Medium (201-500)
Babbleset,Belgium,51.260197,4.402771,Banking and Finance,Medium (201-500),Emily Johnson,2024-02-06,Services,Disqualified,3,,,692,20,2024-04-24,,2024,2024-02,78,,False,False,False,False,False,Medium (201-500)
Flashdog,Belgium,51.260197,4.402771,Government Administration Healthcare,Medium (201-500),Michael Brown,2024-05-16,SAAS,Disqualified,3,,,5158,40,2024-08-09,,2024,2024-05,85,,False,False,False,False,True,Medium (201-500)
Myworks,Belgium,51.260197,4.402771,Energy & Utilities,Medium (201-500),David Wilson,2024-05-08,SAAS,Disqualified,3,,,1485,60,2024-11-03,,2024,2024-05,179,,False,False,False,False,True,Medium (201-500)
Feedfire,Switzerland,46.204391,6.143158,Government Administration Healthcare,Medium (201-500),Michael Brown,2024-03-08,SAAS,Disqualified,3,,,3139,90,2024-11-13,,2024,2024-03,250,,False,False,False,False,True,Medium (201-500)
Cogilith,Portugal,38.736946,-9.142685,Transportation & Logistics,Medium (201-500),Jessica Martinez,2024-04-18,Custom solution,Disqualified,3,,,7646,10,2024-11-22,,2024,2024-04,218,,False,False,False,False,False,Medium (201-500)
Vinte,Belgium,51.260197,4.402771,Transportation & Logistics,Medium (201-500),Sarah Davis,2024-02-05,Services,Disqualified,3,,,7893,30,2024-04-30,,2024,2024-02,85,,False,False,False,False,False,Medium (201-500)
Flashpoint,Italy,41.902782,12.496366,IT & IT Services,Medium (201-500),Jessica Martinez,2024-01-19,Services,Disqualified,3,,,2490,30,2024-03-03,,2024,2024-01,44,,False,False,False,False,False,Medium (201-500)
Meembee,Portugal,38.736946,-9.142685,Education & Science,Medium (201-500),Michael Brown,2024-05-24,SAAS,Disqualified,3,,,6309,40,2024-09-05,,2024,2024-05,104,,False,False,False,False,True,Medium (201-500)
Brightdog,Italy,41.902782,12.496366,Telecommunications,Medium (201-500),Michael Brown,2024-05-28,Services,Disqualified,3,,,7162,40,2024-07-21,,2024,2024-05,54,,False,False,False,False,False,Medium (201-500)
Edgepulse,Switzerland,46.204391,6.143158,Retail & Distribution,Medium (201-500),Emily Johnson,2024-05-14,Services,Disqualified,3,,,6188,80,2025-01-05,,2024,2024-05,236,,False,False,False,False,False,Medium (201-500)
Wunsch Inc,Italy,41.902782,12.496366,Entertainment & Media & Hospitality,Medium (201-500),David Wilson,2024-03-08,Services,Disqualified,3,,,3823,70,2024-04-05,,2024,2024-03,28,,False,False,False,False,False,Medium (201-500)
Wisoky-Schneider,Italy,41.902782,12.496366,IT & IT Services,Medium (201-500),Jessica Martinez,2024-03-27,Custom solution,Disqualified,3,,,6203,90,2024-09-16,,2024,2024-03,173,,False,False,False,False,False,Medium (201-500)
Gutmann-Williamson,Spain,40.416775,-3.70379,IT & IT Services,Medium (201-500),Emily Johnson,2024-03-10,Custom solution,Disqualified,3,,,7516,40,2024-07-28,,2024,2024-03,140,,False,False,False,False,False,Medium (201-500)
Breitenberg Inc,Portugal,38.736946,-9.142685,Agriculture & Mining,Medium (201-500),Sarah Davis,2024-01-10,Custom solution,Disqualified,3,,,7850,50,2024-05-18,,2024,2024-01,129,,False,False,False,False,False,Medium (201-500)
Koelpin and Sons,France,48.864716,2.349014,IT & IT Services,Medium (201-500),Kevin Anderson,2024-04-24,Services,Disqualified,3,,,7065,80,2025-04-16,,2024,2024-04,357,,False,False,False,False,False,Medium (201-500)
"Bernhard, Lindgren and Harvey",Portugal,38.736946,-9.142685,Recreation & Sports,Medium (201-500),Sarah Davis,2024-05-19,Services,Disqualified,3,,,2090,40,2025-05-14,,2024,2024-05,360,,False,False,False,False,False,Medium (201-500)
Stoltenberg-Weimann,Italy,41.902782,12.496366,Telecommunications,Medium (201-500),Michael Brown,2024-04-12,SAAS,Disqualified,3,,,7110,50,2025-02-22,,2024,2024-04,316,,False,False,False,False,True,Medium (201-500)
Wilderman-Romaguera,Switzerland,46.204391,6.143158,Retail & Distribution,Medium (201-500),David Wilson,2024-03-19,Services,Disqualified,3,,,7626,30,2025-02-26,,2024,2024-03,344,,False,False,False,False,False,Medium (201-500)
Luettgen-Gorczany,Netherlands,52.370216,4.895168,Professional Services  & Consulting,Medium (201-500),Michael Brown,2024-04-03,Custom solution,Disqualified,3,,,6993,20,2024-11-07,,2024,2024-04,218,,False,False,False,False,False,Medium (201-500)
Gleason Group,Portugal,38.736946,-9.142685,Energy & Utilities,Medium (201-500),Laura Thompson,2024-04-15,Services,Disqualified,3,,,423,60,2025-04-09,,2024,2024-04,359,,False,False,False,False,False,Medium (201-500)
Yost-Stiedemann,Germany,52.520008,13.404954,Banking and Finance,Medium (201-500),Michael Brown,2024-01-27,Custom solution,Disqualified,3,,,4590,40,2024-07-20,,2024,2024-01,175,,False,False,False,False,False,Medium (201-500)
Pagac LLC,Belgium,51.260197,4.402771,Entertainment & Media & Hospitality,Medium (201-500),John Smith,2024-02-23,Services,Disqualified,3,,,3253,20,2024-08-24,,2024,2024-02,183,,False,False,False,False,False,Medium (201-500)
Turcotte-Abshire,France,48.864716,2.349014,Banking and Finance,Medium (201-500),Michael Brown,2024-03-16,SAAS,Disqualified,3,,,7482,40,2024-06-25,,2024,2024-03,101,,False,False,False,False,True,Medium (201-500)
Goodwin-Bernier,France,48.864716,2.349014,IT & IT Services,Medium (201-500),John Smith,2024-01-17,SAAS,Disqualified,3,,,4776,30,2024-05-22,,2024,2024-01,126,,False,False,False,False,True,Medium (201-500)
Shields and Sons,Austria,48.210033,16.363449,Banking and Finance,Medium (201-500),John Smith,2024-02-28,Custom solution,Disqualified,3,,,4750,40,2024-06-15,,2024,2024-02,108,,False,False,False,False,False,Medium (201-500)
Gulgowski Group,France,48.864716,2.349014,IT & IT Services,Medium (201-500),Laura Thompson,2024-02-25,SAAS,Disqualified,3,,,6320,50,2024-11-06,,2024,2024-02,255,,False,False,False,False,True,Medium (201-500)
Paucek-Hodkiewicz,Belgium,51.260197,4.402771,Transportation & Logistics,Medium (201-500),Laura Thompson,2024-05-08,Services,Disqualified,3,,,3005,20,2025-03-05,,2024,2024-05,301,,False,False,False,False,False,Medium (201-500)
Kreiger Inc,Portugal,38.736946,-9.142685,Energy & Utilities,Medium (201-500),Michael Brown,2024-03-10,SAAS,Disqualified,3,,,6130,30,2024-10-02,,2024,2024-03,206,,False,False,False,False,True,Medium (201-500)
Schinner Group,Portugal,38.736946,-9.142685,Education & Science,Medium (201-500),Jessica Martinez,2024-03-18,SAAS,Disqualified,3,,,6360,60,2024-10-18,,2024,2024-03,214,,False,False,False,False,True,Medium (201-500)
Haag Inc,Italy,41.902782,12.496366,Manufacturing & Production,Medium (201-500),Michael Brown,2024-02-13,SAAS,Disqualified,3,,,3613,30,2025-01-24,,2024,2024-02,346,,False,False,False,False,True,Medium (201-500)
"Ratke, Runolfsson and Pollich",Austria,48.210033,16.363449,IT & IT Services,Medium (201-500),Jessica Martinez,2024-02-05,SAAS,Disqualified,3,,,3494,10,2024-08-11,,2024,2024-02,188,,False,False,False,False,True,Medium (201-500)
"Hodkiewicz, Stanton and Howell",Italy,41.902782,12.496366,Recreation & Sports,Medium (201-500),Michael Brown,2024-01-11,Services,Disqualified,3,,,7581,50,2024-12-04,,2024,2024-01,328,,False,False,False,False,False,Medium (201-500)
"Koepp, Walsh and Kovacek",France,48.864716,2.349014,Professional Services  & Consulting,Medium (201-500),John Smith,2024-04-23,SAAS,Disqualified,3,,,5827,30,2025-03-21,,2024,2024-04,332,,False,False,False,False,True,Medium (201-500)
McLaughlin-Baumbach,Portugal,38.736946,-9.142685,Manufacturing & Production,Medium (201-500),Laura Thompson,2024-04-24,Services,Disqualified,3,,,7754,50,2025-01-25,,2024,2024-04,276,,False,False,False,False,False,Medium (201-500)
"Koepp, Kihn and Yost",Netherlands,52.370216,4.895168,Banking and Finance,Medium (201-500),Jessica Martinez,2024-04-19,Services,Disqualified,3,,,542,10,2024-06-05,,2024,2024-04,47,,False,False,False,False,False,Medium (201-500)
Aufderhar-Donnelly,France,48.864716,2.349014,Banking and Finance,Medium (201-500),Michael Brown,2024-05-12,SAAS,Disqualified,3,,,5161,40,2024-09-16,,2024,2024-05,127,,False,False,False,False,True,Medium (201-500)
Cassin LLC,Italy,41.902782,12.496366,Professional Services  & Consulting,Medium (201-500),John Smith,2024-04-26,Services,Disqualified,3,,,860,30,2025-04-03,,2024,2024-04,342,,False,False,False,False,False,Medium (201-500)
Hoppe-Price,Switzerland,46.204391,6.143158,Energy & Utilities,Medium (201-500),Sarah Davis,2024-04-02,Services,Disqualified,3,,,2664,30,2024-08-01,,2024,2024-04,121,,False,False,False,False,False,Medium (201-500)
Stracke-West,France,48.864716,2.349014,IT & IT Services,Medium (201-500),Laura Thompson,2024-04-30,Services,Disqualified,3,,,7808,20,2024-11-04,,2024,2024-04,188,,False,False,False,False,False,Medium (201-500)
Hessel-Miller,France,48.864716,2.349014,Entertainment & Media & Hospitality,Medium (201-500),Emily Johnson,2024-05-22,Services,Disqualified,3,,,5821,30,2024-06-13,,2024,2024-05,22,,False,False,False,False,False,Medium (201-500)
Murazik-Towne,France,48.864716,2.349014,IT & IT Services,Medium (201-500),Kevin Anderson,2024-04-16,SAAS,Disqualified,3,,,6404,40,2024-07-22,,2024,2024-04,97,,False,False,False,False,True,Medium (201-500)
"Prohaska, Hahn and Klocko",Belgium,51.260197,4.402771,Agriculture & Mining,Medium (201-500),Laura Thompson,2024-05-31,Services,Disqualified,3,,,1872,20,2025-03-06,,2024,2024-05,279,,False,False,False,False,False,Medium (201-500)
"Schaefer, Feest and Watsica",Austria,48.210033,16.363449,Education & Science,Medium (201-500),Michael Brown,2024-03-15,SAAS,Disqualified,3,,,7798,40,2025-02-28,,2024,2024-03,350,,False,False,False,False,True,Medium (201-500)
Lind and Sons,Germany,52.520008,13.404954,Manufacturing & Production,Medium (201-500),Michael Brown,2024-03-02,SAAS,Disqualified,3,,,2725,50,2024-07-01,,2024,2024-03,121,,False,False,False,False,True,Medium (201-500)
Swaniawski-Quigley,France,48.864716,2.349014,Construction & Engineering,Medium (201-500),Emily Johnson,2024-03-10,SAAS,Disqualified,3,,,653,40,2024-07-20,,2024,2024-03,132,,False,False,False,False,True,Medium (201-500)
Effertz-Pfannerstill,Netherlands,52.370216,4.895168,Recreation & Sports,Medium (201-500),Kevin Anderson,2024-05-31,Services,Disqualified,3,,,3845,50,2024-12-22,,2024,2024-05,205,,False,False,False,False,False,Medium (201-500)
Becker LLC,Portugal,38.736946,-9.142685,Transportation & Logistics,Medium (201-500),Emily Johnson,2024-03-27,Services,Disqualified,3,,,2862,70,2024-06-03,,2024,2024-03,68,,False,False,False,False,False,Medium (201-500)
Thompson-Schaefer,Austria,48.210033,16.363449,Transportation & Logistics,Medium (201-500),Emily Johnson,2024-01-03,SAAS,Disqualified,3,,,6413,30,2024-09-16,,2024,2024-01,257,,False,False,False,False,True,Medium (201-500)
Jones LLC,France,48.864716,2.349014,Government Administration Healthcare,Medium (201-500),Emily Johnson,2024-02-04,Services,Disqualified,3,,,5296,30,2024-03-18,,2024,2024-02,43,,False,False,False,False,False,Medium (201-500)
Spencer-Beahan,Switzerland,46.204391,6.143158,Telecommunications,Medium (201-500),Jessica Martinez,2024-01-10,Services,Disqualified,3,,,2269,30,2024-12-16,,2024,2024-01,341,,False,False,False,False,False,Medium (201-500)
Hessel-Conn,Spain,40.416775,-3.70379,IT & IT Services,Medium (201-500),Jessica Martinez,2024-02-11,SAAS,Disqualified,3,,,5129,30,2024-04-04,,2024,2024-02,53,,False,False,False,False,True,Medium (201-500)
"Skiles, Sawayn and Bradtke",Switzerland,46.204391,6.143158,Agriculture & Mining,Medium (201-500),John Smith,2024-01-14,SAAS,Disqualified,3,,,3756,20,2024-06-13,,2024,2024-01,151,,False,False,False,False,True,Medium (201-500)
"Okuneva, Dooley and Schaden",Belgium,51.260197,4.402771,Construction & Engineering,Medium (201-500),Laura Thompson,2024-04-03,SAAS,Disqualified,3,,,7165,40,2024-12-02,,2024,2024-04,243,,False,False,False,False,True,Medium (201-500)
"Kub, Aufderhar and Ward",Switzerland,46.204391,6.143158,Transportation & Logistics,Medium (201-500),Emily Johnson,2024-01-20,Custom solution,Disqualified,3,,,1241,40,2024-09-09,,2024,2024-01,233,,False,False,False,False,False,Medium (201-500)
Orn-Kassulke,Switzerland,46.204391,6.143158,Transportation & Logistics,Medium (201-500),John Smith,2024-03-17,SAAS,Disqualified,3,,,4487,40,2025-02-02,,2024,2024-03,322,,False,False,False,False,True,Medium (201-500)
"Mills, Ortiz and McGlynn",Netherlands,52.370216,4.895168,Retail & Distribution,Medium (201-500),Kevin Anderson,2024-02-21,SAAS,Disqualified,3,,,1725,60,2024-06-11,,2024,2024-02,111,,False,False,False,False,True,Medium (201-500)
Gleason-Price,France,48.864716,2.349014,Construction & Engineering,Medium (201-500),Laura Thompson,2024-05-02,Services,Disqualified,3,,,2081,70,2024-05-24,,2024,2024-05,22,,False,False,False,False,False,Medium (201-500)
Schaden and Sons,Spain,40.416775,-3.70379,IT & IT Services,Medium (201-500),Emily Johnson,2024-01-08,Services,Disqualified,3,,,4044,60,2024-08-12,,2024,2024-01,217,,False,False,False,False,False,Medium (201-500)
Von and Sons,Switzerland,46.204391,6.143158,Transportation & Logistics,Medium (201-500),Jessica Martinez,2024-02-20,Services,Disqualified,3,,,741,60,2024-05-19,,2024,2024-02,89,,False,False,False,False,False,Medium (201-500)
Bartell-Kirlin,Switzerland,46.204391,6.143158,Transportation & Logistics,Medium (201-500),Emily Johnson,2024-04-26,Services,Disqualified,3,,,5826,40,2024-12-18,,2024,2024-04,236,,False,False,False,False,False,Medium (201-500)
Gutkowski-Baumbach,Switzerland,46.204391,6.143158,Banking and Finance,Medium (201-500),Jessica Martinez,2024-01-27,SAAS,Disqualified,3,,,6543,20,2024-04-13,,2024,2024-01,77,,False,False,False,False,True,Medium (201-500)
"Osinski, Wisoky and Schimmel",Spain,40.416775,-3.70379,IT & IT Services,Medium (201-500),John Smith,2024-04-24,Services,Disqualified,3,,,1554,50,2025-02-24,,2024,2024-04,306,,False,False,False,False,False,Medium (201-500)
Schneider-Schuppe,Switzerland,46.204391,6.143158,Transportation & Logistics,Medium (201-500),Laura Thompson,2024-05-10,Services,Disqualified,3,,,3931,10,2024-10-08,,2024,2024-05,151,,False,False,False,False,False,Medium (201-500)
"Crist, Okuneva and Veum",Belgium,51.260197,4.402771,Transportation & Logistics,Medium (201-500),Michael Brown,2024-04-16,Custom solution,Disqualified,3,,,5437,90,2024-10-06,,2024,2024-04,173,,False,False,False,False,False,Medium (201-500)
Rosenbaum-Upton,Spain,40.416775,-3.70379,Banking and Finance,Medium (201-500),Jessica Martinez,2024-04-10,Services,Disqualified,3,,,3858,90,2025-03-08,,2024,2024-04,332,,False,False,False,False,False,Medium (201-500)
Wolf Group,Belgium,51.260197,4.402771,Manufacturing & Production,Medium (201-500),David Wilson,2024-04-28,SAAS,Disqualified,3,,,5767,20,2024-06-10,,2024,2024-04,43,,False,False,False,False,True,Medium (201-500)
"Nolan, D'Amore and Wyman",Spain,40.416775,-3.70379,Transportation & Logistics,Medium (201-500),Emily Johnson,2024-03-15,Services,Disqualified,3,,,1713,50,2024-10-29,,2024,2024-03,228,,False,False,False,False,False,Medium (201-500)
"Kunde, Reinger and Jerde",Switzerland,46.204391,6.143158,Government Administration Healthcare,Medium (201-500),Kevin Anderson,2024-04-17,SAAS,Disqualified,3,,,2750,30,2024-12-09,,2024,2024-04,236,,False,False,False,False,True,Medium (201-500)
Edgeclub,Germany,52.520008,13.404954,Banking and Finance,Large (501-1000),Laura Thompson,2024-03-13,SAAS,Disqualified,3,,,5353,30,2024-07-19,,2024,2024-03,128,,False,False,False,False,True,Large (501-1000)
Schmidt-Beier,Italy,41.902782,12.496366,Banking and Finance,Large (501-1000),Laura Thompson,2024-03-28,Custom solution,Disqualified,3,,,19224,30,2024-05-21,,2024,2024-03,54,,False,False,False,False,False,Large (501-1000)
Smitham and Sons,Germany,52.520008,13.404954,IT & IT Services,Large (501-1000),Michael Brown,2024-03-26,Services,Disqualified,3,,,5474,50,2024-05-22,,2024,2024-03,57,,False,False,False,False,False,Large (501-1000)
"Spencer, Langworth and Hackett",Austria,48.210033,16.363449,Recreation & Sports,Enterprise (1001+),John Smith,2024-02-10,SAAS,Disqualified,3,,,13724,20,2024-09-10,,2024,2024-02,213,,False,False,False,False,True,Enterprise (1001+)
Lebsack LLC,Italy,41.902782,12.496366,Manufacturing & Production,Enterprise (1001+),Michael Brown,2024-05-22,Custom solution,Disqualified,3,,,11121,20,2024-12-24,,2024,2024-05,216,,False,False,False,False,False,Enterprise (1001+)
Muller Inc,Germany,52.520008,13.404954,Transportation & Logistics,Enterprise (1001+),John Smith,2024-01-29,Custom solution,Disqualified,3,,,14687,70,2024-12-31,,2024,2024-01,337,,False,False,False,False,False,Enterprise (1001+)
Oberbrunner-Metz,Italy,41.902782,12.496366,Education & Science,Enterprise (1001+),John Smith,2024-04-14,SAAS,Disqualified,3,,,4281,60,2024-09-12,,2024,2024-04,151,,False,False,False,False,True,Enterprise (1001+)
Schamberger-Rutherford,Italy,41.902782,12.496366,Banking and Finance,Enterprise (1001+),Kevin Anderson,2024-05-02,Custom solution,Disqualified,3,,,3063,100,2025-02-13,,2024,2024-05,287,,False,False,False,False,False,Enterprise (1001+)
Trilia,Italy,41.902782,12.496366,Transportation & Logistics,Small (11-200),Emily Johnson,2024-01-02,SAAS,New,1,,,478,50,2024-10-31,,2024,2024-01,303,,False,False,False,False,True,Small (11-200)
Yotz,Belgium,51.260197,4.402771,IT & IT Services,Small (11-200),Laura Thompson,2024-05-10,Custom solution,New,1,,,1380,80,2024-11-06,,2024,2024-05,180,,False,False,False,False,False,Small (11-200)
Teklist,Germany,52.520008,13.404954,Transportation & Logistics,Small (11-200),Laura Thompson,2024-01-26,Services,New,1,,,396,60,2024-11-03,,2024,2024-01,282,,False,False,False,False,False,Small (11-200)
Tagopia,France,48.864716,2.349014,Telecommunications,Small (11-200),Emily Johnson,2024-01-06,SAAS,New,1,,,1087,30,2024-05-17,,2024,2024-01,132,,False,False,False,False,True,Small (11-200)
Skyvu,Austria,48.210033,16.363449,Transportation & Logistics,Small (11-200),Laura Thompson,2024-03-23,SAAS,New,1,,,590,30,2025-03-22,,2024,2024-03,364,,False,False,False,False,True,Small (11-200)
Divanoodle,Portugal,38.736946,-9.142685,Banking and Finance,Small (11-200),John Smith,2024-05-15,Custom solution,New,1,,,1668,90,2024-07-17,,2024,2024-05,63,,False,False,False,False,False,Small (11-200)
Meeveo,Spain,40.416775,-3.70379,Agriculture & Mining,Small (11-200),John Smith,2024-02-25,SAAS,New,1,,,680,30,2025-01-14,,2024,2024-02,324,,False,False,False,False,True,Small (11-200)
Avamm,Switzerland,46.204391,6.143158,Professional Services  & Consulting,Small (11-200),Jessica Martinez,2024-05-25,SAAS,New,1,,,474,40,2025-03-25,,2024,2024-05,304,,False,False,False,False,True,Small (11-200)
Edgetag,Italy,41.902782,12.496366,Professional Services  & Consulting,Small (11-200),Jessica Martinez,2024-03-04,Services,New,1,,,1850,20,2024-10-05,,2024,2024-03,215,,False,False,False,False,False,Small (11-200)
Photolist,Portugal,38.736946,-9.142685,IT & IT Services,Small (11-200),Kevin Anderson,2024-02-03,Custom solution,New,1,,,1007,90,2024-11-27,,2024,2024-02,298,,False,False,False,False,False,Small (11-200)
Tavu,Italy,41.902782,12.496366,Professional Services  & Consulting,Small (11-200),Kevin Anderson,2024-04-11,Services,New,1,,,1345,90,2024-05-22,,2024,2024-04,41,,False,False,False,False,False,Small (11-200)
Jetwire,Germany,52.520008,13.404954,Manufacturing & Production,Small (11-200),Jessica Martinez,2024-05-27,Services,New,1,,,1038,50,2024-12-14,,2024,2024-05,201,,False,False,False,False,False,Small (11-200)
Ntag,Portugal,38.736946,-9.142685,Education & Science,Small (11-200),David Wilson,2024-04-03,SAAS,New,1,,,458,20,2024-09-14,,2024,2024-04,164,,False,False,False,False,True,Small (11-200)
Twinte,Italy,41.902782,12.496366,Transportation & Logistics,Small (11-200),Laura Thompson,2024-05-12,Services,New,1,,,442,30,2024-12-24,,2024,2024-05,226,,False,False,False,False,False,Small (11-200)
Livepath,Switzerland,46.204391,6.143158,Transportation & Logistics,Small (11-200),Laura Thompson,2024-04-27,SAAS,New,1,,,1997,50,2025-04-11,,2024,2024-04,349,,False,False,False,False,True,Small (11-200)
Meetz,Austria,48.210033,16.363449,Education & Science,Small (11-200),David Wilson,2024-03-28,Custom solution,New,1,,,1717,20,2024-05-23,,2024,2024-03,56,,False,False,False,False,False,Small (11-200)
Gigaclub,Germany,52.520008,13.404954,Energy & Utilities,Small (11-200),David Wilson,2024-01-03,SAAS,New,1,,,1640,30,2024-11-30,,2024,2024-01,332,,False,False,False,False,True,Small (11-200)
Yadel,Italy,41.902782,12.496366,Manufacturing & Production,Small (11-200),Emily Johnson,2024-05-01,Services,New,1,,,855,70,2025-02-23,,2024,2024-05,298,,False,False,False,False,False,Small (11-200)
Eabox,France,48.864716,2.349014,Recreation & Sports,Small (11-200),Jessica Martinez,2024-03-12,Services,New,1,,,1056,100,2025-03-10,,2024,2024-03,363,,False,False,False,False,False,Small (11-200)
Dabjam,Netherlands,52.370216,4.895168,Manufacturing & Production,Small (11-200),John Smith,2024-02-27,Custom solution,New,1,,,966,10,2024-06-13,,2024,2024-02,107,,False,False,False,False,False,Small (11-200)
Blogpad,Switzerland,46.204391,6.143158,Professional Services  & Consulting,Small (11-200),Jessica Martinez,2024-02-27,Custom solution,New,1,,,344,40,2024-10-11,,2024,2024-02,227,,False,False,False,False,False,Small (11-200)
Topiczoom,Belgium,51.260197,4.402771,Recreation & Sports,Small (11-200),Michael Brown,2024-05-29,Services,New,1,,,407,70,2025-04-13,,2024,2024-05,319,,False,False,False,False,False,Small (11-200)
Rhyloo,Portugal,38.736946,-9.142685,Energy & Utilities,Small (11-200),Kevin Anderson,2024-01-21,Services,New,1,,,1965,40,2025-01-17,,2024,2024-01,362,,False,False,False,False,False,Small (11-200)
Mydo,Austria,48.210033,16.363449,Energy & Utilities,Small (11-200),Laura Thompson,2024-01-07,Custom solution,New,1,,,1494,20,2024-06-14,,2024,2024-01,159,,False,False,False,False,False,Small (11-200)
Thoughtstorm,Germany,52.520008,13.404954,Energy & Utilities,Small (11-200),David Wilson,2024-03-13,Custom solution,New,1,,,1837,10,2024-04-06,,2024,2024-03,24,,False,False,False,False,False,Small (11-200)
Topicware,Germany,52.520008,13.404954,Construction & Engineering,Small (11-200),John Smith,2024-03-31,Services,New,1,,,1175,20,2025-01-10,,2024,2024-03,285,,False,False,False,False,False,Small (11-200)
Tekfly,France,48.864716,2.349014,Telecommunications,Small (11-200),David Wilson,2024-03-09,Services,New,1,,,617,40,2024-06-10,,2024,2024-03,93,,False,False,False,False,False,Small (11-200)
Wikivu,Italy,41.902782,12.496366,Transportation & Logistics,Small (11-200),David Wilson,2024-01-28,Services,New,1,,,1538,50,2024-10-14,,2024,2024-01,260,,False,False,False,False,False,Small (11-200)
"Schroeder, Reichert and Hettinger",Netherlands,52.370216,4.895168,Banking and Finance,Small (11-200),Kevin Anderson,2024-01-06,SAAS,New,1,,,434,50,2024-10-21,,2024,2024-01,289,,False,False,False,False,True,Small (11-200)
"Gorczany, Kuphal and Mayert",Netherlands,52.370216,4.895168,Professional Services  & Consulting,Small (11-200),Laura Thompson,2024-02-27,Custom solution,New,1,,,870,60,2025-01-20,,2024,2024-02,328,,False,False,False,False,False,Small (11-200)
"Dietrich, Boehm and Corkery",Italy,41.902782,12.496366,Education & Science,Small (11-200),Kevin Anderson,2024-05-30,SAAS,New,1,,,1225,30,2024-09-26,,2024,2024-05,119,,False,False,False,False,True,Small (11-200)
"Murphy, Schuster and Kub",Switzerland,46.204391,6.143158,Government Administration Healthcare,Small (11-200),Laura Thompson,2024-01-04,SAAS,New,1,,,1804,50,2024-03-04,,2024,2024-01,60,,False,False,False,False,True,Small (11-200)
Pouros-Schneider,Portugal,38.736946,-9.142685,Construction & Engineering,Small (11-200),Jessica Martinez,2024-01-17,Custom solution,New,1,,,1063,60,2024-02-25,,2024,2024-01,39,,False,False,False,False,False,Small (11-200)
"Crist, Price and Johns",Austria,48.210033,16.363449,Government Administration Healthcare,Small (11-200),David Wilson,2024-03-03,SAAS,New,1,,,341,10,2025-02-18,,2024,2024-03,352,,False,False,False,False,True,Small (11-200)
Littel LLC,Switzerland,46.204391,6.143158,Agriculture & Mining,Small (11-200),John Smith,2024-03-14,Services,New,1,,,1454,20,2024-05-13,,2024,2024-03,60,,False,False,False,False,False,Small (11-200)
Wisozk-Thompson,France,48.864716,2.349014,Banking and Finance,Small (11-200),Laura Thompson,2024-04-06,SAAS,New,1,,,263,80,2024-09-26,,2024,2024-04,173,,False,False,False,False,True,Small (11-200)
D'Amore Group,France,48.864716,2.349014,IT & IT Services,Small (11-200),Jessica Martinez,2024-05-25,Custom solution,New,1,,,976,100,2024-11-07,,2024,2024-05,166,,False,False,False,False,False,Small (11-200)
Mitchell Group,Belgium,51.260197,4.402771,Government Administration Healthcare,Small (11-200),Sarah Davis,2024-01-08,SAAS,New,1,,,1977,60,2024-08-14,,2024,2024-01,219,,False,False,False,False,True,Small (11-200)
Lowe-Grimes,France,48.864716,2.349014,Professional Services  & Consulting,Small (11-200),Sarah Davis,2024-02-14,Services,New,1,,,1940,50,2024-10-06,,2024,2024-02,235,,False,False,False,False,False,Small (11-200)
"O'Reilly, Harvey and Cassin",France,48.864716,2.349014,Telecommunications,Small (11-200),Sarah Davis,2024-04-23,Custom solution,New,1,,,945,60,2024-07-10,,2024,2024-04,78,,False,False,False,False,False,Small (11-200)
"Hilll, Reynolds and Stamm",Italy,41.902782,12.496366,Recreation & Sports,Small (11-200),Jessica Martinez,2024-01-11,SAAS,New,1,,,741,10,2024-10-15,,2024,2024-01,278,,False,False,False,False,True,Small (11-200)
"Schinner, Turcotte and Borer",France,48.864716,2.349014,Banking and Finance,Small (11-200),Jessica Martinez,2024-03-21,Services,New,1,,,1130,30,2025-02-26,,2024,2024-03,342,,False,False,False,False,False,Small (11-200)
Bahringer Inc,Switzerland,46.204391,6.143158,Government Administration Healthcare,Small (11-200),Sarah Davis,2024-02-14,Services,New,1,,,1047,20,2025-01-28,,2024,2024-02,349,,False,False,False,False,False,Small (11-200)
Green-Kunze,Austria,48.210033,16.363449,Transportation & Logistics,Small (11-200),John Smith,2024-02-04,SAAS,New,1,,,1473,50,2024-02-24,,2024,2024-02,20,,False,False,False,False,True,Small (11-200)
"Huels, Cruickshank and Hayes",Germany,52.520008,13.404954,Manufacturing & Production,Small (11-200),Jessica Martinez,2024-03-01,Services,New,1,,,1084,60,2025-02-25,,2024,2024-03,361,,False,False,False,False,False,Small (11-200)
Reynolds-Wiza,Portugal,38.736946,-9.142685,Telecommunications,Small (11-200),John Smith,2024-04-10,Services,New,1,,,379,20,2024-05-29,,2024,2024-04,49,,False,False,False,False,False,Small (11-200)
McGlynn Group,Portugal,38.736946,-9.142685,Government Administration Healthcare,Small (11-200),Kevin Anderson,2024-04-28,Services,New,1,,,351,20,2024-11-24,,2024,2024-04,210,,False,False,False,False,False,Small (11-200)
Gorczany-Legros,France,48.864716,2.349014,Professional Services  & Consulting,Small (11-200),Emily Johnson,2024-05-12,SAAS,New,1,,,1978,50,2024-10-07,,2024,2024-05,148,,False,False,False,False,True,Small (11-200)
"Gulgowski, Kub and Miller",Spain,40.416775,-3.70379,Banking and Finance,Small (11-200),John Smith,2024-04-14,Services,New,1,,,754,40,2025-04-03,,2024,2024-04,354,,False,False,False,False,False,Small (11-200)
"Metz, Kub and Fahey",France,48.864716,2.349014,IT & IT Services,Small (11-200),Michael Brown,2024-05-02,Services,New,1,,,1487,40,2024-06-14,,2024,2024-05,43,,False,False,False,False,False,Small (11-200)
Abshire LLC,Switzerland,46.204391,6.143158,Government Administration Healthcare,Small (11-200),Sarah Davis,2024-05-08,Services,New,1,,,1932,60,2024-07-30,,2024,2024-05,83,,False,False,False,False,False,Small (11-200)
Lockman-Littel,Austria,48.210033,16.363449,Energy & Utilities,Small (11-200),Michael Brown,2024-05-03,Services,New,1,,,1315,60,2025-01-04,,2024,2024-05,246,,False,False,False,False,False,Small (11-200)
Bradtke Inc,France,48.864716,2.349014,Telecommunications,Small (11-200),Laura Thompson,2024-05-25,SAAS,New,1,,,1339,40,2025-03-28,,2024,2024-05,307,,False,False,False,False,True,Small (11-200)
Cartwright-Orn,France,48.864716,2.349014,Education & Science,Small (11-200),Laura Thompson,2024-04-05,SAAS,New,1,,,244,50,2024-06-30,,2024,2024-04,86,,False,False,False,False,True,Small (11-200)
Littel-Hilpert,Netherlands,52.370216,4.895168,Banking and Finance,Small (11-200),Michael Brown,2024-03-03,SAAS,New,1,,,229,40,2024-05-08,,2024,2024-03,66,,False,False,False,False,True,Small (11-200)
Franecki LLC,Portugal,38.736946,-9.142685,Transportation & Logistics,Small (11-200),Laura Thompson,2024-01-05,SAAS,New,1,,,740,60,2024-06-04,,2024,2024-01,151,,False,False,False,False,True,Small (11-200)
Mayert-Renner,France,48.864716,2.349014,IT & IT Services,Small (11-200),Jessica Martinez,2024-05-05,SAAS,New,1,,,433,30,2025-02-09,,2024,2024-05,280,,False,False,False,False,True,Small (11-200)
Emmerich-Padberg,Switzerland,46.204391,6.143158,Transportation & Logistics,Small (11-200),Laura Thompson,2024-02-22,Custom solution,New,1,,,1073,30,2024-12-25,,2024,2024-02,307,,False,False,False,False,False,Small (11-200)
Grimes-Marvin,France,48.864716,2.349014,Retail & Distribution,Small (11-200),Emily Johnson,2024-02-05,SAAS,New,1,,,242,30,2024-06-21,,2024,2024-02,137,,False,False,False,False,True,Small (11-200)
"Maggio, Wilderman and Mueller",Austria,48.210033,16.363449,IT & IT Services,Small (11-200),Laura Thompson,2024-04-25,Custom solution,New,1,,,1884,20,2024-10-18,,2024,2024-04,176,,False,False,False,False,False,Small (11-200)
"Toy, Gottlieb and Veum",Germany,52.520008,13.404954,Government Administration Healthcare,Small (11-200),Laura Thompson,2024-03-24,SAAS,New,1,,,223,90,2024-04-28,,2024,2024-03,35,,False,False,False,False,True,Small (11-200)
"Hoeger, Hyatt and Glover",Switzerland,46.204391,6.143158,Education & Science,Small (11-200),Laura Thompson,2024-04-28,SAAS,New,1,,,1772,10,2025-03-11,,2024,2024-04,317,,False,False,False,False,True,Small (11-200)
"Ferry, Denesik and Satterfield",Italy,41.902782,12.496366,IT & IT Services,Small (11-200),Michael Brown,2024-03-20,SAAS,New,1,,,820,30,2024-12-23,,2024,2024-03,278,,False,False,False,False,True,Small (11-200)
"Bruen, Quigley and Kling",Netherlands,52.370216,4.895168,Recreation & Sports,Small (11-200),Laura Thompson,2024-01-15,SAAS,New,1,,,1241,60,2024-12-24,,2024,2024-01,344,,False,False,False,False,True,Small (11-200)
Gibson and Sons,Belgium,51.260197,4.402771,Banking and Finance,Small (11-200),Kevin Anderson,2024-04-29,Custom solution,New,1,,,519,20,2024-11-05,,2024,2024-04,190,,False,False,False,False,False,Small (11-200)
Little and Sons,Netherlands,52.370216,4.895168,Banking and Finance,Small (11-200),Kevin Anderson,2024-05-21,Services,New,1,,,706,40,2025-05-16,,2024,2024-05,360,,False,False,False,False,False,Small (11-200)
"O'Conner, Stracke and White",Portugal,38.736946,-9.142685,Telecommunications,Small (11-200),John Smith,2024-04-28,Services,New,1,,,1461,40,2024-12-11,,2024,2024-04,227,,False,False,False,False,False,Small (11-200)
Smitham LLC,Switzerland,46.204391,6.143158,Energy & Utilities,Small (11-200),Sarah Davis,2024-04-17,Services,New,1,,,1913,100,2024-07-10,,2024,2024-04,84,,False,False,False,False,False,Small (11-200)
"Dickinson, Jacobi and McKenzie",Italy,41.902782,12.496366,Telecommunications,Small (11-200),Laura Thompson,2024-05-13,SAAS,New,1,,,1539,20,2024-06-30,,2024,2024-05,48,,False,False,False,False,True,Small (11-200)
Feest-Schoen,Portugal,38.736946,-9.142685,Energy & Utilities,Small (11-200),Laura Thompson,2024-04-10,SAAS,New,1,,,1212,30,2024-06-14,,2024,2024-04,65,,False,False,False,False,True,Small (11-200)
"Hane, Kassulke and Hermiston",Portugal,38.736946,-9.142685,Professional Services  & Consulting,Small (11-200),Michael Brown,2024-03-13,Services,New,1,,,1832,20,2024-07-18,,2024,2024-03,127,,False,False,False,False,False,Small (11-200)
"Lesch, Hauck and Bogan",Germany,52.520008,13.404954,Transportation & Logistics,Small (11-200),Jessica Martinez,2024-03-18,Custom solution,New,1,,,1553,20,2024-08-04,,2024,2024-03,139,,False,False,False,False,False,Small (11-200)
Johnson-McDermott,France,48.864716,2.349014,Entertainment & Media & Hospitality,Small (11-200),John Smith,2024-04-20,Services,New,1,,,322,40,2025-01-04,,2024,2024-04,259,,False,False,False,False,False,Small (11-200)
"Dare, Lesch and Gorczany",France,48.864716,2.349014,Transportation & Logistics,Small (11-200),John Smith,2024-01-10,Custom solution,New,1,,,1185,90,2024-07-22,,2024,2024-01,194,,False,False,False,False,False,Small (11-200)
Reilly Inc,Netherlands,52.370216,4.895168,Banking and Finance,Small (11-200),Jessica Martinez,2024-05-20,Services,New,1,,,1747,20,2024-07-16,,2024,2024-05,57,,False,False,False,False,False,Small (11-200)
Hyatt Group,Germany,52.520008,13.404954,Government Administration Healthcare,Small (11-200),Michael Brown,2024-03-22,SAAS,New,1,,,1286,20,2025-02-12,,2024,2024-03,327,,False,False,False,False,True,Small (11-200)
Waters Inc,Belgium,51.260197,4.402771,Manufacturing & Production,Small (11-200),Laura Thompson,2024-01-04,Services,New,1,,,1735,90,2024-02-09,,2024,2024-01,36,,False,False,False,False,False,Small (11-200)
Balistreri-Berge,Portugal,38.736946,-9.142685,Transportation & Logistics,Small (11-200),David Wilson,2024-05-04,SAAS,New,1,,,1184,50,2025-01-30,,2024,2024-05,271,,False,False,False,False,True,Small (11-200)
"Champlin, Altenwerth and Reichel",Switzerland,46.204391,6.143158,Education & Science,Small (11-200),Laura Thompson,2024-02-18,SAAS,New,1,,,352,40,2024-10-24,,2024,2024-02,249,,False,False,False,False,True,Small (11-200)
Johnston-Bahringer,Italy,41.902782,12.496366,Telecommunications,Small (11-200),John Smith,2024-01-11,Custom solution,New,1,,,1581,50,2024-03-06,,2024,2024-01,55,,False,False,False,False,False,Small (11-200)
Rath and Sons,Italy,41.902782,12.496366,Government Administration Healthcare,Small (11-200),David Wilson,2024-05-24,SAAS,New,1,,,1367,40,2025-03-29,,2024,2024-05,309,,False,False,False,False,True,Small (11-200)
Langosh-Oberbrunner,Spain,40.416775,-3.70379,Banking and Finance,Small (11-200),Sarah Davis,2024-03-05,Services,New,1,,,490,10,2024-07-08,,2024,2024-03,125,,False,False,False,False,False,Small (11-200)
Dickinson LLC,France,48.864716,2.349014,IT & IT Services,Small (11-200),Laura Thompson,2024-01-23,SAAS,New,1,,,1627,40,2024-03-11,,2024,2024-01,48,,False,False,False,False,True,Small (11-200)
"Heathcote, Barrows and Doyle",Portugal,38.736946,-9.142685,IT & IT Services,Small (11-200),Laura Thompson,2024-01-31,Custom solution,New,1,,,716,50,2024-08-16,,2024,2024-01,198,,False,False,False,False,False,Small (11-200)
"Cummerata, Wyman and Conn",Switzerland,46.204391,6.143158,Banking and Finance,Small (11-200),John Smith,2024-02-14,Services,New,1,,,1139,30,2024-05-28,,2024,2024-02,104,,False,False,False,False,False,Small (11-200)
"O'Reilly, Torphy and Jakubowski",Switzerland,46.204391,6.143158,Banking and Finance,Small (11-200),Jessica Martinez,2024-04-16,Custom solution,New,1,,,427,40,2024-09-15,,2024,2024-04,152,,False,False,False,False,False,Small (11-200)
Boyer LLC,Austria,48.210033,16.363449,Transportation & Logistics,Small (11-200),Michael Brown,2024-04-18,Services,New,1,,,857,50,2024-12-03,,2024,2024-04,229,,False,False,False,False,False,Small (11-200)
"Bradtke, Predovic and Monahan",Portugal,38.736946,-9.142685,Telecommunications,Small (11-200),Laura Thompson,2024-03-17,SAAS,New,1,,,1442,10,2025-02-10,,2024,2024-03,330,,False,False,False,False,True,Small (11-200)
Schuppe Inc,France,48.864716,2.349014,Banking and Finance,Small (11-200),David Wilson,2024-03-07,Services,New,1,,,839,60,2024-10-18,,2024,2024-03,225,,False,False,False,False,False,Small (11-200)
Hand-Heller,Germany,52.520008,13.404954,Retail & Distribution,Small (11-200),Jessica Martinez,2024-01-23,Custom solution,New,1,,,1660,80,2024-12-02,,2024,2024-01,314,,False,False,False,False,False,Small (11-200)
Prohaska-Jenkins,Portugal,38.736946,-9.142685,Banking and Finance,Small (11-200),David Wilson,2024-05-01,SAAS,New,1,,,576,80,2025-02-25,,2024,2024-05,300,,False,False,False,False,True,Small (11-200)
"Johnston, Hettinger and Luettgen",Austria,48.210033,16.363449,Recreation & Sports,Small (11-200),Laura Thompson,2024-03-23,SAAS,New,1,,,1351,40,2024-06-12,,2024,2024-03,81,,False,False,False,False,True,Small (11-200)
"Rodriguez, Miller and Bradtke",Belgium,51.260197,4.402771,Transportation & Logistics,Small (11-200),Jessica Martinez,2024-02-07,Custom solution,New,1,,,1579,70,2025-01-03,,2024,2024-02,331,,False,False,False,False,False,Small (11-200)
"Batz, Schamberger and Feeney",Italy,41.902782,12.496366,Retail & Distribution,Small (11-200),Sarah Davis,2024-05-07,SAAS,New,1,,,731,20,2024-10-05,,2024,2024-05,151,,False,False,False,False,True,Small (11-200)
Ortiz-Christiansen,Portugal,38.736946,-9.142685,Government Administration Healthcare,Small (11-200),John Smith,2024-05-18,SAAS,New,1,,,931,30,2025-04-04,,2024,2024-05,321,,False,False,False,False,True,Small (11-200)
Toy-Friesen,Austria,48.210033,16.363449,IT & IT Services,Small (11-200),Laura Thompson,2024-01-23,SAAS,New,1,,,1237,30,2024-07-17,,2024,2024-01,176,,False,False,False,False,True,Small (11-200)
Sawayn and Sons,Italy,41.902782,12.496366,Government Administration Healthcare,Small (11-200),Kevin Anderson,2024-04-23,SAAS,New,1,,,1716,20,2024-11-17,,2024,2024-04,208,,False,False,False,False,True,Small (11-200)
Turcotte-Hand,Portugal,38.736946,-9.142685,IT & IT Services,Small (11-200),Jessica Martinez,2024-01-17,Services,New,1,,,1382,30,2024-11-26,,2024,2024-01,314,,False,False,False,False,False,Small (11-200)
Bayer Group,Portugal,38.736946,-9.142685,Agriculture & Mining,Small (11-200),Jessica Martinez,2024-05-09,Services,New,1,,,1194,100,2024-12-02,,2024,2024-05,207,,False,False,False,False,False,Small (11-200)
Leffler-Okuneva,Belgium,51.260197,4.402771,Banking and Finance,Small (11-200),Kevin Anderson,2024-01-10,Services,New,1,,,1073,20,2024-04-06,,2024,2024-01,87,,False,False,False,False,False,Small (11-200)
"Little, Deckow and Kunde",Spain,40.416775,-3.70379,Government Administration Healthcare,Small (11-200),Michael Brown,2024-05-11,Services,New,1,,,1102,20,2024-07-07,,2024,2024-05,57,,False,False,False,False,False,Small (11-200)
"Ortiz, Cartwright and Leffler",Italy,41.902782,12.496366,IT & IT Services,Small (11-200),Jessica Martinez,2024-02-21,Services,New,1,,,1252,50,2024-11-08,,2024,2024-02,261,,False,False,False,False,False,Small (11-200)
Bernier and Sons,Belgium,51.260197,4.402771,Retail & Distribution,Small (11-200),Michael Brown,2024-01-30,SAAS,New,1,,,786,70,2024-11-27,,2024,2024-01,302,,False,False,False,False,True,Small (11-200)
Rempel-Towne,Belgium,51.260197,4.402771,Professional Services  & Consulting,Small (11-200),Sarah Davis,2024-03-20,Services,New,1,,,1292,80,2025-02-14,,2024,2024-03,331,,False,False,False,False,False,Small (11-200)
Sauer-Heaney,Italy,41.902782,12.496366,Banking and Finance,Small (11-200),Laura Thompson,2024-01-09,Services,New,1,,,317,60,2024-07-13,,2024,2024-01,186,,False,False,False,False,False,Small (11-200)
Funk and Sons,Switzerland,46.204391,6.143158,Transportation & Logistics,Small (11-200),Laura Thompson,2024-02-21,SAAS,New,1,,,958,30,2024-09-04,,2024,2024-02,196,,False,False,False,False,True,Small (11-200)
"Cruickshank, Cormier and Willms",Italy,41.902782,12.496366,Banking and Finance,Small (11-200),Sarah Davis,2024-05-23,Services,New,1,,,1364,50,2024-09-06,,2024,2024-05,106,,False,False,False,False,False,Small (11-200)
"Roberts, Boehm and Swift",Switzerland,46.204391,6.143158,Transportation & Logistics,Small (11-200),Jessica Martinez,2024-04-03,Services,New,1,,,1348,20,2024-05-14,,2024,2024-04,41,,False,False,False,False,False,Small (11-200)
"Gerlach, Kiehn and Weber",Switzerland,46.204391,6.143158,Banking and Finance,Small (11-200),Jessica Martinez,2024-02-10,Custom solution,New,1,,,1811,10,2024-11-09,,2024,2024-02,273,,False,False,False,False,False,Small (11-200)
"Sawayn, Sanford and Skiles",Germany,52.520008,13.404954,IT & IT Services,Small (11-200),Sarah Davis,2024-02-19,SAAS,New,1,,,1607,10,2025-01-12,,2024,2024-02,328,,False,False,False,False,True,Small (11-200)
"Harris, Schmidt and Kautzer",Italy,41.902782,12.496366,Transportation & Logistics,Small (11-200),Laura Thompson,2024-04-05,Services,New,1,,,1139,30,2024-07-25,,2024,2024-04,111,,False,False,False,False,False,Small (11-200)
Stamm-Rath,Italy,41.902782,12.496366,IT & IT Services,Small (11-200),Michael Brown,2024-01-26,Services,New,1,,,487,50,2024-09-13,,2024,2024-01,231,,False,False,False,False,False,Small (11-200)
"Hamill, Koepp and Quigley",Italy,41.902782,12.496366,Manufacturing & Production,Small (11-200),Sarah Davis,2024-04-17,Services,New,1,,,495,60,2024-05-28,,2024,2024-04,41,,False,False,False,False,False,Small (11-200)
Hodkiewicz-Powlowski,Portugal,38.736946,-9.142685,IT & IT Services,Small (11-200),Laura Thompson,2024-02-08,Services,New,1,,,344,40,2024-04-01,,2024,2024-02,53,,False,False,False,False,False,Small (11-200)
Moore Group,France,48.864716,2.349014,Education & Science,Small (11-200),Laura Thompson,2024-04-11,SAAS,New,1,,,443,30,2024-08-07,,2024,2024-04,118,,False,False,False,False,True,Small (11-200)
Schumm-Auer,Spain,40.416775,-3.70379,Education & Science,Small (11-200),Emily Johnson,2024-03-11,SAAS,New,1,,,718,40,2025-02-03,,2024,2024-03,329,,False,False,False,False,True,Small (11-200)
"Ward, Daugherty and Homenick",Austria,48.210033,16.363449,IT & IT Services,Small (11-200),Jessica Martinez,2024-05-30,Custom solution,New,1,,,1917,90,2024-10-25,,2024,2024-05,148,,False,False,False,False,False,Small (11-200)
"Pollich, Robel and Friesen",Germany,52.520008,13.404954,Government Administration Healthcare,Small (11-200),Emily Johnson,2024-01-23,Custom solution,New,1,,,1729,50,2024-06-28,,2024,2024-01,157,,False,False,False,False,False,Small (11-200)
"Weimann, Pacocha and McCullough",Italy,41.902782,12.496366,Construction & Engineering,Small (11-200),Jessica Martinez,2024-05-04,Custom solution,New,1,,,1345,10,2024-08-15,,2024,2024-05,103,,False,False,False,False,False,Small (11-200)
"Champlin, Borer and Purdy",Portugal,38.736946,-9.142685,Transportation & Logistics,Small (11-200),Michael Brown,2024-04-21,Services,New,1,,,1626,60,2025-04-19,,2024,2024-04,363,,False,False,False,False,False,Small (11-200)
"Erdman, Medhurst and Rowe",Italy,41.902782,12.496366,Telecommunications,Small (11-200),Michael Brown,2024-05-22,SAAS,New,1,,,1592,50,2024-07-23,,2024,2024-05,62,,False,False,False,False,True,Small (11-200)
Gutmann-Hoppe,Belgium,51.260197,4.402771,Energy & Utilities,Small (11-200),Jessica Martinez,2024-02-07,Custom solution,New,1,,,819,30,2024-02-28,,2024,2024-02,21,,False,False,False,False,False,Small (11-200)
Lakin-Bradtke,Italy,41.902782,12.496366,Entertainment & Media & Hospitality,Small (11-200),Laura Thompson,2024-02-28,SAAS,New,1,,,766,50,2025-02-15,,2024,2024-02,353,,False,False,False,False,True,Small (11-200)
"Ziemann, Bergstrom and Harber",Italy,41.902782,12.496366,Banking and Finance,Small (11-200),Jessica Martinez,2024-01-09,Services,New,1,,,834,40,2024-12-30,,2024,2024-01,356,,False,False,False,False,False,Small (11-200)
Mitchell-Hauck,Italy,41.902782,12.496366,Transportation & Logistics,Small (11-200),Sarah Davis,2024-03-29,SAAS,New,1,,,1662,30,2025-03-23,,2024,2024-03,359,,False,False,False,False,True,Small (11-200)
Labadie-Keeling,Germany,52.520008,13.404954,Recreation & Sports,Small (11-200),Michael Brown,2024-01-13,SAAS,New,1,,,1819,60,2024-08-28,,2024,2024-01,228,,False,False,False,False,True,Small (11-200)
Borer Group,Austria,48.210033,16.363449,Agriculture & Mining,Small (11-200),Jessica Martinez,2024-05-21,Services,New,1,,,1142,20,2024-06-26,,2024,2024-05,36,,False,False,False,False,False,Small (11-200)
"Goldner, Grant and Krajcik",Austria,48.210033,16.363449,Entertainment & Media & Hospitality,Small (11-200),Laura Thompson,2024-02-21,Custom solution,New,1,,,1340,30,2024-08-16,,2024,2024-02,177,,False,False,False,False,False,Small (11-200)
Schinner and Sons,Belgium,51.260197,4.402771,Transportation & Logistics,Small (11-200),Emily Johnson,2024-01-23,Services,New,1,,,797,40,2024-06-12,,2024,2024-01,141,,False,False,False,False,False,Small (11-200)
Kihn Inc,Germany,52.520008,13.404954,Transportation & Logistics,Small (11-200),Laura Thompson,2024-05-09,SAAS,New,1,,,644,40,2025-01-25,,2024,2024-05,261,,False,False,False,False,True,Small (11-200)
Abbott-Wisoky,Netherlands,52.370216,4.895168,Banking and Finance,Small (11-200),Sarah Davis,2024-05-19,Services,New,1,,,355,30,2025-02-26,,2024,2024-05,283,,False,False,False,False,False,Small (11-200)
"Strosin, Bahringer and Reilly",Germany,52.520008,13.404954,IT & IT Services,Small (11-200),John Smith,2024-05-28,Custom solution,New,1,,,1741,50,2024-10-18,,2024,2024-05,143,,False,False,False,False,False,Small (11-200)
"McKenzie, Jerde and Altenwerth",Netherlands,52.370216,4.895168,Banking and Finance,Small (11-200),Laura Thompson,2024-01-31,SAAS,New,1,,,441,30,2024-10-17,,2024,2024-01,260,,False,False,False,False,True,Small (11-200)
"Runolfsdottir, Mills and Jacobi",Germany,52.520008,13.404954,Transportation & Logistics,Small (11-200),Michael Brown,2024-05-10,SAAS,New,1,,,1239,40,2025-03-02,,2024,2024-05,296,,False,False,False,False,True,Small (11-200)
"Tremblay, Thompson and Robel",Belgium,51.260197,4.402771,IT & IT Services,Small (11-200),Laura Thompson,2024-05-11,SAAS,New,1,,,467,40,2025-02-15,,2024,2024-05,280,,False,False,False,False,True,Small (11-200)
Rutherford LLC,Germany,52.520008,13.404954,Transportation & Logistics,Small (11-200),Jessica Martinez,2024-02-10,SAAS,New,1,,,403,50,2024-06-19,,2024,2024-02,130,,False,False,False,False,True,Small (11-200)
Rice-Bayer,Austria,48.210033,16.363449,Energy & Utilities,Small (11-200),Jessica Martinez,2024-03-20,SAAS,New,1,,,677,20,2024-12-29,,2024,2024-03,284,,False,False,False,False,True,Small (11-200)
"Blanda, Gibson and Mills",Switzerland,46.204391,6.143158,IT & IT Services,Small (11-200),Michael Brown,2024-03-29,SAAS,New,1,,,690,10,2024-11-27,,2024,2024-03,243,,False,False,False,False,True,Small (11-200)
"Deckow, Dickens and Koss",Switzerland,46.204391,6.143158,Transportation & Logistics,Small (11-200),Jessica Martinez,2024-05-25,SAAS,New,1,,,404,30,2024-08-08,,2024,2024-05,75,,False,False,False,False,True,Small (11-200)
Sporer-Beer,France,48.864716,2.349014,IT & IT Services,Small (11-200),Michael Brown,2024-02-12,SAAS,New,1,,,1126,80,2024-04-11,,2024,2024-02,59,,False,False,False,False,True,Small (11-200)
Hudson Group,Germany,52.520008,13.404954,Telecommunications,Small (11-200),Laura Thompson,2024-01-30,SAAS,New,1,,,1675,40,2024-07-13,,2024,2024-01,165,,False,False,False,False,True,Small (11-200)
Gutmann-Friesen,Italy,41.902782,12.496366,Banking and Finance,Small (11-200),John Smith,2024-05-13,Services,New,1,,,1910,20,2025-03-18,,2024,2024-05,309,,False,False,False,False,False,Small (11-200)
"Schmidt, Konopelski and Larson",Austria,48.210033,16.363449,Banking and Finance,Small (11-200),Laura Thompson,2024-02-04,Custom solution,New,1,,,857,30,2024-11-21,,2024,2024-02,291,,False,False,False,False,False,Small (11-200)
O'Connell Group,Portugal,38.736946,-9.142685,Government Administration Healthcare,Small (11-200),Jessica Martinez,2024-03-14,Services,New,1,,,1561,40,2025-01-04,,2024,2024-03,296,,False,False,False,False,False,Small (11-200)
Willms-Hagenes,Portugal,38.736946,-9.142685,Transportation & Logistics,Small (11-200),Michael Brown,2024-05-27,Custom solution,New,1,,,872,50,2024-10-04,,2024,2024-05,130,,False,False,False,False,False,Small (11-200)
Metz-Kuvalis,Germany,52.520008,13.404954,Banking and Finance,Small (11-200),Jessica Martinez,2024-01-07,Services,New,1,,,757,30,2024-08-12,,2024,2024-01,218,,False,False,False,False,False,Small (11-200)
Jakubowski Group,Germany,52.520008,13.404954,Retail & Distribution,Small (11-200),Laura Thompson,2024-03-17,SAAS,New,1,,,1521,70,2025-03-17,,2024,2024-03,365,,False,False,False,False,True,Small (11-200)
Volkman Inc,France,48.864716,2.349014,Manufacturing & Production,Small (11-200),Michael Brown,2024-04-20,SAAS,New,1,,,1010,80,2025-02-14,,2024,2024-04,300,,False,False,False,False,True,Small (11-200)
"Haley, Ritchie and Anderson",Italy,41.902782,12.496366,IT & IT Services,Small (11-200),Kevin Anderson,2024-02-16,Services,New,1,,,1175,30,2024-07-05,,2024,2024-02,140,,False,False,False,False,False,Small (11-200)
Hoeger Inc,Italy,41.902782,12.496366,Professional Services  & Consulting,Small (11-200),Laura Thompson,2024-01-26,SAAS,New,1,,,1058,80,2024-11-02,,2024,2024-01,281,,False,False,False,False,True,Small (11-200)
Monahan-Quitzon,Austria,48.210033,16.363449,Energy & Utilities,Small (11-200),Michael Brown,2024-03-22,SAAS,New,1,,,1546,10,2024-04-30,,2024,2024-03,39,,False,False,False,False,True,Small (11-200)
"Crona, Keeling and Daniel",Switzerland,46.204391,6.143158,Transportation & Logistics,Small (11-200),Michael Brown,2024-05-05,SAAS,New,1,,,1029,90,2024-09-19,,2024,2024-05,137,,False,False,False,False,True,Small (11-200)
"Bergnaum, Hyatt and Purdy",France,48.864716,2.349014,Energy & Utilities,Small (11-200),David Wilson,2024-04-02,SAAS,New,1,,,1736,40,2024-10-04,,2024,2024-04,185,,False,False,False,False,True,Small (11-200)
Schiller-Stehr,Belgium,51.260197,4.402771,Banking and Finance,Small (11-200),Sarah Davis,2024-01-02,Services,New,1,,,1035,60,2024-08-04,,2024,2024-01,215,,False,False,False,False,False,Small (11-200)
Kuhlman Group,Germany,52.520008,13.404954,IT & IT Services,Small (11-200),David Wilson,2024-03-14,SAAS,New,1,,,1077,20,2024-10-10,,2024,2024-03,210,,False,False,False,False,True,Small (11-200)
Bogan Inc,Germany,52.520008,13.404954,IT & IT Services,Small (11-200),Laura Thompson,2024-02-01,Services,New,1,,,1462,60,2024-09-05,,2024,2024-02,217,,False,False,False,False,False,Small (11-200)
Yundt Inc,France,48.864716,2.349014,Transportation & Logistics,Small (11-200),Jessica Martinez,2024-01-09,SAAS,New,1,,,1849,80,2024-12-16,,2024,2024-01,342,,False,False,False,False,True,Small (11-200)
Sawayn-Bogan,Italy,41.902782,12.496366,Transportation & Logistics,Small (11-200),Emily Johnson,2024-05-13,SAAS,New,1,,,294,40,2025-02-03,,2024,2024-05,266,,False,False,False,False,True,Small (11-200)
"Spinka, Johns and Tromp",Germany,52.520008,13.404954,Banking and Finance,Small (11-200),Laura Thompson,2024-01-03,SAAS,New,1,,,1632,30,2024-11-16,,2024,2024-01,318,,False,False,False,False,True,Small (11-200)
Zieme-Cronin,Italy,41.902782,12.496366,Banking and Finance,Small (11-200),Laura Thompson,2024-02-05,SAAS,New,1,,,457,30,2024-08-29,,2024,2024-02,206,,False,False,False,False,True,Small (11-200)
Gleichner-Kohler,France,48.864716,2.349014,Agriculture & Mining,Small (11-200),Emily Johnson,2024-01-17,Custom solution,New,1,,,852,40,2024-12-21,,2024,2024-01,339,,False,False,False,False,False,Small (11-200)
Morar-Goyette,Austria,48.210033,16.363449,Banking and Finance,Small (11-200),Laura Thompson,2024-04-01,Services,New,1,,,220,30,2025-03-17,,2024,2024-04,350,,False,False,False,False,False,Small (11-200)
Howell and Sons,Italy,41.902782,12.496366,Energy & Utilities,Small (11-200),David Wilson,2024-04-28,SAAS,New,1,,,733,60,2024-11-02,,2024,2024-04,188,,False,False,False,False,True,Small (11-200)
Metz LLC,Belgium,51.260197,4.402771,Banking and Finance,Small (11-200),Michael Brown,2024-03-13,SAAS,New,1,,,1736,30,2024-09-03,,2024,2024-03,174,,False,False,False,False,True,Small (11-200)
Schamberger Group,France,48.864716,2.349014,Education & Science,Small (11-200),Laura Thompson,2024-01-20,SAAS,New,1,,,1064,20,2024-04-17,,2024,2024-01,88,,False,False,False,False,True,Small (11-200)
"Dickinson, King and Jenkins",Germany,52.520008,13.404954,Retail & Distribution,Small (11-200),John Smith,2024-03-07,SAAS,New,1,,,1152,40,2024-04-25,,2024,2024-03,49,,False,False,False,False,True,Small (11-200)
Jakubowski LLC,Germany,52.520008,13.404954,Professional Services  & Consulting,Small (11-200),Sarah Davis,2024-05-10,SAAS,New,1,,,227,40,2025-02-17,,2024,2024-05,283,,False,False,False,False,True,Small (11-200)
King-Rohan,Austria,48.210033,16.363449,Recreation & Sports,Small (11-200),David Wilson,2024-03-11,SAAS,New,1,,,1409,30,2024-12-21,,2024,2024-03,285,,False,False,False,False,True,Small (11-200)
Rowe and Sons,Switzerland,46.204391,6.143158,Transportation & Logistics,Small (11-200),Michael Brown,2024-03-28,Services,New,1,,,1853,40,2024-05-28,,2024,2024-03,61,,False,False,False,False,False,Small (11-200)
Barrows Group,Germany,52.520008,13.404954,Education & Science,Small (11-200),Laura Thompson,2024-03-01,SAAS,New,1,,,601,30,2024-09-29,,2024,2024-03,212,,False,False,False,False,True,Small (11-200)
Kertzmann-Kris,Switzerland,46.204391,6.143158,IT & IT Services,Small (11-200),Jessica Martinez,2024-03-16,Services,New,1,,,637,40,2024-07-11,,2024,2024-03,117,,False,False,False,False,False,Small (11-200)
"Hettinger, Trantow and Altenwerth",France,48.864716,2.349014,Agriculture & Mining,Small (11-200),Sarah Davis,2024-01-12,SAAS,New,1,,,1011,80,2024-09-20,,2024,2024-01,252,,False,False,False,False,True,Small (11-200)
"Doyle, Krajcik and Wintheiser",France,48.864716,2.349014,Agriculture & Mining,Small (11-200),David Wilson,2024-05-14,Services,New,1,,,1368,40,2025-04-07,,2024,2024-05,328,,False,False,False,False,False,Small (11-200)
Koss-Mertz,France,48.864716,2.349014,Professional Services  & Consulting,Small (11-200),Emily Johnson,2024-05-23,SAAS,New,1,,,706,60,2024-11-18,,2024,2024-05,179,,False,False,False,False,True,Small (11-200)
Shanahan-Hodkiewicz,Austria,48.210033,16.363449,Transportation & Logistics,Small (11-200),Sarah Davis,2024-03-26,Custom solution,New,1,,,1324,50,2025-02-26,,2024,2024-03,337,,False,False,False,False,False,Small (11-200)
Kunde and Sons,Portugal,38.736946,-9.142685,Banking and Finance,Small (11-200),Laura Thompson,2024-03-01,Services,New,1,,,1916,90,2024-04-13,,2024,2024-03,43,,False,False,False,False,False,Small (11-200)
"Kassulke, McClure and Greenfelder",Italy,41.902782,12.496366,Recreation & Sports,Small (11-200),Kevin Anderson,2024-01-16,SAAS,New,1,,,1838,30,2024-02-17,,2024,2024-01,32,,False,False,False,False,True,Small (11-200)
Konopelski and Sons,Germany,52.520008,13.404954,IT & IT Services,Small (11-200),Sarah Davis,2024-01-18,SAAS,New,1,,,621,20,2024-04-25,,2024,2024-01,98,,False,False,False,False,True,Small (11-200)
Thoughtbeat,Italy,41.902782,12.496366,Agriculture & Mining,Micro (1-10),John Smith,2024-01-28,SAAS,New,1,,,450,40,2024-05-12,,2024,2024-01,105,,False,False,False,False,True,Micro (1-10)
Pixope,Switzerland,46.204391,6.143158,Government Administration Healthcare,Micro (1-10),Kevin Anderson,2024-02-17,SAAS,New,1,,,904,80,2024-07-23,,2024,2024-02,157,,False,False,False,False,True,Micro (1-10)
Leexo,France,48.864716,2.349014,Manufacturing & Production,Micro (1-10),Kevin Anderson,2024-02-16,SAAS,New,1,,,299,60,2024-05-03,,2024,2024-02,77,,False,False,False,False,True,Micro (1-10)
Divavu,Italy,41.902782,12.496366,Transportation & Logistics,Micro (1-10),Emily Johnson,2024-04-26,Services,New,1,,,935,80,2025-03-16,,2024,2024-04,324,,False,False,False,False,False,Micro (1-10)
Zava,Germany,52.520008,13.404954,Government Administration Healthcare,Micro (1-10),Laura Thompson,2024-01-24,SAAS,New,1,,,828,100,2024-10-08,,2024,2024-01,258,,False,False,False,False,True,Micro (1-10)
Lajo,Belgium,51.260197,4.402771,Education & Science,Micro (1-10),Jessica Martinez,2024-02-20,Services,New,1,,,1035,50,2024-08-28,,2024,2024-02,190,,False,False,False,False,False,Micro (1-10)
Ainyx,Germany,52.520008,13.404954,IT & IT Services,Micro (1-10),Sarah Davis,2024-03-23,SAAS,New,1,,,749,20,2025-03-18,,2024,2024-03,360,,False,False,False,False,True,Micro (1-10)
Gigazoom,Italy,41.902782,12.496366,Government Administration Healthcare,Micro (1-10),Kevin Anderson,2024-03-04,SAAS,New,1,,,866,40,2024-12-25,,2024,2024-03,296,,False,False,False,False,True,Micro (1-10)
Trilith,France,48.864716,2.349014,IT & IT Services,Micro (1-10),Kevin Anderson,2024-04-25,Services,New,1,,,315,40,2024-10-20,,2024,2024-04,178,,False,False,False,False,False,Micro (1-10)
Eazzy,Italy,41.902782,12.496366,Professional Services  & Consulting,Micro (1-10),Kevin Anderson,2024-05-24,SAAS,New,1,,,376,50,2025-05-05,,2024,2024-05,346,,False,False,False,False,True,Micro (1-10)
Pixoboo,Italy,41.902782,12.496366,Energy & Utilities,Micro (1-10),Laura Thompson,2024-02-18,SAAS,New,1,,,625,30,2024-07-20,,2024,2024-02,153,,False,False,False,False,True,Micro (1-10)
Muxo,Austria,48.210033,16.363449,Banking and Finance,Micro (1-10),Jessica Martinez,2024-04-27,SAAS,New,1,,,859,20,2025-04-15,,2024,2024-04,353,,False,False,False,False,True,Micro (1-10)
"Koss, Walter and Murray",Italy,41.902782,12.496366,Retail & Distribution,Micro (1-10),Jessica Martinez,2024-02-04,SAAS,New,1,,,1139,30,2024-07-07,,2024,2024-02,154,,False,False,False,False,True,Micro (1-10)
"Goyette, Gottlieb and Cummings",France,48.864716,2.349014,Professional Services  & Consulting,Micro (1-10),Michael Brown,2024-03-20,Services,New,1,,,458,30,2024-08-16,,2024,2024-03,149,,False,False,False,False,False,Micro (1-10)
"Buckridge, Schinner and Walker",Netherlands,52.370216,4.895168,Retail & Distribution,Micro (1-10),David Wilson,2024-01-21,Services,New,1,,,737,40,2025-01-20,,2024,2024-01,365,,False,False,False,False,False,Micro (1-10)
Reichel-Kutch,France,48.864716,2.349014,Retail & Distribution,Micro (1-10),Jessica Martinez,2024-03-25,Custom solution,New,1,,,1096,40,2025-03-12,,2024,2024-03,352,,False,False,False,False,False,Micro (1-10)
Schoen-Waelchi,Germany,52.520008,13.404954,Construction & Engineering,Micro (1-10),Jessica Martinez,2024-03-06,Services,New,1,,,491,90,2025-02-26,,2024,2024-03,357,,False,False,False,False,False,Micro (1-10)
"Stracke, Hodkiewicz and Leuschke",Italy,41.902782,12.496366,IT & IT Services,Micro (1-10),Laura Thompson,2024-03-20,SAAS,New,1,,,1107,40,2024-11-29,,2024,2024-03,254,,False,False,False,False,True,Micro (1-10)
"Mohr, Adams and Emmerich",Spain,40.416775,-3.70379,Transportation & Logistics,Micro (1-10),Kevin Anderson,2024-03-29,SAAS,New,1,,,261,30,2024-08-13,,2024,2024-03,137,,False,False,False,False,True,Micro (1-10)
Turner Inc,Austria,48.210033,16.363449,Education & Science,Micro (1-10),Laura Thompson,2024-04-14,SAAS,New,1,,,873,30,2024-09-15,,2024,2024-04,154,,False,False,False,False,True,Micro (1-10)
"Blick, Kessler and Gislason",Switzerland,46.204391,6.143158,Education & Science,Micro (1-10),Laura Thompson,2024-03-16,Custom solution,New,1,,,455,20,2025-01-22,,2024,2024-03,312,,False,False,False,False,False,Micro (1-10)
Koss-Maggio,Switzerland,46.204391,6.143158,Retail & Distribution,Micro (1-10),Jessica Martinez,2024-04-17,Services,New,1,,,600,40,2024-09-15,,2024,2024-04,151,,False,False,False,False,False,Micro (1-10)
Predovic and Sons,Italy,41.902782,12.496366,IT & IT Services,Micro (1-10),Sarah Davis,2024-02-19,Services,New,1,,,467,40,2024-04-29,,2024,2024-02,70,,False,False,False,False,False,Micro (1-10)
"Pacocha, Wuckert and Kerluke",Switzerland,46.204391,6.143158,Energy & Utilities,Micro (1-10),Emily Johnson,2024-05-19,SAAS,New,1,,,477,40,2024-09-20,,2024,2024-05,124,,False,False,False,False,True,Micro (1-10)
Macejkovic-Legros,France,48.864716,2.349014,Government Administration Healthcare,Micro (1-10),Jessica Martinez,2024-03-02,SAAS,New,1,,,1014,40,2024-06-19,,2024,2024-03,109,,False,False,False,False,True,Micro (1-10)
Harber-Murray,Switzerland,46.204391,6.143158,Entertainment & Media & Hospitality,Micro (1-10),Sarah Davis,2024-04-06,Services,New,1,,,226,40,2025-01-31,,2024,2024-04,300,,False,False,False,False,False,Micro (1-10)
"Krajcik, Hammes and Feil",Austria,48.210033,16.363449,Construction & Engineering,Micro (1-10),Kevin Anderson,2024-01-17,Custom solution,New,1,,,688,20,2024-07-22,,2024,2024-01,187,,False,False,False,False,False,Micro (1-10)
Kshlerin Group,Germany,52.520008,13.404954,Professional Services  & Consulting,Micro (1-10),Emily Johnson,2024-01-07,Services,New,1,,,814,40,2024-11-04,,2024,2024-01,302,,False,False,False,False,False,Micro (1-10)
Balistreri-Kub,Switzerland,46.204391,6.143158,Transportation & Logistics,Micro (1-10),Emily Johnson,2024-02-25,SAAS,New,1,,,648,50,2024-04-12,,2024,2024-02,47,,False,False,False,False,True,Micro (1-10)
Rippin-Franecki,France,48.864716,2.349014,Banking and Finance,Micro (1-10),Jessica Martinez,2024-03-22,Services,New,1,,,880,30,2024-12-09,,2024,2024-03,262,,False,False,False,False,False,Micro (1-10)
"Wehner, Kshlerin and King",Italy,41.902782,12.496366,Entertainment & Media & Hospitality,Micro (1-10),Michael Brown,2024-03-24,SAAS,New,1,,,936,80,2025-02-13,,2024,2024-03,326,,False,False,False,False,True,Micro (1-10)
Predovic LLC,France,48.864716,2.349014,Manufacturing & Production,Micro (1-10),Laura Thompson,2024-04-29,Services,New,1,,,796,70,2024-08-18,,2024,2024-04,111,,False,False,False,False,False,Micro (1-10)
Dare Inc,Germany,52.520008,13.404954,Energy & Utilities,Micro (1-10),Laura Thompson,2024-01-02,Services,New,1,,,973,30,2024-04-22,,2024,2024-01,111,,False,False,False,False,False,Micro (1-10)
Roob-DuBuque,Italy,41.902782,12.496366,Agriculture & Mining,Micro (1-10),Michael Brown,2024-05-31,SAAS,New,1,,,1097,60,2025-05-17,,2024,2024-05,351,,False,False,False,False,True,Micro (1-10)
"Smitham, Stamm and Howe",France,48.864716,2.349014,Transportation & Logistics,Micro (1-10),David Wilson,2024-05-06,SAAS,New,1,,,1020,20,2025-04-14,,2024,2024-05,343,,False,False,False,False,True,Micro (1-10)
Ward-Cruickshank,Switzerland,46.204391,6.143158,IT & IT Services,Micro (1-10),Sarah Davis,2024-03-23,Custom solution,New,1,,,1067,20,2024-08-03,,2024,2024-03,133,,False,False,False,False,False,Micro (1-10)
Strosin-Runte,Switzerland,46.204391,6.143158,Energy & Utilities,Micro (1-10),Jessica Martinez,2024-02-01,Services,New,1,,,1063,50,2024-08-08,,2024,2024-02,189,,False,False,False,False,False,Micro (1-10)
Zulauf-Schmidt,Portugal,38.736946,-9.142685,Professional Services  & Consulting,Micro (1-10),Kevin Anderson,2024-03-10,SAAS,New,1,,,738,20,2024-10-11,,2024,2024-03,215,,False,False,False,False,True,Micro (1-10)
Leffler-Hirthe,Italy,41.902782,12.496366,Entertainment & Media & Hospitality,Micro (1-10),Laura Thompson,2024-05-12,SAAS,New,1,,,425,60,2024-06-21,,2024,2024-05,40,,False,False,False,False,True,Micro (1-10)
McLaughlin LLC,France,48.864716,2.349014,Agriculture & Mining,Micro (1-10),Sarah Davis,2024-01-09,SAAS,New,1,,,854,40,2024-06-03,,2024,2024-01,146,,False,False,False,False,True,Micro (1-10)
Sanford-Doyle,Italy,41.902782,12.496366,Retail & Distribution,Micro (1-10),Jessica Martinez,2024-02-15,Services,New,1,,,627,20,2024-09-16,,2024,2024-02,214,,False,False,False,False,False,Micro (1-10)
Deckow and Sons,Austria,48.210033,16.363449,Banking and Finance,Micro (1-10),Emily Johnson,2024-04-29,Custom solution,New,1,,,365,100,2024-08-03,,2024,2024-04,96,,False,False,False,False,False,Micro (1-10)
Price Inc,Italy,41.902782,12.496366,Transportation & Logistics,Micro (1-10),Kevin Anderson,2024-04-21,Services,New,1,,,852,70,2025-02-20,,2024,2024-04,305,,False,False,False,False,False,Micro (1-10)
"Hammes, Romaguera and Emmerich",Italy,41.902782,12.496366,Transportation & Logistics,Micro (1-10),Laura Thompson,2024-04-20,Services,New,1,,,1139,80,2024-06-30,,2024,2024-04,71,,False,False,False,False,False,Micro (1-10)
"Schinner, Mraz and Friesen",France,48.864716,2.349014,Banking and Finance,Micro (1-10),Michael Brown,2024-03-14,Services,New,1,,,286,40,2024-12-16,,2024,2024-03,277,,False,False,False,False,False,Micro (1-10)
"Morissette, Heathcote and Bayer",France,48.864716,2.349014,IT & IT Services,Micro (1-10),Laura Thompson,2024-02-26,Services,New,1,,,563,30,2024-05-05,,2024,2024-02,69,,False,False,False,False,False,Micro (1-10)
Kirlin LLC,Germany,52.520008,13.404954,IT & IT Services,Micro (1-10),David Wilson,2024-03-24,Services,New,1,,,1130,30,2025-02-23,,2024,2024-03,336,,False,False,False,False,False,Micro (1-10)
Fritsch-Anderson,Netherlands,52.370216,4.895168,Energy & Utilities,Micro (1-10),David Wilson,2024-04-01,Custom solution,New,1,,,850,30,2024-05-16,,2024,2024-04,45,,False,False,False,False,False,Micro (1-10)
"Hegmann, Vandervort and Grimes",Switzerland,46.204391,6.143158,Manufacturing & Production,Micro (1-10),Michael Brown,2024-02-25,SAAS,New,1,,,866,20,2025-02-17,,2024,2024-02,358,,False,False,False,False,True,Micro (1-10)
Nicolas LLC,France,48.864716,2.349014,Government Administration Healthcare,Micro (1-10),John Smith,2024-02-20,Services,New,1,,,940,50,2024-11-29,,2024,2024-02,283,,False,False,False,False,False,Micro (1-10)
Green-Wuckert,Portugal,38.736946,-9.142685,Banking and Finance,Micro (1-10),John Smith,2024-01-23,Custom solution,New,1,,,1024,30,2024-03-30,,2024,2024-01,67,,False,False,False,False,False,Micro (1-10)
"Walsh, Walter and Kuhic",Germany,52.520008,13.404954,Transportation & Logistics,Micro (1-10),Emily Johnson,2024-04-15,SAAS,New,1,,,1068,20,2024-12-25,,2024,2024-04,254,,False,False,False,False,True,Micro (1-10)
Hauck Inc,Italy,41.902782,12.496366,Manufacturing & Production,Micro (1-10),John Smith,2024-02-06,Services,New,1,,,902,20,2024-09-14,,2024,2024-02,221,,False,False,False,False,False,Micro (1-10)
Keeling-Gerhold,Italy,41.902782,12.496366,Government Administration Healthcare,Micro (1-10),Emily Johnson,2024-04-17,Custom solution,New,1,,,922,50,2024-10-10,,2024,2024-04,176,,False,False,False,False,False,Micro (1-10)
Bailey and Sons,Italy,41.902782,12.496366,Government Administration Healthcare,Micro (1-10),David Wilson,2024-02-08,SAAS,New,1,,,780,50,2024-10-11,,2024,2024-02,246,,False,False,False,False,True,Micro (1-10)
Thompson-Schuster,Netherlands,52.370216,4.895168,IT & IT Services,Micro (1-10),Jessica Martinez,2024-02-20,Services,New,1,,,387,30,2025-02-03,,2024,2024-02,349,,False,False,False,False,False,Micro (1-10)
"Bechtelar, Bechtelar and Kub",Switzerland,46.204391,6.143158,Government Administration Healthcare,Micro (1-10),John Smith,2024-03-06,Services,New,1,,,905,50,2025-01-15,,2024,2024-03,315,,False,False,False,False,False,Micro (1-10)
Krajcik and Sons,Portugal,38.736946,-9.142685,Recreation & Sports,Micro (1-10),Michael Brown,2024-01-29,SAAS,New,1,,,678,20,2024-06-07,,2024,2024-01,130,,False,False,False,False,True,Micro (1-10)
"Macejkovic, Goodwin and Towne",Portugal,38.736946,-9.142685,Manufacturing & Production,Micro (1-10),Jessica Martinez,2024-04-17,SAAS,New,1,,,883,70,2024-12-10,,2024,2024-04,237,,False,False,False,False,True,Micro (1-10)
O'Reilly LLC,Portugal,38.736946,-9.142685,Government Administration Healthcare,Micro (1-10),Michael Brown,2024-05-25,SAAS,New,1,,,1175,90,2025-01-16,,2024,2024-05,236,,False,False,False,False,True,Micro (1-10)
Kiehn Group,France,48.864716,2.349014,Retail & Distribution,Micro (1-10),Laura Thompson,2024-05-06,SAAS,New,1,,,493,20,2024-06-08,,2024,2024-05,33,,False,False,False,False,True,Micro (1-10)
Williamson-O'Conner,Spain,40.416775,-3.70379,Transportation & Logistics,Micro (1-10),Jessica Martinez,2024-05-16,SAAS,New,1,,,995,30,2024-06-10,,2024,2024-05,25,,False,False,False,False,True,Micro (1-10)
Runolfsdottir-Huels,Germany,52.520008,13.404954,Transportation & Logistics,Micro (1-10),John Smith,2024-05-23,Services,New,1,,,236,100,2025-02-06,,2024,2024-05,259,,False,False,False,False,False,Micro (1-10)
Walter Group,Italy,41.902782,12.496366,Transportation & Logistics,Micro (1-10),John Smith,2024-04-17,Services,New,1,,,762,20,2024-09-29,,2024,2024-04,165,,False,False,False,False,False,Micro (1-10)
Oberbrunner LLC,Italy,41.902782,12.496366,Banking and Finance,Micro (1-10),David Wilson,2024-03-13,Services,New,1,,,463,40,2025-02-19,,2024,2024-03,343,,False,False,False,False,False,Micro (1-10)
"Howell, Kozey and Pfannerstill",Italy,41.902782,12.496366,Transportation & Logistics,Micro (1-10),Michael Brown,2024-04-07,Custom solution,New,1,,,421,40,2025-03-11,,2024,2024-04,338,,False,False,False,False,False,Micro (1-10)
Jacobson LLC,Netherlands,52.370216,4.895168,Banking and Finance,Micro (1-10),Michael Brown,2024-01-29,SAAS,New,1,,,1089,30,2024-12-02,,2024,2024-01,308,,False,False,False,False,True,Micro (1-10)
Grant Inc,Austria,48.210033,16.363449,Banking and Finance,Micro (1-10),Laura Thompson,2024-05-03,SAAS,New,1,,,655,80,2024-09-17,,2024,2024-05,137,,False,False,False,False,True,Micro (1-10)
"Davis, Yundt and Cartwright",Switzerland,46.204391,6.143158,Transportation & Logistics,Micro (1-10),John Smith,2024-02-22,Services,New,1,,,453,10,2024-05-27,,2024,2024-02,95,,False,False,False,False,False,Micro (1-10)
"Schuster, Altenwerth and Hettinger",Switzerland,46.204391,6.143158,Government Administration Healthcare,Micro (1-10),Jessica Martinez,2024-04-14,SAAS,New,1,,,777,40,2024-08-05,,2024,2024-04,113,,False,False,False,False,True,Micro (1-10)
Wuckert-Mayert,France,48.864716,2.349014,IT & IT Services,Micro (1-10),Laura Thompson,2024-02-10,Services,New,1,,,719,80,2024-07-08,,2024,2024-02,149,,False,False,False,False,False,Micro (1-10)
"Heller, Cassin and Douglas",Portugal,38.736946,-9.142685,IT & IT Services,Micro (1-10),Emily Johnson,2024-05-06,Services,New,1,,,657,20,2025-01-31,,2024,2024-05,270,,False,False,False,False,False,Micro (1-10)
"Schroeder, Jacobson and Gottlieb",Switzerland,46.204391,6.143158,Transportation & Logistics,Micro (1-10),Laura Thompson,2024-01-09,Services,New,1,,,226,20,2024-07-26,,2024,2024-01,199,,False,False,False,False,False,Micro (1-10)
Klocko-Effertz,Germany,52.520008,13.404954,Entertainment & Media & Hospitality,Micro (1-10),Laura Thompson,2024-01-26,Services,New,1,,,439,30,2024-07-06,,2024,2024-01,162,,False,False,False,False,False,Micro (1-10)
"Rohan, Lueilwitz and Barrows",Switzerland,46.204391,6.143158,Agriculture & Mining,Micro (1-10),Emily Johnson,2024-02-22,Custom solution,New,1,,,311,20,2024-07-28,,2024,2024-02,157,,False,False,False,False,False,Micro (1-10)
Kunde Inc,Austria,48.210033,16.363449,IT & IT Services,Micro (1-10),Jessica Martinez,2024-02-10,SAAS,New,1,,,1160,60,2024-09-16,,2024,2024-02,219,,False,False,False,False,True,Micro (1-10)
"DuBuque, Smith and Price",Spain,40.416775,-3.70379,Recreation & Sports,Micro (1-10),Michael Brown,2024-05-01,SAAS,New,1,,,696,10,2024-07-20,,2024,2024-05,80,,False,False,False,False,True,Micro (1-10)
Jerde LLC,Spain,40.416775,-3.70379,Entertainment & Media & Hospitality,Micro (1-10),Laura Thompson,2024-04-20,Custom solution,New,1,,,696,50,2024-06-11,,2024,2024-04,52,,False,False,False,False,False,Micro (1-10)
O'Reilly-Kling,Germany,52.520008,13.404954,Banking and Finance,Micro (1-10),Emily Johnson,2024-04-04,Custom solution,New,1,,,633,50,2024-08-20,,2024,2024-04,138,,False,False,False,False,False,Micro (1-10)
"Gutkowski, Cassin and Conn",Austria,48.210033,16.363449,Retail & Distribution,Micro (1-10),Laura Thompson,2024-05-30,Services,New,1,,,683,20,2024-10-02,,2024,2024-05,125,,False,False,False,False,False,Micro (1-10)
Gusikowski-Murray,Belgium,51.260197,4.402771,Retail & Distribution,Micro (1-10),Laura Thompson,2024-04-14,SAAS,New,1,,,433,70,2024-12-21,,2024,2024-04,251,,False,False,False,False,True,Micro (1-10)
Haag-Murazik,Germany,52.520008,13.404954,Banking and Finance,Micro (1-10),Michael Brown,2024-02-12,SAAS,New,1,,,456,100,2024-10-19,,2024,2024-02,250,,False,False,False,False,True,Micro (1-10)
Doyle-Shields,Portugal,38.736946,-9.142685,Government Administration Healthcare,Micro (1-10),Sarah Davis,2024-05-11,SAAS,New,1,,,211,30,2024-09-11,,2024,2024-05,123,,False,False,False,False,True,Micro (1-10)
"Windler, Gutmann and Von",France,48.864716,2.349014,Education & Science,Micro (1-10),David Wilson,2024-04-14,Services,New,1,,,345,40,2025-01-22,,2024,2024-04,283,,False,False,False,False,False,Micro (1-10)
"Larkin, Nikolaus and Zboncak",Spain,40.416775,-3.70379,Retail & Distribution,Micro (1-10),Jessica Martinez,2024-03-12,SAAS,New,1,,,496,70,2024-06-23,,2024,2024-03,103,,False,False,False,False,True,Micro (1-10)
O'Keefe-Simonis,Portugal,38.736946,-9.142685,Banking and Finance,Micro (1-10),Laura Thompson,2024-05-14,SAAS,New,1,,,897,50,2024-08-11,,2024,2024-05,89,,False,False,False,False,True,Micro (1-10)
Torphy LLC,Italy,41.902782,12.496366,Construction & Engineering,Micro (1-10),David Wilson,2024-04-28,Custom solution,New,1,,,244,100,2025-04-20,,2024,2024-04,357,,False,False,False,False,False,Micro (1-10)
"Wolff, Stehr and Gutmann",Netherlands,52.370216,4.895168,Manufacturing & Production,Micro (1-10),John Smith,2024-04-29,SAAS,New,1,,,1181,20,2024-06-13,,2024,2024-04,45,,False,False,False,False,True,Micro (1-10)
"Murphy, Pfeffer and Hodkiewicz",Switzerland,46.204391,6.143158,Transportation & Logistics,Micro (1-10),Sarah Davis,2024-02-12,Services,New,1,,,447,90,2024-08-15,,2024,2024-02,185,,False,False,False,False,False,Micro (1-10)
Moore-Bailey,Portugal,38.736946,-9.142685,Professional Services  & Consulting,Micro (1-10),Laura Thompson,2024-05-08,Services,New,1,,,679,80,2025-01-19,,2024,2024-05,256,,False,False,False,False,False,Micro (1-10)
"Dach, Gottlieb and Denesik",Switzerland,46.204391,6.143158,Transportation & Logistics,Micro (1-10),Jessica Martinez,2024-04-15,Custom solution,New,1,,,705,50,2024-07-07,,2024,2024-04,83,,False,False,False,False,False,Micro (1-10)
"Sipes, Weimann and Veum",Netherlands,52.370216,4.895168,Retail & Distribution,Micro (1-10),Michael Brown,2024-05-23,Services,New,1,,,1155,70,2024-08-09,,2024,2024-05,78,,False,False,False,False,False,Micro (1-10)
Dooley Inc,Netherlands,52.370216,4.895168,Professional Services  & Consulting,Micro (1-10),Jessica Martinez,2024-02-22,SAAS,New,1,,,856,20,2024-10-08,,2024,2024-02,229,,False,False,False,False,True,Micro (1-10)
Beier Inc,Portugal,38.736946,-9.142685,Energy & Utilities,Micro (1-10),Emily Johnson,2024-02-15,SAAS,New,1,,,1100,40,2025-01-07,,2024,2024-02,327,,False,False,False,False,True,Micro (1-10)
"Schumm, Leuschke and Pfeffer",Portugal,38.736946,-9.142685,Government Administration Healthcare,Micro (1-10),David Wilson,2024-01-26,Services,New,1,,,277,30,2024-11-24,,2024,2024-01,303,,False,False,False,False,False,Micro (1-10)
"Huels, Rippin and MacGyver",Portugal,38.736946,-9.142685,Construction & Engineering,Micro (1-10),Michael Brown,2024-04-07,Services,New,1,,,597,90,2024-06-27,,2024,2024-04,81,,False,False,False,False,False,Micro (1-10)
Konopelski-Fritsch,Austria,48.210033,16.363449,Agriculture & Mining,Micro (1-10),Jessica Martinez,2024-05-22,Services,New,1,,,618,90,2024-07-14,,2024,2024-05,53,,False,False,False,False,False,Micro (1-10)
"Fisher, Ebert and Rodriguez",Belgium,51.260197,4.402771,Telecommunications,Micro (1-10),Laura Thompson,2024-05-09,SAAS,New,1,,,960,20,2025-04-23,,2024,2024-05,349,,False,False,False,False,True,Micro (1-10)
Schoen and Sons,Netherlands,52.370216,4.895168,Government Administration Healthcare,Micro (1-10),Jessica Martinez,2024-02-02,SAAS,New,1,,,944,30,2025-01-11,,2024,2024-02,344,,False,False,False,False,True,Micro (1-10)
Osinski-Jones,Italy,41.902782,12.496366,Professional Services  & Consulting,Micro (1-10),Laura Thompson,2024-03-02,SAAS,New,1,,,343,100,2024-05-13,,2024,2024-03,72,,False,False,False,False,True,Micro (1-10)
"Pfannerstill, Bernhard and Schuster",Switzerland,46.204391,6.143158,Telecommunications,Micro (1-10),Jessica Martinez,2024-01-06,SAAS,New,1,,,272,100,2024-12-04,,2024,2024-01,333,,False,False,False,False,True,Micro (1-10)
Kozey and Sons,France,48.864716,2.349014,Banking and Finance,Micro (1-10),Jessica Martinez,2024-02-07,SAAS,New,1,,,946,30,2024-12-04,,2024,2024-02,301,,False,False,False,False,True,Micro (1-10)
"Stiedemann, Cruickshank and Wintheiser",Portugal,38.736946,-9.142685,Manufacturing & Production,Micro (1-10),Michael Brown,2024-03-09,Services,New,1,,,720,40,2024-10-05,,2024,2024-03,210,,False,False,False,False,False,Micro (1-10)
"Smitham, Fadel and Wisoky",Belgium,51.260197,4.402771,Professional Services  & Consulting,Micro (1-10),Michael Brown,2024-02-07,Services,New,1,,,1196,50,2024-04-30,,2024,2024-02,83,,False,False,False,False,False,Micro (1-10)
Schuppe-Hauck,Portugal,38.736946,-9.142685,Agriculture & Mining,Micro (1-10),Jessica Martinez,2024-03-29,Custom solution,New,1,,,429,20,2025-02-08,,2024,2024-03,316,,False,False,False,False,False,Micro (1-10)
Leenti,Belgium,51.260197,4.402771,IT & IT Services,Medium (201-500),Michael Brown,2024-02-17,SAAS,New,1,,,2023,40,2024-09-24,,2024,2024-02,220,,False,False,False,False,True,Medium (201-500)
Centidel,Germany,52.520008,13.404954,Government Administration Healthcare,Medium (201-500),Michael Brown,2024-04-06,Services,New,1,,,7694,60,2024-08-08,,2024,2024-04,124,,False,False,False,False,False,Medium (201-500)
Yabox,Netherlands,52.370216,4.895168,Agriculture & Mining,Medium (201-500),Emily Johnson,2024-04-12,Services,New,1,,,3165,20,2024-06-07,,2024,2024-04,56,,False,False,False,False,False,Medium (201-500)
Brainsphere,Austria,48.210033,16.363449,Entertainment & Media & Hospitality,Medium (201-500),John Smith,2024-02-12,SAAS,New,1,,,7131,40,2024-11-12,,2024,2024-02,274,,False,False,False,False,True,Medium (201-500)
Voolia,Italy,41.902782,12.496366,IT & IT Services,Medium (201-500),Laura Thompson,2024-03-24,Services,New,1,,,648,60,2024-06-24,,2024,2024-03,92,,False,False,False,False,False,Medium (201-500)
Yodoo,Germany,52.520008,13.404954,Recreation & Sports,Medium (201-500),Michael Brown,2024-02-18,Services,New,1,,,3927,60,2024-04-14,,2024,2024-02,56,,False,False,False,False,False,Medium (201-500)
Lazz,Switzerland,46.204391,6.143158,IT & IT Services,Medium (201-500),Michael Brown,2024-03-23,SAAS,New,1,,,4421,30,2024-12-30,,2024,2024-03,282,,False,False,False,False,True,Medium (201-500)
Centizu,Spain,40.416775,-3.70379,Banking and Finance,Medium (201-500),Michael Brown,2024-05-15,Services,New,1,,,290,20,2025-01-23,,2024,2024-05,253,,False,False,False,False,False,Medium (201-500)
Skinix,Switzerland,46.204391,6.143158,Transportation & Logistics,Medium (201-500),Jessica Martinez,2024-03-11,SAAS,New,1,,,2699,80,2024-04-19,,2024,2024-03,39,,False,False,False,False,True,Medium (201-500)
Photobug,Switzerland,46.204391,6.143158,Banking and Finance,Medium (201-500),David Wilson,2024-01-06,SAAS,New,1,,,3195,100,2024-02-17,,2024,2024-01,42,,False,False,False,False,True,Medium (201-500)
Zoombeat,Spain,40.416775,-3.70379,Retail & Distribution,Medium (201-500),Michael Brown,2024-03-05,Services,New,1,,,1765,50,2024-04-14,,2024,2024-03,40,,False,False,False,False,False,Medium (201-500)
Buzzbean,Germany,52.520008,13.404954,Agriculture & Mining,Medium (201-500),Kevin Anderson,2024-04-08,SAAS,New,1,,,7602,30,2025-02-09,,2024,2024-04,307,,False,False,False,False,True,Medium (201-500)
Trupe,Italy,41.902782,12.496366,Education & Science,Medium (201-500),David Wilson,2024-02-25,SAAS,New,1,,,3872,20,2024-06-24,,2024,2024-02,120,,False,False,False,False,True,Medium (201-500)
Shuffletag,France,48.864716,2.349014,Banking and Finance,Medium (201-500),Michael Brown,2024-05-31,Services,New,1,,,6817,20,2024-08-27,,2024,2024-05,88,,False,False,False,False,False,Medium (201-500)
Skibox,Germany,52.520008,13.404954,Transportation & Logistics,Medium (201-500),Jessica Martinez,2024-03-19,SAAS,New,1,,,686,60,2025-02-07,,2024,2024-03,325,,False,False,False,False,True,Medium (201-500)
Riffwire,France,48.864716,2.349014,Entertainment & Media & Hospitality,Medium (201-500),Michael Brown,2024-05-07,Services,New,1,,,7489,40,2024-07-28,,2024,2024-05,82,,False,False,False,False,False,Medium (201-500)
Tagpad,France,48.864716,2.349014,Professional Services  & Consulting,Medium (201-500),Laura Thompson,2024-02-01,Services,New,1,,,361,20,2024-08-02,,2024,2024-02,183,,False,False,False,False,False,Medium (201-500)
Browsezoom,France,48.864716,2.349014,Transportation & Logistics,Medium (201-500),David Wilson,2024-01-29,SAAS,New,1,,,6737,80,2024-07-23,,2024,2024-01,176,,False,False,False,False,True,Medium (201-500)
Shufflebeat,Switzerland,46.204391,6.143158,Education & Science,Medium (201-500),Laura Thompson,2024-01-08,Custom solution,New,1,,,3058,10,2024-03-25,,2024,2024-01,77,,False,False,False,False,False,Medium (201-500)
Skinte,Austria,48.210033,16.363449,Recreation & Sports,Medium (201-500),Emily Johnson,2024-04-22,SAAS,New,1,,,6586,40,2025-02-03,,2024,2024-04,287,,False,False,False,False,True,Medium (201-500)
Innotype,Italy,41.902782,12.496366,Telecommunications,Medium (201-500),Laura Thompson,2024-05-18,Services,New,1,,,3108,40,2025-04-24,,2024,2024-05,341,,False,False,False,False,False,Medium (201-500)
Twitterwire,Austria,48.210033,16.363449,Energy & Utilities,Medium (201-500),Jessica Martinez,2024-05-19,SAAS,New,1,,,2864,20,2024-11-05,,2024,2024-05,170,,False,False,False,False,True,Medium (201-500)
Block and Sons,Belgium,51.260197,4.402771,IT & IT Services,Medium (201-500),Kevin Anderson,2024-04-07,Services,New,1,,,2513,20,2024-11-08,,2024,2024-04,215,,False,False,False,False,False,Medium (201-500)
Ernser-Rolfson,Italy,41.902782,12.496366,Transportation & Logistics,Medium (201-500),Jessica Martinez,2024-01-10,SAAS,New,1,,,2504,30,2024-07-01,,2024,2024-01,173,,False,False,False,False,True,Medium (201-500)
Leannon Inc,Austria,48.210033,16.363449,Transportation & Logistics,Medium (201-500),Sarah Davis,2024-01-15,Services,New,1,,,3666,40,2024-12-29,,2024,2024-01,349,,False,False,False,False,False,Medium (201-500)
Bins LLC,France,48.864716,2.349014,Recreation & Sports,Medium (201-500),Laura Thompson,2024-05-09,Services,New,1,,,5438,60,2024-11-11,,2024,2024-05,186,,False,False,False,False,False,Medium (201-500)
Farrell Group,Netherlands,52.370216,4.895168,Transportation & Logistics,Medium (201-500),Laura Thompson,2024-05-22,Services,New,1,,,1631,20,2024-12-09,,2024,2024-05,201,,False,False,False,False,False,Medium (201-500)
Jacobs-Rice,France,48.864716,2.349014,Education & Science,Medium (201-500),David Wilson,2024-01-24,SAAS,New,1,,,926,20,2024-04-18,,2024,2024-01,85,,False,False,False,False,True,Medium (201-500)
Rosenbaum Inc,France,48.864716,2.349014,Retail & Distribution,Medium (201-500),Jessica Martinez,2024-01-13,SAAS,New,1,,,4198,90,2024-02-19,,2024,2024-01,37,,False,False,False,False,True,Medium (201-500)
Schoen-Kovacek,France,48.864716,2.349014,Retail & Distribution,Medium (201-500),Jessica Martinez,2024-05-03,Custom solution,New,1,,,6604,50,2025-03-14,,2024,2024-05,315,,False,False,False,False,False,Medium (201-500)
"Fritsch, Kemmer and Littel",Portugal,38.736946,-9.142685,Transportation & Logistics,Medium (201-500),Jessica Martinez,2024-03-06,SAAS,New,1,,,959,50,2025-03-01,,2024,2024-03,360,,False,False,False,False,True,Medium (201-500)
"Crona, Morissette and Pouros",Netherlands,52.370216,4.895168,Energy & Utilities,Medium (201-500),Emily Johnson,2024-01-12,SAAS,New,1,,,2332,20,2024-03-16,,2024,2024-01,64,,False,False,False,False,True,Medium (201-500)
"Bayer, Altenwerth and Kozey",Germany,52.520008,13.404954,Transportation & Logistics,Medium (201-500),Laura Thompson,2024-01-20,Services,New,1,,,5288,40,2024-07-03,,2024,2024-01,165,,False,False,False,False,False,Medium (201-500)
Langworth Inc,Italy,41.902782,12.496366,Banking and Finance,Medium (201-500),Laura Thompson,2024-03-08,Custom solution,New,1,,,2839,30,2025-01-23,,2024,2024-03,321,,False,False,False,False,False,Medium (201-500)
"Schroeder, Stiedemann and Frami",Switzerland,46.204391,6.143158,Education & Science,Medium (201-500),Michael Brown,2024-04-13,SAAS,New,1,,,3677,70,2024-05-25,,2024,2024-04,42,,False,False,False,False,True,Medium (201-500)
Predovic Group,Netherlands,52.370216,4.895168,Entertainment & Media & Hospitality,Medium (201-500),Laura Thompson,2024-02-16,Custom solution,New,1,,,6388,90,2024-06-27,,2024,2024-02,132,,False,False,False,False,False,Medium (201-500)
"Lockman, Rath and Lynch",Germany,52.520008,13.404954,Construction & Engineering,Medium (201-500),Sarah Davis,2024-01-27,Services,New,1,,,4941,40,2024-04-03,,2024,2024-01,67,,False,False,False,False,False,Medium (201-500)
Waters-Swift,Portugal,38.736946,-9.142685,Agriculture & Mining,Medium (201-500),Jessica Martinez,2024-03-14,Services,New,1,,,1652,40,2025-02-26,,2024,2024-03,349,,False,False,False,False,False,Medium (201-500)
"Wisoky, Collins and Kling",Netherlands,52.370216,4.895168,Government Administration Healthcare,Medium (201-500),Michael Brown,2024-04-16,Services,New,1,,,1813,50,2024-09-11,,2024,2024-04,148,,False,False,False,False,False,Medium (201-500)
Koch and Sons,France,48.864716,2.349014,Recreation & Sports,Medium (201-500),Jessica Martinez,2024-03-27,Services,New,1,,,4568,20,2024-08-24,,2024,2024-03,150,,False,False,False,False,False,Medium (201-500)
Swaniawski-Schneider,Spain,40.416775,-3.70379,IT & IT Services,Medium (201-500),Michael Brown,2024-02-20,Custom solution,New,1,,,761,40,2025-02-01,,2024,2024-02,347,,False,False,False,False,False,Medium (201-500)
"Jaskolski, Auer and Morissette",Austria,48.210033,16.363449,Banking and Finance,Medium (201-500),Laura Thompson,2024-05-05,Custom solution,New,1,,,6194,50,2025-03-11,,2024,2024-05,310,,False,False,False,False,False,Medium (201-500)
Sauer Inc,Austria,48.210033,16.363449,Energy & Utilities,Medium (201-500),Kevin Anderson,2024-02-17,SAAS,New,1,,,1538,30,2024-05-31,,2024,2024-02,104,,False,False,False,False,True,Medium (201-500)
Osinski-Schultz,Switzerland,46.204391,6.143158,Agriculture & Mining,Medium (201-500),Laura Thompson,2024-03-26,Services,New,1,,,5141,80,2024-07-06,,2024,2024-03,102,,False,False,False,False,False,Medium (201-500)
Pouros-Gottlieb,France,48.864716,2.349014,IT & IT Services,Medium (201-500),Laura Thompson,2024-04-21,Services,New,1,,,4067,50,2024-11-04,,2024,2024-04,197,,False,False,False,False,False,Medium (201-500)
Lueilwitz and Sons,Austria,48.210033,16.363449,Professional Services  & Consulting,Medium (201-500),Sarah Davis,2024-05-28,Services,New,1,,,2214,60,2024-09-20,,2024,2024-05,115,,False,False,False,False,False,Medium (201-500)
Kirlin Inc,France,48.864716,2.349014,Construction & Engineering,Medium (201-500),Laura Thompson,2024-04-03,SAAS,New,1,,,7441,20,2024-09-22,,2024,2024-04,172,,False,False,False,False,True,Medium (201-500)
Stokes-Gulgowski,Austria,48.210033,16.363449,Banking and Finance,Medium (201-500),Kevin Anderson,2024-02-03,Custom solution,New,1,,,2263,20,2024-06-04,,2024,2024-02,122,,False,False,False,False,False,Medium (201-500)
Heller-Streich,Netherlands,52.370216,4.895168,Banking and Finance,Medium (201-500),David Wilson,2024-01-14,SAAS,New,1,,,4085,50,2024-05-29,,2024,2024-01,136,,False,False,False,False,True,Medium (201-500)
"Pollich, Cole and Morar",Italy,41.902782,12.496366,Manufacturing & Production,Medium (201-500),Kevin Anderson,2024-04-19,SAAS,New,1,,,6749,20,2024-08-14,,2024,2024-04,117,,False,False,False,False,True,Medium (201-500)
"Cummings, Mosciski and Bayer",Austria,48.210033,16.363449,Professional Services  & Consulting,Medium (201-500),Michael Brown,2024-01-16,SAAS,New,1,,,422,40,2024-03-21,,2024,2024-01,65,,False,False,False,False,True,Medium (201-500)
Fay LLC,Italy,41.902782,12.496366,Energy & Utilities,Medium (201-500),Jessica Martinez,2024-05-30,Custom solution,New,1,,,3211,30,2025-02-25,,2024,2024-05,271,,False,False,False,False,False,Medium (201-500)
Kassulke Inc,Germany,52.520008,13.404954,Transportation & Logistics,Medium (201-500),Jessica Martinez,2024-01-13,SAAS,New,1,,,1894,20,2024-05-07,,2024,2024-01,115,,False,False,False,False,True,Medium (201-500)
Osinski Group,Belgium,51.260197,4.402771,Government Administration Healthcare,Medium (201-500),Emily Johnson,2024-03-25,Services,New,1,,,6133,30,2024-07-05,,2024,2024-03,102,,False,False,False,False,False,Medium (201-500)
"Blanda, Schuster and Schulist",France,48.864716,2.349014,Transportation & Logistics,Medium (201-500),Emily Johnson,2024-02-01,Services,New,1,,,3536,50,2024-04-05,,2024,2024-02,64,,False,False,False,False,False,Medium (201-500)
Reinger-Rutherford,Italy,41.902782,12.496366,Banking and Finance,Medium (201-500),Sarah Davis,2024-05-31,Custom solution,New,1,,,6276,20,2025-02-12,,2024,2024-05,257,,False,False,False,False,False,Medium (201-500)
Hintz-Franecki,France,48.864716,2.349014,Agriculture & Mining,Medium (201-500),Laura Thompson,2024-05-11,Services,New,1,,,5423,50,2024-12-23,,2024,2024-05,226,,False,False,False,False,False,Medium (201-500)
"Emmerich, Hammes and Jacobs",Germany,52.520008,13.404954,Manufacturing & Production,Medium (201-500),Jessica Martinez,2024-04-20,Services,New,1,,,1217,20,2025-02-24,,2024,2024-04,310,,False,False,False,False,False,Medium (201-500)
Blick Group,Germany,52.520008,13.404954,Government Administration Healthcare,Medium (201-500),Michael Brown,2024-01-31,Services,New,1,,,4737,80,2024-05-22,,2024,2024-01,112,,False,False,False,False,False,Medium (201-500)
"Rutherford, Christiansen and Marquardt",Switzerland,46.204391,6.143158,Transportation & Logistics,Medium (201-500),John Smith,2024-04-29,SAAS,New,1,,,5200,20,2025-04-24,,2024,2024-04,360,,False,False,False,False,True,Medium (201-500)
Littel-Ritchie,Italy,41.902782,12.496366,IT & IT Services,Medium (201-500),Kevin Anderson,2024-01-10,Custom solution,New,1,,,6127,60,2024-07-02,,2024,2024-01,174,,False,False,False,False,False,Medium (201-500)
"Carroll, Boehm and Zemlak",Switzerland,46.204391,6.143158,Recreation & Sports,Medium (201-500),Laura Thompson,2024-01-03,Custom solution,New,1,,,1449,10,2024-07-23,,2024,2024-01,202,,False,False,False,False,False,Medium (201-500)
Lockman and Sons,France,48.864716,2.349014,Agriculture & Mining,Medium (201-500),David Wilson,2024-03-20,Services,New,1,,,4897,40,2024-12-18,,2024,2024-03,273,,False,False,False,False,False,Medium (201-500)
"Dickinson, Hessel and Luettgen",Portugal,38.736946,-9.142685,Entertainment & Media & Hospitality,Medium (201-500),Jessica Martinez,2024-03-15,SAAS,New,1,,,2131,20,2024-05-24,,2024,2024-03,70,,False,False,False,False,True,Medium (201-500)
Macejkovic Inc,France,48.864716,2.349014,Transportation & Logistics,Medium (201-500),Laura Thompson,2024-02-20,SAAS,New,1,,,3412,50,2025-01-08,,2024,2024-02,323,,False,False,False,False,True,Medium (201-500)
Botsford-Reichel,Switzerland,46.204391,6.143158,IT & IT Services,Medium (201-500),Emily Johnson,2024-01-04,Custom solution,New,1,,,6066,40,2024-05-18,,2024,2024-01,135,,False,False,False,False,False,Medium (201-500)
"Schumm, Quigley and Goldner",Austria,48.210033,16.363449,Energy & Utilities,Medium (201-500),Jessica Martinez,2024-02-12,Services,New,1,,,7000,40,2024-04-14,,2024,2024-02,62,,False,False,False,False,False,Medium (201-500)
Hahn Group,Belgium,51.260197,4.402771,Manufacturing & Production,Medium (201-500),Laura Thompson,2024-02-12,Custom solution,New,1,,,5247,50,2025-01-28,,2024,2024-02,351,,False,False,False,False,False,Medium (201-500)
Crooks and Sons,France,48.864716,2.349014,Recreation & Sports,Medium (201-500),Laura Thompson,2024-04-10,Services,New,1,,,6449,10,2025-02-12,,2024,2024-04,308,,False,False,False,False,False,Medium (201-500)
Wehner and Sons,Portugal,38.736946,-9.142685,Banking and Finance,Medium (201-500),Kevin Anderson,2024-05-29,SAAS,New,1,,,774,70,2025-05-08,,2024,2024-05,344,,False,False,False,False,True,Medium (201-500)
"Botsford, Ebert and Keebler",France,48.864716,2.349014,Government Administration Healthcare,Medium (201-500),Jessica Martinez,2024-03-31,Services,New,1,,,3600,70,2024-05-20,,2024,2024-03,50,,False,False,False,False,False,Medium (201-500)
Runte and Sons,Italy,41.902782,12.496366,Retail & Distribution,Medium (201-500),David Wilson,2024-03-11,Services,New,1,,,478,20,2025-02-02,,2024,2024-03,328,,False,False,False,False,False,Medium (201-500)
Dach Group,Italy,41.902782,12.496366,Transportation & Logistics,Medium (201-500),Laura Thompson,2024-05-19,Services,New,1,,,6164,40,2025-02-06,,2024,2024-05,263,,False,False,False,False,False,Medium (201-500)
Ernser-Ebert,Belgium,51.260197,4.402771,Professional Services  & Consulting,Medium (201-500),Sarah Davis,2024-04-02,SAAS,New,1,,,1794,50,2024-05-29,,2024,2024-04,57,,False,False,False,False,True,Medium (201-500)
Koss Group,Italy,41.902782,12.496366,IT & IT Services,Medium (201-500),Sarah Davis,2024-01-02,Custom solution,New,1,,,6881,20,2024-08-09,,2024,2024-01,220,,False,False,False,False,False,Medium (201-500)
"Von, Torp and Deckow",Italy,41.902782,12.496366,Professional Services  & Consulting,Medium (201-500),Michael Brown,2024-04-22,Custom solution,New,1,,,1580,10,2025-04-12,,2024,2024-04,355,,False,False,False,False,False,Medium (201-500)
"Morar, Runolfsdottir and Kris",Italy,41.902782,12.496366,Education & Science,Medium (201-500),Michael Brown,2024-03-09,SAAS,New,1,,,4840,10,2024-10-22,,2024,2024-03,227,,False,False,False,False,True,Medium (201-500)
"Fahey, Paucek and Barrows",Spain,40.416775,-3.70379,Construction & Engineering,Medium (201-500),Laura Thompson,2024-01-31,Services,New,1,,,5943,30,2024-07-10,,2024,2024-01,161,,False,False,False,False,False,Medium (201-500)
Stanton-Quitzon,Switzerland,46.204391,6.143158,Banking and Finance,Medium (201-500),Laura Thompson,2024-01-31,SAAS,New,1,,,4116,90,2024-11-06,,2024,2024-01,280,,False,False,False,False,True,Medium (201-500)
"Fay, Stroman and O'Keefe",Italy,41.902782,12.496366,Government Administration Healthcare,Medium (201-500),Laura Thompson,2024-05-06,SAAS,New,1,,,4588,30,2025-03-06,,2024,2024-05,304,,False,False,False,False,True,Medium (201-500)
"Morar, Nolan and Hoeger",Germany,52.520008,13.404954,Banking and Finance,Medium (201-500),Michael Brown,2024-01-30,SAAS,New,1,,,7420,80,2024-09-17,,2024,2024-01,231,,False,False,False,False,True,Medium (201-500)
Herzog Group,Portugal,38.736946,-9.142685,IT & IT Services,Medium (201-500),Michael Brown,2024-03-06,SAAS,New,1,,,1956,40,2024-08-10,,2024,2024-03,157,,False,False,False,False,True,Medium (201-500)
Kreiger and Sons,Switzerland,46.204391,6.143158,Banking and Finance,Medium (201-500),Sarah Davis,2024-05-16,SAAS,New,1,,,3137,30,2024-06-05,,2024,2024-05,20,,False,False,False,False,True,Medium (201-500)
Walsh-Weber,Spain,40.416775,-3.70379,Transportation & Logistics,Medium (201-500),Laura Thompson,2024-03-31,Services,New,1,,,3915,20,2024-05-03,,2024,2024-03,33,,False,False,False,False,False,Medium (201-500)
Heaney-Schneider,Switzerland,46.204391,6.143158,Agriculture & Mining,Medium (201-500),Sarah Davis,2024-05-22,SAAS,New,1,,,764,90,2024-11-23,,2024,2024-05,185,,False,False,False,False,True,Medium (201-500)
Bernhard-McCullough,Germany,52.520008,13.404954,Telecommunications,Medium (201-500),Laura Thompson,2024-04-20,Services,New,1,,,3298,20,2024-11-09,,2024,2024-04,203,,False,False,False,False,False,Medium (201-500)
Weissnat-D'Amore,Netherlands,52.370216,4.895168,Transportation & Logistics,Medium (201-500),John Smith,2024-05-28,Services,New,1,,,5766,20,2024-07-23,,2024,2024-05,56,,False,False,False,False,False,Medium (201-500)
"Bruen, Daugherty and Strosin",Austria,48.210033,16.363449,Transportation & Logistics,Medium (201-500),Michael Brown,2024-05-03,Services,New,1,,,1937,30,2024-06-26,,2024,2024-05,54,,False,False,False,False,False,Medium (201-500)
"Bailey, Heaney and Champlin",Netherlands,52.370216,4.895168,IT & IT Services,Medium (201-500),Emily Johnson,2024-02-11,Services,New,1,,,6782,60,2024-04-01,,2024,2024-02,50,,False,False,False,False,False,Medium (201-500)
Bartoletti and Sons,Netherlands,52.370216,4.895168,Telecommunications,Medium (201-500),Emily Johnson,2024-03-17,Services,New,1,,,2270,10,2024-09-18,,2024,2024-03,185,,False,False,False,False,False,Medium (201-500)
Green-Leuschke,Germany,52.520008,13.404954,Manufacturing & Production,Medium (201-500),Michael Brown,2024-03-29,Services,New,1,,,7722,80,2024-09-09,,2024,2024-03,164,,False,False,False,False,False,Medium (201-500)
Pouros LLC,Belgium,51.260197,4.402771,Transportation & Logistics,Medium (201-500),Kevin Anderson,2024-05-18,Services,New,1,,,3419,90,2025-02-19,,2024,2024-05,277,,False,False,False,False,False,Medium (201-500)
Rau-Erdman,Germany,52.520008,13.404954,Education & Science,Medium (201-500),Sarah Davis,2024-02-29,SAAS,New,1,,,7103,50,2025-01-04,,2024,2024-02,310,,False,False,False,False,True,Medium (201-500)
Gutkowski-Williamson,Italy,41.902782,12.496366,IT & IT Services,Medium (201-500),Laura Thompson,2024-03-20,Services,New,1,,,7155,40,2025-02-15,,2024,2024-03,332,,False,False,False,False,False,Medium (201-500)
"Daugherty, Torphy and Goldner",Switzerland,46.204391,6.143158,Construction & Engineering,Medium (201-500),Emily Johnson,2024-01-02,SAAS,New,1,,,7505,50,2024-08-25,,2024,2024-01,236,,False,False,False,False,True,Medium (201-500)
Hoppe LLC,Italy,41.902782,12.496366,Banking and Finance,Medium (201-500),Emily Johnson,2024-05-06,SAAS,New,1,,,1076,20,2024-08-04,,2024,2024-05,90,,False,False,False,False,True,Medium (201-500)
McLaughlin-Glover,Germany,52.520008,13.404954,Transportation & Logistics,Medium (201-500),Laura Thompson,2024-02-18,SAAS,New,1,,,3880,20,2024-05-09,,2024,2024-02,81,,False,False,False,False,True,Medium (201-500)
Graham LLC,France,48.864716,2.349014,Telecommunications,Medium (201-500),Michael Brown,2024-02-27,Custom solution,New,1,,,1854,20,2024-09-11,,2024,2024-02,197,,False,False,False,False,False,Medium (201-500)
"Davis, Herzog and Hudson",Portugal,38.736946,-9.142685,Recreation & Sports,Medium (201-500),Kevin Anderson,2024-04-08,Services,New,1,,,6316,40,2024-12-23,,2024,2024-04,259,,False,False,False,False,False,Medium (201-500)
Gleichner-Kuhic,Italy,41.902782,12.496366,Banking and Finance,Medium (201-500),Laura Thompson,2024-05-10,Services,New,1,,,7557,90,2025-02-08,,2024,2024-05,274,,False,False,False,False,False,Medium (201-500)
Miller-Dibbert,Belgium,51.260197,4.402771,Banking and Finance,Medium (201-500),David Wilson,2024-03-29,Services,New,1,,,5533,60,2024-12-30,,2024,2024-03,276,,False,False,False,False,False,Medium (201-500)
"Hane, Wolf and Gleichner",France,48.864716,2.349014,Energy & Utilities,Medium (201-500),Sarah Davis,2024-03-12,Services,New,1,,,3045,20,2024-04-29,,2024,2024-03,48,,False,False,False,False,False,Medium (201-500)
Bauch-Strosin,Germany,52.520008,13.404954,IT & IT Services,Medium (201-500),Jessica Martinez,2024-03-01,Services,New,1,,,6633,100,2024-10-21,,2024,2024-03,234,,False,False,False,False,False,Medium (201-500)
"Walter, Sporer and Fisher",Portugal,38.736946,-9.142685,Transportation & Logistics,Medium (201-500),Emily Johnson,2024-02-09,Custom solution,New,1,,,707,30,2024-02-29,,2024,2024-02,20,,False,False,False,False,False,Medium (201-500)
"Parker, Terry and Upton",Italy,41.902782,12.496366,Transportation & Logistics,Medium (201-500),Laura Thompson,2024-02-25,SAAS,New,1,,,2422,30,2024-12-19,,2024,2024-02,298,,False,False,False,False,True,Medium (201-500)
Leannon-Crooks,Belgium,51.260197,4.402771,Transportation & Logistics,Medium (201-500),Laura Thompson,2024-02-23,Services,New,1,,,4070,60,2024-04-04,,2024,2024-02,41,,False,False,False,False,False,Medium (201-500)
McCullough-West,Netherlands,52.370216,4.895168,Banking and Finance,Medium (201-500),Laura Thompson,2024-01-17,Services,New,1,,,2596,20,2024-06-05,,2024,2024-01,140,,False,False,False,False,False,Medium (201-500)
"Doyle, Moore and Streich",Germany,52.520008,13.404954,Transportation & Logistics,Medium (201-500),David Wilson,2024-02-15,SAAS,New,1,,,4915,40,2024-11-29,,2024,2024-02,288,,False,False,False,False,True,Medium (201-500)
"Champlin, Murphy and Kassulke",Italy,41.902782,12.496366,Government Administration Healthcare,Medium (201-500),Jessica Martinez,2024-03-24,Custom solution,New,1,,,7272,60,2025-02-25,,2024,2024-03,338,,False,False,False,False,False,Medium (201-500)
McClure Inc,Italy,41.902782,12.496366,Transportation & Logistics,Medium (201-500),David Wilson,2024-03-28,Services,New,1,,,2908,40,2024-10-09,,2024,2024-03,195,,False,False,False,False,False,Medium (201-500)
Ruecker and Sons,Switzerland,46.204391,6.143158,Banking and Finance,Medium (201-500),Laura Thompson,2024-05-04,SAAS,New,1,,,1508,50,2024-10-13,,2024,2024-05,162,,False,False,False,False,True,Medium (201-500)
Kris-Ankunding,France,48.864716,2.349014,Recreation & Sports,Medium (201-500),Laura Thompson,2024-03-12,SAAS,New,1,,,349,60,2025-02-12,,2024,2024-03,337,,False,False,False,False,True,Medium (201-500)
Weimann Inc,France,48.864716,2.349014,Banking and Finance,Medium (201-500),Michael Brown,2024-03-01,Services,New,1,,,6829,40,2024-08-14,,2024,2024-03,166,,False,False,False,False,False,Medium (201-500)
Auer Inc,Italy,41.902782,12.496366,Manufacturing & Production,Medium (201-500),Emily Johnson,2024-03-20,Services,New,1,,,1866,20,2024-10-13,,2024,2024-03,207,,False,False,False,False,False,Medium (201-500)
"Dare, Feest and Rosenbaum",Germany,52.520008,13.404954,Professional Services  & Consulting,Medium (201-500),Michael Brown,2024-03-20,Services,New,1,,,2334,60,2024-07-23,,2024,2024-03,125,,False,False,False,False,False,Medium (201-500)
"Kshlerin, Ledner and Flatley",Belgium,51.260197,4.402771,Retail & Distribution,Medium (201-500),Kevin Anderson,2024-02-08,Services,New,1,,,612,30,2024-06-23,,2024,2024-02,136,,False,False,False,False,False,Medium (201-500)
Price-Breitenberg,Portugal,38.736946,-9.142685,Retail & Distribution,Medium (201-500),Michael Brown,2024-05-11,SAAS,New,1,,,1780,40,2024-10-04,,2024,2024-05,146,,False,False,False,False,True,Medium (201-500)
"Grant, Hayes and Jast",Germany,52.520008,13.404954,Professional Services  & Consulting,Medium (201-500),David Wilson,2024-03-24,Services,New,1,,,1157,30,2024-07-29,,2024,2024-03,127,,False,False,False,False,False,Medium (201-500)
"Donnelly, Hettinger and Pacocha",Italy,41.902782,12.496366,Banking and Finance,Medium (201-500),Laura Thompson,2024-03-07,Services,New,1,,,7851,30,2024-10-11,,2024,2024-03,218,,False,False,False,False,False,Medium (201-500)
Goodwin Group,France,48.864716,2.349014,Professional Services  & Consulting,Medium (201-500),Sarah Davis,2024-01-21,Services,New,1,,,1721,50,2024-08-09,,2024,2024-01,201,,False,False,False,False,False,Medium (201-500)
"Murphy, Hahn and Heaney",Switzerland,46.204391,6.143158,Entertainment & Media & Hospitality,Medium (201-500),David Wilson,2024-03-02,SAAS,New,1,,,3474,40,2024-04-14,,2024,2024-03,43,,False,False,False,False,True,Medium (201-500)
Rippin Group,Germany,52.520008,13.404954,Energy & Utilities,Medium (201-500),Kevin Anderson,2024-04-13,Services,New,1,,,1249,30,2025-01-14,,2024,2024-04,276,,False,False,False,False,False,Medium (201-500)
Renner and Sons,Spain,40.416775,-3.70379,Agriculture & Mining,Medium (201-500),Emily Johnson,2024-03-27,SAAS,New,1,,,2734,40,2025-01-30,,2024,2024-03,309,,False,False,False,False,True,Medium (201-500)
"Bogan, Walsh and Powlowski",Belgium,51.260197,4.402771,Transportation & Logistics,Medium (201-500),Kevin Anderson,2024-05-06,Services,New,1,,,6083,40,2024-07-16,,2024,2024-05,71,,False,False,False,False,False,Medium (201-500)
Bins Inc,Belgium,51.260197,4.402771,Transportation & Logistics,Medium (201-500),Laura Thompson,2024-01-05,Services,New,1,,,2744,70,2024-12-30,,2024,2024-01,360,,False,False,False,False,False,Medium (201-500)
"Watsica, Spencer and Carter",Portugal,38.736946,-9.142685,Retail & Distribution,Medium (201-500),David Wilson,2024-01-15,SAAS,New,1,,,2259,80,2024-07-30,,2024,2024-01,197,,False,False,False,False,True,Medium (201-500)
Kohler and Sons,Switzerland,46.204391,6.143158,Banking and Finance,Medium (201-500),Jessica Martinez,2024-05-20,SAAS,New,1,,,1092,40,2025-04-23,,2024,2024-05,338,,False,False,False,False,True,Medium (201-500)
"Walter, Schowalter and Denesik",Portugal,38.736946,-9.142685,Transportation & Logistics,Medium (201-500),Michael Brown,2024-02-06,SAAS,New,1,,,6678,100,2024-09-06,,2024,2024-02,213,,False,False,False,False,True,Medium (201-500)
Schmitt and Sons,France,48.864716,2.349014,IT & IT Services,Medium (201-500),Michael Brown,2024-04-05,Custom solution,New,1,,,2005,30,2024-07-19,,2024,2024-04,105,,False,False,False,False,False,Medium (201-500)
Erdman and Sons,Spain,40.416775,-3.70379,Government Administration Healthcare,Medium (201-500),David Wilson,2024-02-08,Custom solution,New,1,,,7677,10,2024-07-20,,2024,2024-02,163,,False,False,False,False,False,Medium (201-500)
"MacGyver, Halvorson and Dietrich",Switzerland,46.204391,6.143158,Transportation & Logistics,Medium (201-500),Kevin Anderson,2024-03-13,Services,New,1,,,6331,80,2024-07-30,,2024,2024-03,139,,False,False,False,False,False,Medium (201-500)
Stark-Gislason,Portugal,38.736946,-9.142685,Recreation & Sports,Medium (201-500),Kevin Anderson,2024-01-27,Services,New,1,,,3130,20,2024-03-28,,2024,2024-01,61,,False,False,False,False,False,Medium (201-500)
Prosacco-Kub,Italy,41.902782,12.496366,Recreation & Sports,Medium (201-500),Sarah Davis,2024-02-06,SAAS,New,1,,,7247,60,2024-05-28,,2024,2024-02,112,,False,False,False,False,True,Medium (201-500)
Green-Kuhlman,Germany,52.520008,13.404954,Professional Services  & Consulting,Medium (201-500),Laura Thompson,2024-04-19,Services,New,1,,,5609,90,2025-03-27,,2024,2024-04,342,,False,False,False,False,False,Medium (201-500)
Runolfsson-Konopelski,Italy,41.902782,12.496366,Transportation & Logistics,Medium (201-500),Emily Johnson,2024-04-18,Services,New,1,,,4369,50,2025-03-13,,2024,2024-04,329,,False,False,False,False,False,Medium (201-500)
Witting-Harvey,Switzerland,46.204391,6.143158,Transportation & Logistics,Medium (201-500),Jessica Martinez,2024-03-27,Custom solution,New,1,,,4214,50,2024-08-04,,2024,2024-03,130,,False,False,False,False,False,Medium (201-500)
Kozey LLC,Switzerland,46.204391,6.143158,Education & Science,Medium (201-500),Jessica Martinez,2024-05-31,SAAS,New,1,,,824,80,2025-05-20,,2024,2024-05,354,,False,False,False,False,True,Medium (201-500)
"Kunde, Trantow and Smitham",Austria,48.210033,16.363449,Banking and Finance,Medium (201-500),Laura Thompson,2024-04-13,SAAS,New,1,,,639,40,2024-10-15,,2024,2024-04,185,,False,False,False,False,True,Medium (201-500)
Hills LLC,Belgium,51.260197,4.402771,Banking and Finance,Medium (201-500),David Wilson,2024-05-08,Services,New,1,,,2686,20,2025-02-19,,2024,2024-05,287,,False,False,False,False,False,Medium (201-500)
"Frami, Homenick and Okuneva",Netherlands,52.370216,4.895168,Agriculture & Mining,Medium (201-500),Kevin Anderson,2024-05-01,SAAS,New,1,,,465,20,2024-12-28,,2024,2024-05,241,,False,False,False,False,True,Medium (201-500)
Lind Inc,Austria,48.210033,16.363449,Agriculture & Mining,Medium (201-500),Sarah Davis,2024-01-21,Services,New,1,,,2049,90,2024-09-08,,2024,2024-01,231,,False,False,False,False,False,Medium (201-500)
O'Conner Inc,Italy,41.902782,12.496366,Retail & Distribution,Medium (201-500),Sarah Davis,2024-04-18,Services,New,1,,,5160,20,2024-08-09,,2024,2024-04,113,,False,False,False,False,False,Medium (201-500)
Ondricka-Leuschke,Netherlands,52.370216,4.895168,IT & IT Services,Medium (201-500),Michael Brown,2024-01-06,Services,New,1,,,2783,60,2024-03-22,,2024,2024-01,76,,False,False,False,False,False,Medium (201-500)
"Leuschke, Will and Wuckert",France,48.864716,2.349014,Agriculture & Mining,Medium (201-500),Emily Johnson,2024-01-15,Services,New,1,,,727,40,2024-11-12,,2024,2024-01,302,,False,False,False,False,False,Medium (201-500)
Bartell LLC,Austria,48.210033,16.363449,Government Administration Healthcare,Medium (201-500),Laura Thompson,2024-03-01,SAAS,New,1,,,6977,40,2024-08-15,,2024,2024-03,167,,False,False,False,False,True,Medium (201-500)
"Paucek, Borer and Dooley",Italy,41.902782,12.496366,Manufacturing & Production,Medium (201-500),David Wilson,2024-05-28,Services,New,1,,,5086,60,2025-02-19,,2024,2024-05,267,,False,False,False,False,False,Medium (201-500)
Gislason LLC,Switzerland,46.204391,6.143158,Professional Services  & Consulting,Medium (201-500),Michael Brown,2024-01-27,Custom solution,New,1,,,7919,90,2025-01-11,,2024,2024-01,350,,False,False,False,False,False,Medium (201-500)
Wilderman-Waters,Belgium,51.260197,4.402771,Transportation & Logistics,Medium (201-500),David Wilson,2024-02-14,Custom solution,New,1,,,7875,10,2024-10-15,,2024,2024-02,244,,False,False,False,False,False,Medium (201-500)
"Shields, Beatty and DuBuque",Belgium,51.260197,4.402771,Construction & Engineering,Medium (201-500),Emily Johnson,2024-05-13,SAAS,New,1,,,3763,20,2024-10-10,,2024,2024-05,150,,False,False,False,False,True,Medium (201-500)
Hand-Lindgren,Germany,52.520008,13.404954,Telecommunications,Medium (201-500),Jessica Martinez,2024-01-02,SAAS,New,1,,,6783,20,2024-03-04,,2024,2024-01,62,,False,False,False,False,True,Medium (201-500)
"Nikolaus, Koelpin and Kilback",Netherlands,52.370216,4.895168,Professional Services  & Consulting,Medium (201-500),Laura Thompson,2024-03-05,Custom solution,New,1,,,5323,50,2024-10-21,,2024,2024-03,230,,False,False,False,False,False,Medium (201-500)
"Hessel, Ullrich and O'Keefe",Spain,40.416775,-3.70379,Banking and Finance,Medium (201-500),Emily Johnson,2024-03-25,Services,New,1,,,6797,40,2024-06-14,,2024,2024-03,81,,False,False,False,False,False,Medium (201-500)
"Auer, Reichert and Conn",Italy,41.902782,12.496366,Transportation & Logistics,Medium (201-500),Laura Thompson,2024-04-19,Services,New,1,,,5063,20,2024-07-05,,2024,2024-04,77,,False,False,False,False,False,Medium (201-500)
"Klocko, Brekke and O'Connell",Germany,52.520008,13.404954,Manufacturing & Production,Medium (201-500),Laura Thompson,2024-05-07,SAAS,New,1,,,7039,20,2024-11-16,,2024,2024-05,193,,False,False,False,False,True,Medium (201-500)
Mueller-Doyle,Belgium,51.260197,4.402771,Banking and Finance,Medium (201-500),David Wilson,2024-02-14,SAAS,New,1,,,4498,90,2024-07-02,,2024,2024-02,139,,False,False,False,False,True,Medium (201-500)
Hauck-McDermott,Belgium,51.260197,4.402771,IT & IT Services,Medium (201-500),Sarah Davis,2024-01-15,SAAS,New,1,,,6073,70,2024-03-03,,2024,2024-01,48,,False,False,False,False,True,Medium (201-500)
Bahringer-Rohan,Italy,41.902782,12.496366,Banking and Finance,Medium (201-500),David Wilson,2024-04-21,SAAS,New,1,,,4800,20,2025-03-18,,2024,2024-04,331,,False,False,False,False,True,Medium (201-500)
O'Hara-Russel,France,48.864716,2.349014,Banking and Finance,Medium (201-500),Sarah Davis,2024-01-05,Custom solution,New,1,,,3325,30,2024-11-01,,2024,2024-01,301,,False,False,False,False,False,Medium (201-500)
"MacGyver, Morar and Bosco",France,48.864716,2.349014,Banking and Finance,Medium (201-500),John Smith,2024-03-15,SAAS,New,1,,,1199,100,2024-12-23,,2024,2024-03,283,,False,False,False,False,True,Medium (201-500)
Rice-Steuber,France,48.864716,2.349014,IT & IT Services,Medium (201-500),Sarah Davis,2024-04-01,Services,New,1,,,5621,40,2025-02-06,,2024,2024-04,311,,False,False,False,False,False,Medium (201-500)
"Wisoky, Vandervort and Beahan",Switzerland,46.204391,6.143158,Government Administration Healthcare,Medium (201-500),Jessica Martinez,2024-01-23,SAAS,New,1,,,2549,60,2024-10-31,,2024,2024-01,282,,False,False,False,False,True,Medium (201-500)
"Reynolds, Parisian and Steuber",Portugal,38.736946,-9.142685,Government Administration Healthcare,Medium (201-500),Jessica Martinez,2024-04-10,Services,New,1,,,3219,40,2024-08-25,,2024,2024-04,137,,False,False,False,False,False,Medium (201-500)
Smith Group,Germany,52.520008,13.404954,Professional Services  & Consulting,Medium (201-500),David Wilson,2024-03-19,Services,New,1,,,2160,50,2024-07-27,,2024,2024-03,130,,False,False,False,False,False,Medium (201-500)
Swaniawski Inc,Netherlands,52.370216,4.895168,IT & IT Services,Medium (201-500),John Smith,2024-02-11,SAAS,New,1,,,1545,20,2024-03-22,,2024,2024-02,40,,False,False,False,False,True,Medium (201-500)
"VonRueden, Hodkiewicz and Schmeler",Portugal,38.736946,-9.142685,Entertainment & Media & Hospitality,Medium (201-500),Jessica Martinez,2024-04-27,SAAS,New,1,,,229,50,2025-01-08,,2024,2024-04,256,,False,False,False,False,True,Medium (201-500)
Dare LLC,Spain,40.416775,-3.70379,Telecommunications,Medium (201-500),Michael Brown,2024-03-27,Services,New,1,,,285,20,2024-12-14,,2024,2024-03,262,,False,False,False,False,False,Medium (201-500)
Hand Group,Portugal,38.736946,-9.142685,Construction & Engineering,Medium (201-500),Emily Johnson,2024-05-26,Custom solution,New,1,,,6838,90,2025-02-06,,2024,2024-05,256,,False,False,False,False,False,Medium (201-500)
"Simonis, Adams and Homenick",Germany,52.520008,13.404954,Transportation & Logistics,Medium (201-500),David Wilson,2024-01-18,SAAS,New,1,,,4339,30,2024-09-27,,2024,2024-01,253,,False,False,False,False,True,Medium (201-500)
"Greenfelder, Miller and Sauer",Spain,40.416775,-3.70379,IT & IT Services,Medium (201-500),Laura Thompson,2024-01-27,Services,New,1,,,3405,10,2024-06-12,,2024,2024-01,137,,False,False,False,False,False,Medium (201-500)
"Deckow, Wunsch and Gerlach",Portugal,38.736946,-9.142685,Banking and Finance,Medium (201-500),Michael Brown,2024-05-11,SAAS,New,1,,,2221,90,2024-06-26,,2024,2024-05,46,,False,False,False,False,True,Medium (201-500)
McDermott LLC,Germany,52.520008,13.404954,Transportation & Logistics,Medium (201-500),Michael Brown,2024-03-11,SAAS,New,1,,,4404,20,2024-10-14,,2024,2024-03,217,,False,False,False,False,True,Medium (201-500)
VonRueden-Borer,France,48.864716,2.349014,Entertainment & Media & Hospitality,Medium (201-500),Kevin Anderson,2024-04-18,Custom solution,New,1,,,6369,30,2024-06-20,,2024,2024-04,63,,False,False,False,False,False,Medium (201-500)
Maggio-Skiles,Germany,52.520008,13.404954,Banking and Finance,Medium (201-500),Sarah Davis,2024-01-05,SAAS,New,1,,,799,30,2024-03-20,,2024,2024-01,75,,False,False,False,False,True,Medium (201-500)
Littel-Rau,Spain,40.416775,-3.70379,Agriculture & Mining,Medium (201-500),Sarah Davis,2024-01-12,SAAS,New,1,,,2740,80,2024-05-18,,2024,2024-01,127,,False,False,False,False,True,Medium (201-500)
"Bartoletti, Morar and Senger",Spain,40.416775,-3.70379,Education & Science,Medium (201-500),Jessica Martinez,2024-03-09,SAAS,New,1,,,4124,40,2024-05-26,,2024,2024-03,78,,False,False,False,False,True,Medium (201-500)
Schimmel-Rath,Belgium,51.260197,4.402771,Transportation & Logistics,Medium (201-500),Laura Thompson,2024-03-14,Services,New,1,,,3431,20,2024-04-17,,2024,2024-03,34,,False,False,False,False,False,Medium (201-500)
"Abbott, Skiles and Hermiston",Italy,41.902782,12.496366,Banking and Finance,Medium (201-500),Laura Thompson,2024-04-26,SAAS,New,1,,,4306,60,2024-11-19,,2024,2024-04,207,,False,False,False,False,True,Medium (201-500)
"Feil, Hayes and Johnston",Switzerland,46.204391,6.143158,Telecommunications,Medium (201-500),Michael Brown,2024-02-08,Services,New,1,,,2988,50,2024-11-28,,2024,2024-02,294,,False,False,False,False,False,Medium (201-500)
Macejkovic-Nitzsche,Portugal,38.736946,-9.142685,IT & IT Services,Medium (201-500),Jessica Martinez,2024-03-27,SAAS,New,1,,,1307,30,2024-07-17,,2024,2024-03,112,,False,False,False,False,True,Medium (201-500)
"Funk, Collier and Kilback",Austria,48.210033,16.363449,IT & IT Services,Medium (201-500),Laura Thompson,2024-01-25,Services,New,1,,,4757,30,2024-06-01,,2024,2024-01,128,,False,False,False,False,False,Medium (201-500)
Hagenes-Price,Portugal,38.736946,-9.142685,Professional Services  & Consulting,Medium (201-500),David Wilson,2024-05-14,SAAS,New,1,,,3458,40,2024-10-01,,2024,2024-05,140,,False,False,False,False,True,Medium (201-500)
"Parisian, Wyman and Wolf",France,48.864716,2.349014,Education & Science,Medium (201-500),Laura Thompson,2024-05-02,Services,New,1,,,5921,40,2024-07-13,,2024,2024-05,72,,False,False,False,False,False,Medium (201-500)
"Roberts, Dietrich and Lind",Switzerland,46.204391,6.143158,Telecommunications,Medium (201-500),John Smith,2024-05-22,SAAS,New,1,,,2305,40,2025-03-18,,2024,2024-05,300,,False,False,False,False,True,Medium (201-500)
West Group,Italy,41.902782,12.496366,Government Administration Healthcare,Medium (201-500),Emily Johnson,2024-01-21,Custom solution,New,1,,,2764,30,2024-04-09,,2024,2024-01,79,,False,False,False,False,False,Medium (201-500)
"Collins, Luettgen and Dooley",Germany,52.520008,13.404954,Banking and Finance,Medium (201-500),Laura Thompson,2024-05-23,Services,New,1,,,7311,10,2024-09-03,,2024,2024-05,103,,False,False,False,False,False,Medium (201-500)
"Hansen, Halvorson and Cremin",Portugal,38.736946,-9.142685,Recreation & Sports,Medium (201-500),Jessica Martinez,2024-04-13,SAAS,New,1,,,1828,80,2024-05-21,,2024,2024-04,38,,False,False,False,False,True,Medium (201-500)
"Brekke, Stark and Cummings",Germany,52.520008,13.404954,IT & IT Services,Medium (201-500),John Smith,2024-03-20,SAAS,New,1,,,1846,30,2024-10-27,,2024,2024-03,221,,False,False,False,False,True,Medium (201-500)
Lakin-Glover,Italy,41.902782,12.496366,Recreation & Sports,Medium (201-500),Sarah Davis,2024-02-20,Custom solution,New,1,,,6929,20,2024-07-19,,2024,2024-02,150,,False,False,False,False,False,Medium (201-500)
Wehner-Littel,Switzerland,46.204391,6.143158,Transportation & Logistics,Medium (201-500),Jessica Martinez,2024-05-08,Services,New,1,,,1720,60,2024-06-01,,2024,2024-05,24,,False,False,False,False,False,Medium (201-500)
Franecki-Green,Italy,41.902782,12.496366,Education & Science,Medium (201-500),Laura Thompson,2024-03-08,SAAS,New,1,,,6119,30,2024-10-25,,2024,2024-03,231,,False,False,False,False,True,Medium (201-500)
Anderson-Senger,Italy,41.902782,12.496366,Transportation & Logistics,Medium (201-500),Kevin Anderson,2024-04-14,Services,New,1,,,1087,40,2024-06-17,,2024,2024-04,64,,False,False,False,False,False,Medium (201-500)
Leannon and Sons,Switzerland,46.204391,6.143158,Transportation & Logistics,Medium (201-500),Michael Brown,2024-02-07,Services,New,1,,,1358,30,2024-12-30,,2024,2024-02,327,,False,False,False,False,False,Medium (201-500)
"Bernhard, Lockman and Nolan",Switzerland,46.204391,6.143158,Professional Services  & Consulting,Medium (201-500),Laura Thompson,2024-01-11,Services,New,1,,,3463,20,2024-09-01,,2024,2024-01,234,,False,False,False,False,False,Medium (201-500)
"Goyette, Corwin and Jast",Germany,52.520008,13.404954,Banking and Finance,Medium (201-500),David Wilson,2024-02-25,SAAS,New,1,,,2395,30,2024-04-03,,2024,2024-02,38,,False,False,False,False,True,Medium (201-500)
Kuvalis and Sons,Portugal,38.736946,-9.142685,Government Administration Healthcare,Medium (201-500),John Smith,2024-04-18,Services,New,1,,,2547,40,2024-06-23,,2024,2024-04,66,,False,False,False,False,False,Medium (201-500)
Emard-Hand,Switzerland,46.204391,6.143158,Recreation & Sports,Medium (201-500),Emily Johnson,2024-03-24,SAAS,New,1,,,1557,20,2024-07-08,,2024,2024-03,106,,False,False,False,False,True,Medium (201-500)
"Pagac, Lindgren and Kling",Belgium,51.260197,4.402771,Manufacturing & Production,Medium (201-500),Jessica Martinez,2024-03-24,SAAS,New,1,,,6040,40,2024-05-15,,2024,2024-03,52,,False,False,False,False,True,Medium (201-500)
Denesik Group,Portugal,38.736946,-9.142685,Banking and Finance,Medium (201-500),Sarah Davis,2024-04-10,SAAS,New,1,,,2867,80,2024-06-26,,2024,2024-04,77,,False,False,False,False,True,Medium (201-500)
"Weber, Harvey and Hilpert",Austria,48.210033,16.363449,Retail & Distribution,Medium (201-500),Michael Brown,2024-01-12,SAAS,New,1,,,5894,30,2024-04-09,,2024,2024-01,88,,False,False,False,False,True,Medium (201-500)
Hahn-Tillman,Portugal,38.736946,-9.142685,Transportation & Logistics,Medium (201-500),Jessica Martinez,2024-01-11,Services,New,1,,,1595,30,2024-05-09,,2024,2024-01,119,,False,False,False,False,False,Medium (201-500)
Rippin LLC,France,48.864716,2.349014,Retail & Distribution,Medium (201-500),Michael Brown,2024-05-24,SAAS,New,1,,,4690,100,2024-10-21,,2024,2024-05,150,,False,False,False,False,True,Medium (201-500)
Stark LLC,Germany,52.520008,13.404954,Transportation & Logistics,Medium (201-500),Sarah Davis,2024-04-11,Services,New,1,,,6578,30,2024-12-10,,2024,2024-04,243,,False,False,False,False,False,Medium (201-500)
Monahan-Hilpert,Portugal,38.736946,-9.142685,Transportation & Logistics,Medium (201-500),Laura Thompson,2024-04-13,Services,New,1,,,6308,20,2024-10-15,,2024,2024-04,185,,False,False,False,False,False,Medium (201-500)
Midel,Italy,41.902782,12.496366,Recreation & Sports,Large (501-1000),Laura Thompson,2024-01-02,Services,New,1,,,5166,30,2024-01-26,,2024,2024-01,24,,False,False,False,False,False,Large (501-1000)
Davis LLC,Germany,52.520008,13.404954,Recreation & Sports,Large (501-1000),Kevin Anderson,2024-03-26,Services,New,1,,,14523,30,2024-08-05,,2024,2024-03,132,,False,False,False,False,False,Large (501-1000)
"Quitzon, Windler and Labadie",Germany,52.520008,13.404954,Transportation & Logistics,Large (501-1000),John Smith,2024-04-01,Custom solution,New,1,,,5375,20,2025-02-03,,2024,2024-04,308,,False,False,False,False,False,Large (501-1000)
"Mueller, Runolfsson and Jacobson",Switzerland,46.204391,6.143158,Banking and Finance,Large (501-1000),Michael Brown,2024-03-19,SAAS,New,1,,,13128,60,2025-03-18,,2024,2024-03,364,,False,False,False,False,True,Large (501-1000)
Sipes and Sons,France,48.864716,2.349014,Transportation & Logistics,Large (501-1000),Laura Thompson,2024-05-15,SAAS,New,1,,,18904,30,2024-06-27,,2024,2024-05,43,,False,False,False,False,True,Large (501-1000)
Romaguera-Douglas,Netherlands,52.370216,4.895168,Transportation & Logistics,Large (501-1000),Emily Johnson,2024-05-04,SAAS,New,1,,,11566,40,2024-06-06,,2024,2024-05,33,,False,False,False,False,True,Large (501-1000)
Koepp Inc,Italy,41.902782,12.496366,Government Administration Healthcare,Large (501-1000),Jessica Martinez,2024-01-10,Custom solution,New,1,,,7949,20,2024-12-18,,2024,2024-01,343,,False,False,False,False,False,Large (501-1000)
Farrell LLC,Austria,48.210033,16.363449,Telecommunications,Large (501-1000),Laura Thompson,2024-04-01,Custom solution,New,1,,,6542,40,2024-10-05,,2024,2024-04,187,,False,False,False,False,False,Large (501-1000)
Ankunding LLC,Switzerland,46.204391,6.143158,IT & IT Services,Large (501-1000),Jessica Martinez,2024-03-01,Services,New,1,,,16150,40,2024-05-29,,2024,2024-03,89,,False,False,False,False,False,Large (501-1000)
"Wuckert, Swift and Becker",Germany,52.520008,13.404954,Professional Services  & Consulting,Large (501-1000),Sarah Davis,2024-01-06,SAAS,New,1,,,12331,40,2024-12-01,,2024,2024-01,330,,False,False,False,False,True,Large (501-1000)
Yakidoo,Portugal,38.736946,-9.142685,Energy & Utilities,Enterprise (1001+),Michael Brown,2024-04-08,Services,New,1,,,5559,50,2024-07-22,,2024,2024-04,105,,False,False,False,False,False,Enterprise (1001+)
Meemm,France,48.864716,2.349014,Agriculture & Mining,Enterprise (1001+),Michael Brown,2024-03-28,Services,New,1,,,17695,80,2025-03-05,,2024,2024-03,342,,False,False,False,False,False,Enterprise (1001+)
Rhybox,Italy,41.902782,12.496366,Telecommunications,Enterprise (1001+),Emily Johnson,2024-03-27,Custom solution,New,1,,,18405,70,2024-09-11,,2024,2024-03,168,,False,False,False,False,False,Enterprise (1001+)
Gleason LLC,Spain,40.416775,-3.70379,Telecommunications,Enterprise (1001+),Laura Thompson,2024-02-27,Custom solution,New,1,,,17424,40,2024-11-04,,2024,2024-02,251,,False,False,False,False,False,Enterprise (1001+)
Wolf-Wolff,Spain,40.416775,-3.70379,Telecommunications,Enterprise (1001+),Laura Thompson,2024-01-18,Services,New,1,,,4132,60,2024-06-22,,2024,2024-01,156,,False,False,False,False,False,Enterprise (1001+)
Armstrong LLC,Switzerland,46.204391,6.143158,Professional Services  & Consulting,Enterprise (1001+),Laura Thompson,2024-03-06,Custom solution,New,1,,,3394,50,2024-12-22,,2024,2024-03,291,,False,False,False,False,False,Enterprise (1001+)
Hauck-Erdman,Switzerland,46.204391,6.143158,IT & IT Services,Enterprise (1001+),Emily Johnson,2024-02-15,Custom solution,New,1,,,9437,20,2024-08-21,,2024,2024-02,188,,False,False,False,False,False,Enterprise (1001+)
"Murphy, Mohr and Hermiston",Austria,48.210033,16.363449,Transportation & Logistics,Enterprise (1001+),Laura Thompson,2024-03-02,Custom solution,New,1,,,5064,80,2024-04-08,,2024,2024-03,37,,False,False,False,False,False,Enterprise (1001+)
Schmitt-Stoltenberg,Portugal,38.736946,-9.142685,Entertainment & Media & Hospitality,Enterprise (1001+),Laura Thompson,2024-05-26,Services,New,1,,,19446,30,2024-08-22,,2024,2024-05,88,,False,False,False,False,False,Enterprise (1001+)
Rutherford-Bins,Germany,52.520008,13.404954,Recreation & Sports,Enterprise (1001+),Emily Johnson,2024-05-06,Services,New,1,,,18343,30,2024-09-04,,2024,2024-05,121,,False,False,False,False,False,Enterprise (1001+)
"Bradtke, Johnston and Shanahan",Portugal,38.736946,-9.142685,Education & Science,Enterprise (1001+),Jessica Martinez,2024-05-11,Custom solution,New,1,,,6617,100,2024-12-22,,2024,2024-05,225,,False,False,False,False,False,Enterprise (1001+)
Schinner-Dickinson,Italy,41.902782,12.496366,Agriculture & Mining,Enterprise (1001+),Kevin Anderson,2024-05-26,Services,New,1,,,18700,20,2025-02-27,,2024,2024-05,277,,False,False,False,False,False,Enterprise (1001+)
Jast-Legros,France,48.864716,2.349014,Manufacturing & Production,Enterprise (1001+),Emily Johnson,2024-01-05,Services,New,1,,,8157,20,2024-06-17,,2024,2024-01,164,,False,False,False,False,False,Enterprise (1001+)
Schumm-Kihn,Germany,52.520008,13.404954,Transportation & Logistics,Enterprise (1001+),Michael Brown,2024-04-14,Services,New,1,,,14502,20,2024-11-12,,2024,2024-04,212,,False,False,False,False,False,Enterprise (1001+)
Lemke LLC,France,48.864716,2.349014,Construction & Engineering,Enterprise (1001+),Jessica Martinez,2024-02-13,Services,New,1,,,14344,100,2024-03-30,,2024,2024-02,46,,False,False,False,False,False,Enterprise (1001+)
"Johnston, Ritchie and Mitchell",Switzerland,46.204391,6.143158,Transportation & Logistics,Enterprise (1001+),Emily Johnson,2024-04-15,SAAS,New,1,,,19863,40,2024-11-04,,2024,2024-04,203,,False,False,False,False,True,Enterprise (1001+)
Harris and Sons,France,48.864716,2.349014,IT & IT Services,Enterprise (1001+),Michael Brown,2024-02-29,Services,New,1,,,14666,60,2024-09-29,,2024,2024-02,213,,False,False,False,False,False,Enterprise (1001+)
Flipopia,Belgium,51.260197,4.402771,Education & Science,Small (11-200),Jessica Martinez,2024-03-15,Services,Opportunity,5,Initial contact,2.0,1136,90,2024-04-06,,2024,2024-03,22,,False,False,False,True,False,Small (11-200)
Abata,Germany,52.520008,13.404954,Banking and Finance,Small (11-200),Sarah Davis,2024-03-28,SAAS,Opportunity,5,Initial contact,2.0,402,20,2024-12-18,,2024,2024-03,265,,False,False,False,True,True,Small (11-200)
Ntags,France,48.864716,2.349014,Energy & Utilities,Small (11-200),Jessica Martinez,2024-02-28,Custom solution,Opportunity,5,Initial contact,2.0,1210,30,2024-11-28,,2024,2024-02,274,,False,False,False,True,False,Small (11-200)
Skippad,Italy,41.902782,12.496366,Transportation & Logistics,Small (11-200),Kevin Anderson,2024-05-03,Services,Opportunity,5,Initial contact,2.0,1626,40,2024-10-03,,2024,2024-05,153,,False,False,False,True,False,Small (11-200)
Aivee,Switzerland,46.204391,6.143158,Transportation & Logistics,Small (11-200),John Smith,2024-01-04,Services,Opportunity,5,Initial contact,2.0,785,60,2024-02-21,,2024,2024-01,48,,False,False,False,True,False,Small (11-200)
Youspan,France,48.864716,2.349014,Entertainment & Media & Hospitality,Small (11-200),Laura Thompson,2024-01-08,Services,Opportunity,5,Initial contact,2.0,1380,30,2024-12-15,,2024,2024-01,342,,False,False,False,True,False,Small (11-200)
Realfire,Spain,40.416775,-3.70379,Retail & Distribution,Small (11-200),Jessica Martinez,2024-05-03,Services,Opportunity,5,Initial contact,2.0,1885,70,2024-10-15,,2024,2024-05,165,,False,False,False,True,False,Small (11-200)
Quinu,Switzerland,46.204391,6.143158,IT & IT Services,Small (11-200),Laura Thompson,2024-01-29,Services,Opportunity,5,Initial contact,2.0,1320,70,2024-02-20,,2024,2024-01,22,,False,False,False,True,False,Small (11-200)
Devpulse,Portugal,38.736946,-9.142685,Transportation & Logistics,Small (11-200),Michael Brown,2024-03-03,Services,Opportunity,5,Initial contact,2.0,683,100,2024-11-29,,2024,2024-03,271,,False,False,False,True,False,Small (11-200)
Skiptube,Switzerland,46.204391,6.143158,Transportation & Logistics,Small (11-200),Laura Thompson,2024-03-24,Services,Opportunity,5,Initial contact,2.0,909,40,2024-04-29,,2024,2024-03,36,,False,False,False,True,False,Small (11-200)
Skyndu,Germany,52.520008,13.404954,Banking and Finance,Small (11-200),Jessica Martinez,2024-01-24,SAAS,Opportunity,5,Initial contact,2.0,673,60,2024-12-21,,2024,2024-01,332,,False,False,False,True,True,Small (11-200)
Steuber-Lowe,Belgium,51.260197,4.402771,Government Administration Healthcare,Small (11-200),John Smith,2024-04-06,Custom solution,Opportunity,5,Initial contact,2.0,1498,60,2024-07-23,,2024,2024-04,108,,False,False,False,True,False,Small (11-200)
"Towne, Daugherty and Bogan",France,48.864716,2.349014,IT & IT Services,Small (11-200),Michael Brown,2024-04-14,Services,Opportunity,5,Initial contact,2.0,1710,10,2024-11-23,,2024,2024-04,223,,False,False,False,True,False,Small (11-200)
Bradtke Group,Italy,41.902782,12.496366,Construction & Engineering,Small (11-200),Laura Thompson,2024-02-05,SAAS,Opportunity,5,Initial contact,2.0,1963,50,2024-12-29,,2024,2024-02,328,,False,False,False,True,True,Small (11-200)
"Bahringer, Durgan and Pfannerstill",Austria,48.210033,16.363449,Retail & Distribution,Small (11-200),John Smith,2024-05-09,Custom solution,Opportunity,5,Initial contact,2.0,1053,60,2025-04-11,,2024,2024-05,337,,False,False,False,True,False,Small (11-200)
"Kshlerin, Schneider and Boyer",Netherlands,52.370216,4.895168,Professional Services  & Consulting,Small (11-200),Laura Thompson,2024-04-11,Services,Opportunity,5,Initial contact,2.0,927,100,2024-12-20,,2024,2024-04,253,,False,False,False,True,False,Small (11-200)
"Ondricka, Windler and Jacobs",Germany,52.520008,13.404954,Education & Science,Small (11-200),Jessica Martinez,2024-02-13,SAAS,Opportunity,5,Initial contact,2.0,345,20,2024-11-01,,2024,2024-02,262,,False,False,False,True,True,Small (11-200)
Simonis Group,Germany,52.520008,13.404954,Government Administration Healthcare,Small (11-200),John Smith,2024-03-01,Services,Opportunity,5,Initial contact,2.0,1553,40,2024-06-26,,2024,2024-03,117,,False,False,False,True,False,Small (11-200)
"Wolf, Dibbert and Kuhic",Austria,48.210033,16.363449,Banking and Finance,Small (11-200),Emily Johnson,2024-01-12,SAAS,Opportunity,5,Initial contact,2.0,955,50,2024-03-17,,2024,2024-01,65,,False,False,False,True,True,Small (11-200)
Douglas-Zemlak,Germany,52.520008,13.404954,Retail & Distribution,Small (11-200),Laura Thompson,2024-02-15,Services,Opportunity,5,Initial contact,2.0,630,30,2024-10-28,,2024,2024-02,256,,False,False,False,True,False,Small (11-200)
"Kshlerin, Huel and Ratke",Germany,52.520008,13.404954,Telecommunications,Small (11-200),Laura Thompson,2024-05-31,Custom solution,Opportunity,5,Initial contact,2.0,1832,30,2024-11-03,,2024,2024-05,156,,False,False,False,True,False,Small (11-200)
"Hintz, Schinner and Kshlerin",Portugal,38.736946,-9.142685,IT & IT Services,Small (11-200),Jessica Martinez,2024-02-07,Services,Opportunity,5,Initial contact,2.0,649,30,2024-04-09,,2024,2024-02,62,,False,False,False,True,False,Small (11-200)
Kuhn LLC,Portugal,38.736946,-9.142685,Retail & Distribution,Small (11-200),Laura Thompson,2024-04-03,SAAS,Opportunity,5,Initial contact,2.0,448,20,2024-12-17,,2024,2024-04,258,,False,False,False,True,True,Small (11-200)
"McKenzie, Reichel and Champlin",Spain,40.416775,-3.70379,IT & IT Services,Small (11-200),John Smith,2024-02-18,SAAS,Opportunity,5,Initial contact,2.0,550,50,2024-03-18,,2024,2024-02,29,,False,False,False,True,True,Small (11-200)
Kiehn-Windler,Portugal,38.736946,-9.142685,Government Administration Healthcare,Small (11-200),Laura Thompson,2024-05-12,Services,Opportunity,5,Initial contact,2.0,1238,40,2024-10-18,,2024,2024-05,159,,False,False,False,True,False,Small (11-200)
"Leffler, Ebert and Wilkinson",Austria,48.210033,16.363449,IT & IT Services,Small (11-200),Laura Thompson,2024-01-20,Services,Opportunity,5,Initial contact,2.0,1646,40,2024-09-10,,2024,2024-01,234,,False,False,False,True,False,Small (11-200)
"Heidenreich, Langosh and Conn",Italy,41.902782,12.496366,Government Administration Healthcare,Small (11-200),Laura Thompson,2024-04-06,Services,Opportunity,5,Initial contact,2.0,1054,50,2024-12-20,,2024,2024-04,258,,False,False,False,True,False,Small (11-200)
Balistreri-Turcotte,Switzerland,46.204391,6.143158,Entertainment & Media & Hospitality,Small (11-200),Jessica Martinez,2024-04-21,SAAS,Opportunity,5,Initial contact,2.0,288,60,2024-06-21,,2024,2024-04,61,,False,False,False,True,True,Small (11-200)
"Spinka, Jacobi and Hickle",France,48.864716,2.349014,Transportation & Logistics,Small (11-200),Laura Thompson,2024-04-03,SAAS,Opportunity,5,Initial contact,2.0,1824,70,2024-05-29,,2024,2024-04,56,,False,False,False,True,True,Small (11-200)
Satterfield and Sons,Portugal,38.736946,-9.142685,IT & IT Services,Small (11-200),Jessica Martinez,2024-04-22,Services,Opportunity,5,Initial contact,2.0,1987,30,2024-09-01,,2024,2024-04,132,,False,False,False,True,False,Small (11-200)
Block-Kozey,Belgium,51.260197,4.402771,Government Administration Healthcare,Small (11-200),Michael Brown,2024-02-28,Custom solution,Opportunity,5,Initial contact,2.0,1202,20,2025-01-17,,2024,2024-02,324,,False,False,False,True,False,Small (11-200)
Oberbrunner-Oberbrunner,Germany,52.520008,13.404954,Manufacturing & Production,Small (11-200),Laura Thompson,2024-01-25,SAAS,Opportunity,5,Initial contact,2.0,565,10,2024-12-30,,2024,2024-01,340,,False,False,False,True,True,Small (11-200)
Ruecker LLC,Switzerland,46.204391,6.143158,Construction & Engineering,Small (11-200),Michael Brown,2024-04-06,Custom solution,Opportunity,5,Initial contact,2.0,893,20,2024-10-11,,2024,2024-04,188,,False,False,False,True,False,Small (11-200)
Hessel and Sons,France,48.864716,2.349014,Manufacturing & Production,Small (11-200),Michael Brown,2024-04-21,Services,Opportunity,5,Initial contact,2.0,724,30,2024-12-16,,2024,2024-04,239,,False,False,False,True,False,Small (11-200)
Morissette and Sons,Austria,48.210033,16.363449,Recreation & Sports,Small (11-200),Michael Brown,2024-05-17,SAAS,Opportunity,5,Initial contact,2.0,558,70,2025-03-24,,2024,2024-05,311,,False,False,False,True,True,Small (11-200)
Schoen-O'Conner,Italy,41.902782,12.496366,IT & IT Services,Small (11-200),Sarah Davis,2024-03-28,SAAS,Opportunity,5,Initial contact,2.0,453,80,2024-11-11,,2024,2024-03,228,,False,False,False,True,True,Small (11-200)
Spinka-Carroll,Germany,52.520008,13.404954,Banking and Finance,Small (11-200),Laura Thompson,2024-04-29,Services,Opportunity,5,Initial contact,2.0,1881,70,2024-08-10,,2024,2024-04,103,,False,False,False,True,False,Small (11-200)
Robel-Huels,Austria,48.210033,16.363449,Transportation & Logistics,Small (11-200),David Wilson,2024-02-23,SAAS,Opportunity,5,Initial contact,2.0,1735,40,2025-02-15,,2024,2024-02,358,,False,False,False,True,True,Small (11-200)
Dicki and Sons,Switzerland,46.204391,6.143158,Transportation & Logistics,Small (11-200),Laura Thompson,2024-05-13,SAAS,Opportunity,5,Initial contact,2.0,1418,40,2024-11-20,,2024,2024-05,191,,False,False,False,True,True,Small (11-200)
Predovic-Mueller,Portugal,38.736946,-9.142685,Transportation & Logistics,Small (11-200),Michael Brown,2024-01-13,Services,Opportunity,5,Initial contact,2.0,585,70,2024-07-29,,2024,2024-01,198,,False,False,False,True,False,Small (11-200)
"Koss, McLaughlin and Moen",France,48.864716,2.349014,Construction & Engineering,Small (11-200),Jessica Martinez,2024-01-07,Services,Opportunity,5,Initial contact,2.0,334,30,2024-06-07,,2024,2024-01,152,,False,False,False,True,False,Small (11-200)
"Gorczany, Buckridge and Robel",Austria,48.210033,16.363449,Manufacturing & Production,Small (11-200),Kevin Anderson,2024-05-18,Custom solution,Opportunity,5,Initial contact,2.0,1959,50,2024-06-07,,2024,2024-05,20,,False,False,False,True,False,Small (11-200)
Howell-Lubowitz,Portugal,38.736946,-9.142685,Recreation & Sports,Small (11-200),John Smith,2024-01-14,SAAS,Opportunity,5,Initial contact,2.0,623,40,2024-10-25,,2024,2024-01,285,,False,False,False,True,True,Small (11-200)
Mills Inc,Italy,41.902782,12.496366,Banking and Finance,Small (11-200),David Wilson,2024-04-29,SAAS,Opportunity,5,Initial contact,2.0,307,20,2025-04-25,,2024,2024-04,361,,False,False,False,True,True,Small (11-200)
Kerluke Group,Italy,41.902782,12.496366,Education & Science,Small (11-200),Michael Brown,2024-02-03,Services,Opportunity,5,Initial contact,2.0,349,40,2025-01-10,,2024,2024-02,342,,False,False,False,True,False,Small (11-200)
Fadel-Gorczany,Portugal,38.736946,-9.142685,IT & IT Services,Small (11-200),Kevin Anderson,2024-01-27,SAAS,Opportunity,5,Initial contact,2.0,460,70,2024-10-22,,2024,2024-01,269,,False,False,False,True,True,Small (11-200)
"Dooley, Roob and Quitzon",France,48.864716,2.349014,Entertainment & Media & Hospitality,Small (11-200),Sarah Davis,2024-03-22,SAAS,Opportunity,5,Initial contact,2.0,992,90,2024-05-28,,2024,2024-03,67,,False,False,False,True,True,Small (11-200)
Pacocha-Gislason,Italy,41.902782,12.496366,Recreation & Sports,Small (11-200),David Wilson,2024-04-15,Services,Opportunity,5,Initial contact,2.0,1369,50,2024-12-31,,2024,2024-04,260,,False,False,False,True,False,Small (11-200)
Hickle-Champlin,Netherlands,52.370216,4.895168,Telecommunications,Small (11-200),Emily Johnson,2024-05-24,SAAS,Opportunity,5,Initial contact,2.0,638,40,2024-08-21,,2024,2024-05,89,,False,False,False,True,True,Small (11-200)
Little LLC,Switzerland,46.204391,6.143158,Agriculture & Mining,Small (11-200),David Wilson,2024-05-15,Custom solution,Opportunity,5,Initial contact,2.0,1269,40,2025-01-28,,2024,2024-05,258,,False,False,False,True,False,Small (11-200)
Jerde and Sons,Italy,41.902782,12.496366,Energy & Utilities,Small (11-200),Jessica Martinez,2024-02-24,Services,Opportunity,5,Initial contact,2.0,1875,20,2024-08-25,,2024,2024-02,183,,False,False,False,True,False,Small (11-200)
"Cole, Morissette and Gorczany",Spain,40.416775,-3.70379,Education & Science,Small (11-200),Jessica Martinez,2024-01-03,SAAS,Opportunity,5,Initial contact,2.0,218,30,2024-09-01,,2024,2024-01,242,,False,False,False,True,True,Small (11-200)
Schuster-Yost,Italy,41.902782,12.496366,IT & IT Services,Small (11-200),John Smith,2024-05-27,SAAS,Opportunity,5,Initial contact,2.0,628,60,2025-04-11,,2024,2024-05,319,,False,False,False,True,True,Small (11-200)
Thompson-Daniel,France,48.864716,2.349014,IT & IT Services,Small (11-200),Emily Johnson,2024-04-24,SAAS,Opportunity,5,Initial contact,2.0,889,20,2025-04-12,,2024,2024-04,353,,False,False,False,True,True,Small (11-200)
Wuckert Group,Austria,48.210033,16.363449,IT & IT Services,Small (11-200),Michael Brown,2024-03-14,SAAS,Opportunity,5,Initial contact,2.0,1694,50,2024-11-10,,2024,2024-03,241,,False,False,False,True,True,Small (11-200)
Hauck-Mayer,Belgium,51.260197,4.402771,IT & IT Services,Small (11-200),Emily Johnson,2024-03-16,Custom solution,Opportunity,5,Initial contact,2.0,1902,40,2024-08-26,,2024,2024-03,163,,False,False,False,True,False,Small (11-200)
Rau Group,Spain,40.416775,-3.70379,Professional Services  & Consulting,Small (11-200),Jessica Martinez,2024-05-22,Services,Opportunity,5,Initial contact,2.0,1897,60,2025-03-31,,2024,2024-05,313,,False,False,False,True,False,Small (11-200)
Kreiger-Rodriguez,Netherlands,52.370216,4.895168,Government Administration Healthcare,Small (11-200),Michael Brown,2024-04-28,Custom solution,Opportunity,5,Initial contact,2.0,1568,40,2024-12-16,,2024,2024-04,232,,False,False,False,True,False,Small (11-200)
Schuster-Schiller,Austria,48.210033,16.363449,Government Administration Healthcare,Small (11-200),John Smith,2024-04-21,SAAS,Opportunity,5,Initial contact,2.0,357,40,2024-09-22,,2024,2024-04,154,,False,False,False,True,True,Small (11-200)
Casper Group,Italy,41.902782,12.496366,Banking and Finance,Small (11-200),Michael Brown,2024-03-23,SAAS,Opportunity,5,Initial contact,2.0,468,20,2024-12-30,,2024,2024-03,282,,False,False,False,True,True,Small (11-200)
Cole and Sons,Portugal,38.736946,-9.142685,Entertainment & Media & Hospitality,Small (11-200),John Smith,2024-05-25,Custom solution,Opportunity,5,Initial contact,2.0,1704,40,2024-11-18,,2024,2024-05,177,,False,False,False,True,False,Small (11-200)
Bosco-Boyer,Switzerland,46.204391,6.143158,Entertainment & Media & Hospitality,Small (11-200),Jessica Martinez,2024-04-15,SAAS,Opportunity,5,Initial contact,2.0,939,80,2024-11-25,,2024,2024-04,224,,False,False,False,True,True,Small (11-200)
Gulgowski-Volkman,Switzerland,46.204391,6.143158,IT & IT Services,Small (11-200),Sarah Davis,2024-05-28,Services,Opportunity,5,Initial contact,2.0,1225,10,2025-01-23,,2024,2024-05,240,,False,False,False,True,False,Small (11-200)
"Gulgowski, Funk and Schultz",Switzerland,46.204391,6.143158,Education & Science,Small (11-200),Jessica Martinez,2024-02-07,SAAS,Opportunity,5,Initial contact,2.0,788,80,2024-05-30,,2024,2024-02,113,,False,False,False,True,True,Small (11-200)
Watsica-Wisoky,Austria,48.210033,16.363449,Entertainment & Media & Hospitality,Small (11-200),David Wilson,2024-03-12,Services,Opportunity,5,Initial contact,2.0,1004,20,2025-01-29,,2024,2024-03,323,,False,False,False,True,False,Small (11-200)
Erdman-Breitenberg,Germany,52.520008,13.404954,IT & IT Services,Small (11-200),Laura Thompson,2024-01-25,SAAS,Opportunity,5,Initial contact,2.0,586,40,2024-09-06,,2024,2024-01,225,,False,False,False,True,True,Small (11-200)
Kshlerin and Sons,Italy,41.902782,12.496366,Government Administration Healthcare,Small (11-200),Jessica Martinez,2024-05-22,SAAS,Opportunity,5,Initial contact,2.0,1990,40,2024-08-28,,2024,2024-05,98,,False,False,False,True,True,Small (11-200)
Schaden LLC,Germany,52.520008,13.404954,Banking and Finance,Small (11-200),Emily Johnson,2024-01-30,Custom solution,Opportunity,5,Initial contact,2.0,1567,40,2024-05-12,,2024,2024-01,103,,False,False,False,True,False,Small (11-200)
"Funk, Mosciski and Doyle",Portugal,38.736946,-9.142685,Banking and Finance,Small (11-200),Laura Thompson,2024-04-02,Custom solution,Opportunity,5,Initial contact,2.0,1256,50,2025-03-28,,2024,2024-04,360,,False,False,False,True,False,Small (11-200)
Haag and Sons,Italy,41.902782,12.496366,Banking and Finance,Small (11-200),Michael Brown,2024-05-22,SAAS,Opportunity,5,Initial contact,2.0,1279,70,2024-09-04,,2024,2024-05,105,,False,False,False,True,True,Small (11-200)
Davis Group,Portugal,38.736946,-9.142685,Telecommunications,Small (11-200),Kevin Anderson,2024-03-03,SAAS,Opportunity,5,Initial contact,2.0,1850,60,2024-11-30,,2024,2024-03,272,,False,False,False,True,True,Small (11-200)
"Denesik, Lynch and Deckow",Spain,40.416775,-3.70379,Entertainment & Media & Hospitality,Small (11-200),David Wilson,2024-05-26,SAAS,Opportunity,5,Initial contact,2.0,1738,90,2025-03-16,,2024,2024-05,294,,False,False,False,True,True,Small (11-200)
"Schiller, Fahey and Ferry",Italy,41.902782,12.496366,IT & IT Services,Small (11-200),John Smith,2024-01-03,Services,Opportunity,5,Initial contact,2.0,219,60,2024-11-03,,2024,2024-01,305,,False,False,False,True,False,Small (11-200)
"Wiza, Sporer and Rempel",Switzerland,46.204391,6.143158,Telecommunications,Small (11-200),Michael Brown,2024-01-14,SAAS,Opportunity,5,Initial contact,2.0,487,30,2024-09-21,,2024,2024-01,251,,False,False,False,True,True,Small (11-200)
Feeney Inc,Spain,40.416775,-3.70379,Education & Science,Small (11-200),Sarah Davis,2024-02-07,Services,Opportunity,5,Initial contact,2.0,1790,80,2024-05-13,,2024,2024-02,96,,False,False,False,True,False,Small (11-200)
"Reynolds, Larson and Marquardt",Germany,52.520008,13.404954,IT & IT Services,Small (11-200),Michael Brown,2024-01-11,Custom solution,Opportunity,5,Initial contact,2.0,713,30,2024-03-25,,2024,2024-01,74,,False,False,False,True,False,Small (11-200)
"Medhurst, Moen and Olson",Belgium,51.260197,4.402771,Energy & Utilities,Small (11-200),Kevin Anderson,2024-01-29,SAAS,Opportunity,5,Initial contact,2.0,474,30,2024-08-15,,2024,2024-01,199,,False,False,False,True,True,Small (11-200)
"Weissnat, Schaden and Runolfsson",France,48.864716,2.349014,Telecommunications,Small (11-200),Michael Brown,2024-02-02,Custom solution,Opportunity,5,Initial contact,2.0,662,40,2024-02-23,,2024,2024-02,21,,False,False,False,True,False,Small (11-200)
"Streich, Mann and Mante",Spain,40.416775,-3.70379,Transportation & Logistics,Small (11-200),Jessica Martinez,2024-03-14,Custom solution,Opportunity,5,Initial contact,2.0,251,60,2025-02-15,,2024,2024-03,338,,False,False,False,True,False,Small (11-200)
Zulauf-Kassulke,Italy,41.902782,12.496366,Banking and Finance,Small (11-200),Laura Thompson,2024-03-09,Services,Opportunity,5,Initial contact,2.0,406,60,2024-07-16,,2024,2024-03,129,,False,False,False,True,False,Small (11-200)
Kilback-Swaniawski,Belgium,51.260197,4.402771,Education & Science,Small (11-200),David Wilson,2024-01-14,SAAS,Opportunity,5,Initial contact,2.0,427,10,2024-11-15,,2024,2024-01,306,,False,False,False,True,True,Small (11-200)
"Cronin, Schneider and Cormier",Netherlands,52.370216,4.895168,Entertainment & Media & Hospitality,Small (11-200),Kevin Anderson,2024-04-03,Services,Opportunity,5,Initial contact,2.0,1398,70,2024-07-18,,2024,2024-04,106,,False,False,False,True,False,Small (11-200)
Lindgren LLC,Portugal,38.736946,-9.142685,Telecommunications,Small (11-200),John Smith,2024-03-28,Services,Opportunity,5,Initial contact,2.0,1936,20,2024-08-14,,2024,2024-03,139,,False,False,False,True,False,Small (11-200)
"Schinner, Rice and Mills",Italy,41.902782,12.496366,IT & IT Services,Small (11-200),David Wilson,2024-02-16,Services,Opportunity,5,Initial contact,2.0,1601,30,2024-11-06,,2024,2024-02,264,,False,False,False,True,False,Small (11-200)
Bailey-Morissette,France,48.864716,2.349014,Energy & Utilities,Small (11-200),Michael Brown,2024-04-08,SAAS,Opportunity,5,Initial contact,2.0,677,40,2024-11-28,,2024,2024-04,234,,False,False,False,True,True,Small (11-200)
"Corwin, Borer and Hoppe",Italy,41.902782,12.496366,Education & Science,Small (11-200),Emily Johnson,2024-01-26,Custom solution,Opportunity,5,Initial contact,2.0,1071,40,2024-08-18,,2024,2024-01,205,,False,False,False,True,False,Small (11-200)
Kassulke-Kertzmann,France,48.864716,2.349014,Retail & Distribution,Small (11-200),Laura Thompson,2024-05-22,SAAS,Opportunity,5,Initial contact,2.0,321,50,2024-12-27,,2024,2024-05,219,,False,False,False,True,True,Small (11-200)
Stark-Farrell,Italy,41.902782,12.496366,Energy & Utilities,Small (11-200),Jessica Martinez,2024-04-12,Custom solution,Opportunity,5,Initial contact,2.0,1248,90,2024-07-30,,2024,2024-04,109,,False,False,False,True,False,Small (11-200)
"Larkin, Gleichner and Lockman",France,48.864716,2.349014,Banking and Finance,Small (11-200),Michael Brown,2024-04-02,SAAS,Opportunity,5,Initial contact,2.0,631,20,2025-03-14,,2024,2024-04,346,,False,False,False,True,True,Small (11-200)
"Casper, Block and Harvey",Switzerland,46.204391,6.143158,Professional Services  & Consulting,Small (11-200),Laura Thompson,2024-02-29,SAAS,Opportunity,5,Initial contact,2.0,1194,20,2024-07-13,,2024,2024-02,135,,False,False,False,True,True,Small (11-200)
"Bins, Stamm and Reichert",Germany,52.520008,13.404954,Transportation & Logistics,Small (11-200),Sarah Davis,2024-01-02,SAAS,Opportunity,5,Initial contact,2.0,1441,50,2024-03-27,,2024,2024-01,85,,False,False,False,True,True,Small (11-200)
"Kutch, Pfeffer and Mosciski",Spain,40.416775,-3.70379,Banking and Finance,Small (11-200),John Smith,2024-02-07,Services,Opportunity,5,Initial contact,2.0,275,40,2024-09-21,,2024,2024-02,227,,False,False,False,True,False,Small (11-200)
"Kshlerin, Walter and Kuhic",Belgium,51.260197,4.402771,Transportation & Logistics,Small (11-200),Michael Brown,2024-05-17,SAAS,Opportunity,5,Initial contact,2.0,1734,100,2024-10-11,,2024,2024-05,147,,False,False,False,True,True,Small (11-200)
"Aufderhar, Smitham and Schmitt",Italy,41.902782,12.496366,IT & IT Services,Small (11-200),Jessica Martinez,2024-03-16,SAAS,Opportunity,5,Initial contact,2.0,863,30,2025-01-06,,2024,2024-03,296,,False,False,False,True,True,Small (11-200)
"Gulgowski, Grady and Koss",Belgium,51.260197,4.402771,Entertainment & Media & Hospitality,Small (11-200),Michael Brown,2024-02-26,Custom solution,Opportunity,5,Initial contact,2.0,723,30,2025-01-28,,2024,2024-02,337,,False,False,False,True,False,Small (11-200)
Kwilith,Belgium,51.260197,4.402771,Energy & Utilities,Micro (1-10),Emily Johnson,2024-05-26,SAAS,Opportunity,5,Initial contact,2.0,897,20,2024-09-16,,2024,2024-05,113,,False,False,False,True,True,Micro (1-10)
Jaxspan,Switzerland,46.204391,6.143158,Agriculture & Mining,Micro (1-10),Emily Johnson,2024-05-10,Services,Opportunity,5,Initial contact,2.0,669,20,2025-03-14,,2024,2024-05,308,,False,False,False,True,False,Micro (1-10)
Quatz,France,48.864716,2.349014,Transportation & Logistics,Micro (1-10),Jessica Martinez,2024-02-26,SAAS,Opportunity,5,Initial contact,2.0,759,30,2024-12-27,,2024,2024-02,305,,False,False,False,True,True,Micro (1-10)
Dabshots,Portugal,38.736946,-9.142685,Transportation & Logistics,Micro (1-10),Laura Thompson,2024-04-28,SAAS,Opportunity,5,Initial contact,2.0,767,50,2024-08-28,,2024,2024-04,122,,False,False,False,True,True,Micro (1-10)
Npath,Switzerland,46.204391,6.143158,Banking and Finance,Micro (1-10),John Smith,2024-02-06,SAAS,Opportunity,5,Initial contact,2.0,697,90,2024-07-05,,2024,2024-02,150,,False,False,False,True,True,Micro (1-10)
Tagfeed,Italy,41.902782,12.496366,Telecommunications,Micro (1-10),Kevin Anderson,2024-02-12,SAAS,Opportunity,5,Initial contact,2.0,208,40,2024-11-22,,2024,2024-02,284,,False,False,False,True,True,Micro (1-10)
Lakin and Sons,Germany,52.520008,13.404954,Entertainment & Media & Hospitality,Micro (1-10),Sarah Davis,2024-03-11,SAAS,Opportunity,5,Initial contact,2.0,1193,40,2024-07-30,,2024,2024-03,141,,False,False,False,True,True,Micro (1-10)
"Sporer, Kovacek and Pacocha",France,48.864716,2.349014,Professional Services  & Consulting,Micro (1-10),Laura Thompson,2024-01-02,SAAS,Opportunity,5,Initial contact,2.0,488,40,2024-12-23,,2024,2024-01,356,,False,False,False,True,True,Micro (1-10)
Wyman-Fadel,France,48.864716,2.349014,Government Administration Healthcare,Micro (1-10),David Wilson,2024-04-05,SAAS,Opportunity,5,Initial contact,2.0,216,30,2024-09-28,,2024,2024-04,176,,False,False,False,True,True,Micro (1-10)
"Skiles, Conn and Stark",Germany,52.520008,13.404954,IT & IT Services,Micro (1-10),Kevin Anderson,2024-03-29,Services,Opportunity,5,Initial contact,2.0,619,20,2025-03-14,,2024,2024-03,350,,False,False,False,True,False,Micro (1-10)
"Bartoletti, Kunze and Koelpin",Italy,41.902782,12.496366,Recreation & Sports,Micro (1-10),Jessica Martinez,2024-02-08,SAAS,Opportunity,5,Initial contact,2.0,945,20,2024-10-03,,2024,2024-02,238,,False,False,False,True,True,Micro (1-10)
Lockman-Moore,Switzerland,46.204391,6.143158,Government Administration Healthcare,Micro (1-10),Jessica Martinez,2024-04-30,Services,Opportunity,5,Initial contact,2.0,461,40,2024-11-20,,2024,2024-04,204,,False,False,False,True,False,Micro (1-10)
Jerde-Donnelly,Portugal,38.736946,-9.142685,Banking and Finance,Micro (1-10),Kevin Anderson,2024-05-17,SAAS,Opportunity,5,Initial contact,2.0,552,40,2024-09-08,,2024,2024-05,114,,False,False,False,True,True,Micro (1-10)
"Walker, Connelly and Thiel",France,48.864716,2.349014,Transportation & Logistics,Micro (1-10),Emily Johnson,2024-03-02,SAAS,Opportunity,5,Initial contact,2.0,893,100,2024-05-13,,2024,2024-03,72,,False,False,False,True,True,Micro (1-10)
Mitchell and Sons,Switzerland,46.204391,6.143158,Professional Services  & Consulting,Micro (1-10),Michael Brown,2024-01-27,SAAS,Opportunity,5,Initial contact,2.0,233,90,2024-07-04,,2024,2024-01,159,,False,False,False,True,True,Micro (1-10)
"Tillman, Kautzer and Heidenreich",Portugal,38.736946,-9.142685,Government Administration Healthcare,Micro (1-10),Laura Thompson,2024-04-05,Services,Opportunity,5,Initial contact,2.0,213,30,2025-03-23,,2024,2024-04,352,,False,False,False,True,False,Micro (1-10)
"Gorczany, Witting and Ritchie",Netherlands,52.370216,4.895168,Retail & Distribution,Micro (1-10),Sarah Davis,2024-05-16,SAAS,Opportunity,5,Initial contact,2.0,364,40,2024-09-19,,2024,2024-05,126,,False,False,False,True,True,Micro (1-10)
"Kreiger, Homenick and Baumbach",France,48.864716,2.349014,Telecommunications,Micro (1-10),Sarah Davis,2024-01-21,SAAS,Opportunity,5,Initial contact,2.0,946,70,2024-06-11,,2024,2024-01,142,,False,False,False,True,True,Micro (1-10)
Nitzsche Group,Belgium,51.260197,4.402771,Telecommunications,Micro (1-10),David Wilson,2024-02-25,SAAS,Opportunity,5,Initial contact,2.0,618,30,2025-02-20,,2024,2024-02,361,,False,False,False,True,True,Micro (1-10)
"Toy, Schneider and Ullrich",France,48.864716,2.349014,Transportation & Logistics,Micro (1-10),Laura Thompson,2024-01-09,Services,Opportunity,5,Initial contact,2.0,825,30,2024-07-15,,2024,2024-01,188,,False,False,False,True,False,Micro (1-10)
Zboncak Group,Switzerland,46.204391,6.143158,Telecommunications,Micro (1-10),Sarah Davis,2024-05-07,Services,Opportunity,5,Initial contact,2.0,1188,40,2024-12-13,,2024,2024-05,220,,False,False,False,True,False,Micro (1-10)
DuBuque Inc,France,48.864716,2.349014,IT & IT Services,Micro (1-10),David Wilson,2024-04-24,Services,Opportunity,5,Initial contact,2.0,1084,40,2024-10-24,,2024,2024-04,183,,False,False,False,True,False,Micro (1-10)
Kiehn-Jerde,Spain,40.416775,-3.70379,Transportation & Logistics,Micro (1-10),Laura Thompson,2024-03-24,Custom solution,Opportunity,5,Initial contact,2.0,900,20,2024-08-27,,2024,2024-03,156,,False,False,False,True,False,Micro (1-10)
Halvorson-Casper,Germany,52.520008,13.404954,Construction & Engineering,Micro (1-10),Sarah Davis,2024-03-15,SAAS,Opportunity,5,Initial contact,2.0,744,40,2024-08-14,,2024,2024-03,152,,False,False,False,True,True,Micro (1-10)
"Harvey, Powlowski and Jast",France,48.864716,2.349014,Agriculture & Mining,Micro (1-10),Kevin Anderson,2024-03-24,SAAS,Opportunity,5,Initial contact,2.0,1139,20,2024-06-01,,2024,2024-03,69,,False,False,False,True,True,Micro (1-10)
Gusikowski Inc,Italy,41.902782,12.496366,Energy & Utilities,Micro (1-10),David Wilson,2024-05-13,SAAS,Opportunity,5,Initial contact,2.0,917,30,2024-07-09,,2024,2024-05,57,,False,False,False,True,True,Micro (1-10)
Little-Feest,Austria,48.210033,16.363449,Agriculture & Mining,Micro (1-10),Laura Thompson,2024-05-05,Custom solution,Opportunity,5,Initial contact,2.0,981,20,2024-07-08,,2024,2024-05,64,,False,False,False,True,False,Micro (1-10)
Cummings Group,Portugal,38.736946,-9.142685,Telecommunications,Micro (1-10),Michael Brown,2024-05-25,Services,Opportunity,5,Initial contact,2.0,363,60,2024-10-13,,2024,2024-05,141,,False,False,False,True,False,Micro (1-10)
Hintz-Bins,Austria,48.210033,16.363449,Telecommunications,Micro (1-10),Emily Johnson,2024-01-18,SAAS,Opportunity,5,Initial contact,2.0,579,70,2024-03-15,,2024,2024-01,57,,False,False,False,True,True,Micro (1-10)
"Schinner, Trantow and Brown",Switzerland,46.204391,6.143158,Transportation & Logistics,Micro (1-10),Michael Brown,2024-04-01,SAAS,Opportunity,5,Initial contact,2.0,995,60,2024-09-18,,2024,2024-04,170,,False,False,False,True,True,Micro (1-10)
"Moen, Murazik and Pacocha",Italy,41.902782,12.496366,Banking and Finance,Micro (1-10),Laura Thompson,2024-02-12,SAAS,Opportunity,5,Initial contact,2.0,1078,50,2024-11-03,,2024,2024-02,265,,False,False,False,True,True,Micro (1-10)
"Mann, Konopelski and Turner",Germany,52.520008,13.404954,Transportation & Logistics,Micro (1-10),David Wilson,2024-03-31,Custom solution,Opportunity,5,Initial contact,2.0,786,30,2024-09-04,,2024,2024-03,157,,False,False,False,True,False,Micro (1-10)
"Vandervort, Walker and Von",Switzerland,46.204391,6.143158,Entertainment & Media & Hospitality,Micro (1-10),Laura Thompson,2024-03-09,Services,Opportunity,5,Initial contact,2.0,827,100,2025-02-12,,2024,2024-03,340,,False,False,False,True,False,Micro (1-10)
Hansen-Deckow,France,48.864716,2.349014,Banking and Finance,Micro (1-10),Laura Thompson,2024-01-12,Services,Opportunity,5,Initial contact,2.0,741,20,2024-09-12,,2024,2024-01,244,,False,False,False,True,False,Micro (1-10)
Hauck-Larson,Switzerland,46.204391,6.143158,Government Administration Healthcare,Micro (1-10),John Smith,2024-04-21,Services,Opportunity,5,Initial contact,2.0,614,20,2025-01-19,,2024,2024-04,273,,False,False,False,True,False,Micro (1-10)
Zboncak LLC,Italy,41.902782,12.496366,Manufacturing & Production,Micro (1-10),Kevin Anderson,2024-04-12,SAAS,Opportunity,5,Initial contact,2.0,907,40,2025-01-30,,2024,2024-04,293,,False,False,False,True,True,Micro (1-10)
"Ratke, Hudson and Champlin",Switzerland,46.204391,6.143158,Transportation & Logistics,Micro (1-10),Sarah Davis,2024-03-23,SAAS,Opportunity,5,Initial contact,2.0,646,60,2024-04-28,,2024,2024-03,36,,False,False,False,True,True,Micro (1-10)
Satterfield-Wilderman,Netherlands,52.370216,4.895168,Construction & Engineering,Micro (1-10),Laura Thompson,2024-05-28,Services,Opportunity,5,Initial contact,2.0,355,20,2025-03-16,,2024,2024-05,292,,False,False,False,True,False,Micro (1-10)
"Greenfelder, Maggio and Ullrich",France,48.864716,2.349014,Professional Services  & Consulting,Micro (1-10),Kevin Anderson,2024-03-18,SAAS,Opportunity,5,Initial contact,2.0,1112,40,2024-11-26,,2024,2024-03,253,,False,False,False,True,True,Micro (1-10)
Steuber-Legros,Switzerland,46.204391,6.143158,Telecommunications,Micro (1-10),John Smith,2024-05-02,Services,Opportunity,5,Initial contact,2.0,206,10,2025-03-26,,2024,2024-05,328,,False,False,False,True,False,Micro (1-10)
Dicki Inc,Belgium,51.260197,4.402771,Transportation & Logistics,Micro (1-10),Laura Thompson,2024-03-23,Services,Opportunity,5,Initial contact,2.0,683,40,2024-10-24,,2024,2024-03,215,,False,False,False,True,False,Micro (1-10)
Beatty-Gutmann,Spain,40.416775,-3.70379,Banking and Finance,Micro (1-10),Sarah Davis,2024-02-04,SAAS,Opportunity,5,Initial contact,2.0,279,50,2025-01-04,,2024,2024-02,335,,False,False,False,True,True,Micro (1-10)
"Schiller, Haley and Denesik",Italy,41.902782,12.496366,IT & IT Services,Micro (1-10),Laura Thompson,2024-05-19,SAAS,Opportunity,5,Initial contact,2.0,764,50,2024-09-27,,2024,2024-05,131,,False,False,False,True,True,Micro (1-10)
Koepp-O'Conner,Italy,41.902782,12.496366,Manufacturing & Production,Micro (1-10),Sarah Davis,2024-01-26,SAAS,Opportunity,5,Initial contact,2.0,341,20,2024-06-04,,2024,2024-01,130,,False,False,False,True,True,Micro (1-10)
Yundt-Quigley,Spain,40.416775,-3.70379,Construction & Engineering,Micro (1-10),Jessica Martinez,2024-01-17,SAAS,Opportunity,5,Initial contact,2.0,976,30,2024-04-12,,2024,2024-01,86,,False,False,False,True,True,Micro (1-10)
Gulgowski and Sons,Switzerland,46.204391,6.143158,Retail & Distribution,Micro (1-10),Michael Brown,2024-01-10,Services,Opportunity,5,Initial contact,2.0,489,60,2024-08-01,,2024,2024-01,204,,False,False,False,True,False,Micro (1-10)
Gerlach-Cummings,Portugal,38.736946,-9.142685,Agriculture & Mining,Micro (1-10),Michael Brown,2024-05-27,Services,Opportunity,5,Initial contact,2.0,366,10,2025-05-26,,2024,2024-05,364,,False,False,False,True,False,Micro (1-10)
West and Sons,Italy,41.902782,12.496366,Transportation & Logistics,Micro (1-10),Michael Brown,2024-04-19,SAAS,Opportunity,5,Initial contact,2.0,274,20,2024-08-19,,2024,2024-04,122,,False,False,False,True,True,Micro (1-10)
O'Reilly-Goodwin,Germany,52.520008,13.404954,IT & IT Services,Micro (1-10),David Wilson,2024-03-18,Services,Opportunity,5,Initial contact,2.0,544,20,2024-06-05,,2024,2024-03,79,,False,False,False,True,False,Micro (1-10)
"Powlowski, DuBuque and Hauck",Austria,48.210033,16.363449,Banking and Finance,Micro (1-10),Laura Thompson,2024-02-27,SAAS,Opportunity,5,Initial contact,2.0,1172,40,2024-11-01,,2024,2024-02,248,,False,False,False,True,True,Micro (1-10)
Keebler Inc,Germany,52.520008,13.404954,Transportation & Logistics,Micro (1-10),Sarah Davis,2024-01-09,Services,Opportunity,5,Initial contact,2.0,675,60,2024-04-20,,2024,2024-01,102,,False,False,False,True,False,Micro (1-10)
Purdy-Hansen,Netherlands,52.370216,4.895168,Construction & Engineering,Micro (1-10),David Wilson,2024-01-27,SAAS,Opportunity,5,Initial contact,2.0,795,50,2024-02-16,,2024,2024-01,20,,False,False,False,True,True,Micro (1-10)
Strosin Group,Germany,52.520008,13.404954,Professional Services  & Consulting,Micro (1-10),Laura Thompson,2024-02-23,Custom solution,Opportunity,5,Initial contact,2.0,510,50,2024-03-25,,2024,2024-02,31,,False,False,False,True,False,Micro (1-10)
"Breitenberg, McKenzie and Langworth",Switzerland,46.204391,6.143158,Transportation & Logistics,Micro (1-10),Kevin Anderson,2024-03-22,Services,Opportunity,5,Initial contact,2.0,314,10,2024-08-24,,2024,2024-03,155,,False,False,False,True,False,Micro (1-10)
"Kulas, Treutel and Glover",France,48.864716,2.349014,Banking and Finance,Micro (1-10),Michael Brown,2024-01-06,SAAS,Opportunity,5,Initial contact,2.0,1109,30,2024-07-19,,2024,2024-01,195,,False,False,False,True,True,Micro (1-10)
"Abernathy, Rolfson and Kuphal",Netherlands,52.370216,4.895168,Banking and Finance,Micro (1-10),Jessica Martinez,2024-04-19,Custom solution,Opportunity,5,Initial contact,2.0,986,90,2025-01-19,,2024,2024-04,275,,False,False,False,True,False,Micro (1-10)
"Corwin, Murray and Altenwerth",Switzerland,46.204391,6.143158,Government Administration Healthcare,Micro (1-10),Sarah Davis,2024-05-06,Services,Opportunity,5,Initial contact,2.0,213,60,2024-09-05,,2024,2024-05,122,,False,False,False,True,False,Micro (1-10)
"Schoen, Conn and Prohaska",Netherlands,52.370216,4.895168,Professional Services  & Consulting,Micro (1-10),Jessica Martinez,2024-04-22,Custom solution,Opportunity,5,Initial contact,2.0,401,40,2025-03-14,,2024,2024-04,326,,False,False,False,True,False,Micro (1-10)
"Wunsch, Will and Rice",France,48.864716,2.349014,Government Administration Healthcare,Micro (1-10),Michael Brown,2024-03-23,SAAS,Opportunity,5,Initial contact,2.0,994,100,2024-10-18,,2024,2024-03,209,,False,False,False,True,True,Micro (1-10)
"Hoeger, Herman and Paucek",Portugal,38.736946,-9.142685,Telecommunications,Micro (1-10),Sarah Davis,2024-03-01,SAAS,Opportunity,5,Initial contact,2.0,909,20,2024-10-21,,2024,2024-03,234,,False,False,False,True,True,Micro (1-10)
Fliptune,Netherlands,52.370216,4.895168,Agriculture & Mining,Medium (201-500),Sarah Davis,2024-04-30,SAAS,Opportunity,5,Initial contact,2.0,4836,30,2024-09-25,,2024,2024-04,148,,False,False,False,True,True,Medium (201-500)
Plajo,Italy,41.902782,12.496366,Recreation & Sports,Medium (201-500),Laura Thompson,2024-05-19,SAAS,Opportunity,5,Initial contact,2.0,358,20,2025-02-19,,2024,2024-05,276,,False,False,False,True,True,Medium (201-500)
Aimbu,Italy,41.902782,12.496366,IT & IT Services,Medium (201-500),Sarah Davis,2024-03-09,SAAS,Opportunity,5,Initial contact,2.0,7664,30,2024-08-27,,2024,2024-03,171,,False,False,False,True,True,Medium (201-500)
Brightbean,Austria,48.210033,16.363449,Banking and Finance,Medium (201-500),Laura Thompson,2024-05-22,Services,Opportunity,5,Initial contact,2.0,7607,80,2025-01-03,,2024,2024-05,226,,False,False,False,True,False,Medium (201-500)
Wordware,Italy,41.902782,12.496366,IT & IT Services,Medium (201-500),Laura Thompson,2024-04-19,Custom solution,Opportunity,5,Initial contact,2.0,7542,90,2025-04-08,,2024,2024-04,354,,False,False,False,True,False,Medium (201-500)
Cogidoo,Germany,52.520008,13.404954,Government Administration Healthcare,Medium (201-500),Kevin Anderson,2024-01-18,Services,Opportunity,5,Initial contact,2.0,6196,40,2024-09-07,,2024,2024-01,233,,False,False,False,True,False,Medium (201-500)
Feedbug,Italy,41.902782,12.496366,Agriculture & Mining,Medium (201-500),Jessica Martinez,2024-05-29,SAAS,Opportunity,5,Initial contact,2.0,4051,30,2024-07-16,,2024,2024-05,48,,False,False,False,True,True,Medium (201-500)
Dabvine,Switzerland,46.204391,6.143158,Telecommunications,Medium (201-500),Laura Thompson,2024-04-06,Services,Opportunity,5,Initial contact,2.0,7588,40,2025-01-23,,2024,2024-04,292,,False,False,False,True,False,Medium (201-500)
Zoonder,Italy,41.902782,12.496366,Telecommunications,Medium (201-500),Sarah Davis,2024-05-01,SAAS,Opportunity,5,Initial contact,2.0,409,20,2025-03-29,,2024,2024-05,332,,False,False,False,True,True,Medium (201-500)
Skimia,Spain,40.416775,-3.70379,Retail & Distribution,Medium (201-500),Laura Thompson,2024-03-24,SAAS,Opportunity,5,Initial contact,2.0,2102,50,2024-05-15,,2024,2024-03,52,,False,False,False,True,True,Medium (201-500)
Camimbo,France,48.864716,2.349014,Retail & Distribution,Medium (201-500),Emily Johnson,2024-04-07,SAAS,Opportunity,5,Initial contact,2.0,7972,90,2024-08-23,,2024,2024-04,138,,False,False,False,True,True,Medium (201-500)
Blogspan,Italy,41.902782,12.496366,Energy & Utilities,Medium (201-500),John Smith,2024-04-22,Services,Opportunity,5,Initial contact,2.0,482,50,2024-05-29,,2024,2024-04,37,,False,False,False,True,False,Medium (201-500)
Babbleblab,France,48.864716,2.349014,Retail & Distribution,Medium (201-500),Laura Thompson,2024-04-02,SAAS,Opportunity,5,Initial contact,2.0,4302,20,2025-02-16,,2024,2024-04,320,,False,False,False,True,True,Medium (201-500)
Divape,France,48.864716,2.349014,Telecommunications,Medium (201-500),Laura Thompson,2024-03-07,Services,Opportunity,5,Initial contact,2.0,3625,90,2024-12-22,,2024,2024-03,290,,False,False,False,True,False,Medium (201-500)
Roodel,Spain,40.416775,-3.70379,Banking and Finance,Medium (201-500),Laura Thompson,2024-03-11,SAAS,Opportunity,5,Initial contact,2.0,7215,40,2025-01-11,,2024,2024-03,306,,False,False,False,True,True,Medium (201-500)
Yambee,Italy,41.902782,12.496366,Government Administration Healthcare,Medium (201-500),Emily Johnson,2024-04-06,SAAS,Opportunity,5,Initial contact,2.0,3724,20,2024-08-20,,2024,2024-04,136,,False,False,False,True,True,Medium (201-500)
Hills Group,France,48.864716,2.349014,Energy & Utilities,Medium (201-500),Kevin Anderson,2024-01-08,Custom solution,Opportunity,5,Initial contact,2.0,6024,50,2024-06-13,,2024,2024-01,157,,False,False,False,True,False,Medium (201-500)
Wilkinson LLC,Italy,41.902782,12.496366,Telecommunications,Medium (201-500),Laura Thompson,2024-04-13,Services,Opportunity,5,Initial contact,2.0,5798,40,2025-02-14,,2024,2024-04,307,,False,False,False,True,False,Medium (201-500)
"Denesik, Bednar and Jakubowski",Netherlands,52.370216,4.895168,IT & IT Services,Medium (201-500),Michael Brown,2024-04-07,Services,Opportunity,5,Initial contact,2.0,1863,20,2024-12-02,,2024,2024-04,239,,False,False,False,True,False,Medium (201-500)
"O'Kon, Cruickshank and Krajcik",Germany,52.520008,13.404954,Professional Services  & Consulting,Medium (201-500),Laura Thompson,2024-04-28,SAAS,Opportunity,5,Initial contact,2.0,2059,40,2025-04-01,,2024,2024-04,338,,False,False,False,True,True,Medium (201-500)
Crona-Grady,Switzerland,46.204391,6.143158,Entertainment & Media & Hospitality,Medium (201-500),Sarah Davis,2024-03-10,SAAS,Opportunity,5,Initial contact,2.0,7739,60,2024-07-23,,2024,2024-03,135,,False,False,False,True,True,Medium (201-500)
Tillman-Kovacek,Austria,48.210033,16.363449,Professional Services  & Consulting,Medium (201-500),Emily Johnson,2024-04-12,SAAS,Opportunity,5,Initial contact,2.0,3809,30,2025-03-15,,2024,2024-04,337,,False,False,False,True,True,Medium (201-500)
Romaguera Inc,Switzerland,46.204391,6.143158,Professional Services  & Consulting,Medium (201-500),Michael Brown,2024-01-25,Custom solution,Opportunity,5,Initial contact,2.0,1530,30,2024-05-27,,2024,2024-01,123,,False,False,False,True,False,Medium (201-500)
Stamm LLC,Switzerland,46.204391,6.143158,Transportation & Logistics,Medium (201-500),Michael Brown,2024-01-25,SAAS,Opportunity,5,Initial contact,2.0,6962,30,2024-05-05,,2024,2024-01,101,,False,False,False,True,True,Medium (201-500)
Hamill-Ryan,Portugal,38.736946,-9.142685,Professional Services  & Consulting,Medium (201-500),Jessica Martinez,2024-02-22,Custom solution,Opportunity,5,Initial contact,2.0,2172,40,2025-02-17,,2024,2024-02,361,,False,False,False,True,False,Medium (201-500)
Reichert-Volkman,Switzerland,46.204391,6.143158,Manufacturing & Production,Medium (201-500),Michael Brown,2024-03-23,Services,Opportunity,5,Initial contact,2.0,1825,60,2024-11-06,,2024,2024-03,228,,False,False,False,True,False,Medium (201-500)
"Schmeler, Mayer and O'Connell",Switzerland,46.204391,6.143158,Manufacturing & Production,Medium (201-500),Sarah Davis,2024-03-17,SAAS,Opportunity,5,Initial contact,2.0,2418,20,2024-11-15,,2024,2024-03,243,,False,False,False,True,True,Medium (201-500)
Bode-Hessel,Austria,48.210033,16.363449,Government Administration Healthcare,Medium (201-500),Jessica Martinez,2024-05-27,Services,Opportunity,5,Initial contact,2.0,1784,50,2024-10-20,,2024,2024-05,146,,False,False,False,True,False,Medium (201-500)
Streich LLC,Switzerland,46.204391,6.143158,Banking and Finance,Medium (201-500),Jessica Martinez,2024-01-05,Services,Opportunity,5,Initial contact,2.0,6739,20,2024-02-27,,2024,2024-01,53,,False,False,False,True,False,Medium (201-500)
Welch Inc,Italy,41.902782,12.496366,Government Administration Healthcare,Medium (201-500),Sarah Davis,2024-04-24,SAAS,Opportunity,5,Initial contact,2.0,2127,50,2025-02-02,,2024,2024-04,284,,False,False,False,True,True,Medium (201-500)
Mosciski-Kovacek,Netherlands,52.370216,4.895168,Transportation & Logistics,Medium (201-500),John Smith,2024-01-11,Services,Opportunity,5,Initial contact,2.0,5436,20,2024-11-17,,2024,2024-01,311,,False,False,False,True,False,Medium (201-500)
"Aufderhar, Mraz and Braun",Portugal,38.736946,-9.142685,Professional Services  & Consulting,Medium (201-500),Jessica Martinez,2024-05-07,Services,Opportunity,5,Initial contact,2.0,1227,30,2025-04-27,,2024,2024-05,355,,False,False,False,True,False,Medium (201-500)
Hoppe-Runte,Italy,41.902782,12.496366,Transportation & Logistics,Medium (201-500),Laura Thompson,2024-04-27,SAAS,Opportunity,5,Initial contact,2.0,2746,10,2024-11-25,,2024,2024-04,212,,False,False,False,True,True,Medium (201-500)
Kunze-Nitzsche,Germany,52.520008,13.404954,Transportation & Logistics,Medium (201-500),David Wilson,2024-03-26,SAAS,Opportunity,5,Initial contact,2.0,4185,60,2025-01-02,,2024,2024-03,282,,False,False,False,True,True,Medium (201-500)
Bahringer-MacGyver,Germany,52.520008,13.404954,Transportation & Logistics,Medium (201-500),Jessica Martinez,2024-04-20,Services,Opportunity,5,Initial contact,2.0,4630,20,2025-01-21,,2024,2024-04,276,,False,False,False,True,False,Medium (201-500)
Erdman-Rippin,Austria,48.210033,16.363449,Manufacturing & Production,Medium (201-500),Jessica Martinez,2024-05-17,Services,Opportunity,5,Initial contact,2.0,5254,10,2024-11-02,,2024,2024-05,169,,False,False,False,True,False,Medium (201-500)
Skiles Group,Switzerland,46.204391,6.143158,Agriculture & Mining,Medium (201-500),Michael Brown,2024-02-04,SAAS,Opportunity,5,Initial contact,2.0,2328,90,2024-04-21,,2024,2024-02,77,,False,False,False,True,True,Medium (201-500)
"Hills, Turcotte and Wolff",Spain,40.416775,-3.70379,Recreation & Sports,Medium (201-500),John Smith,2024-02-01,SAAS,Opportunity,5,Initial contact,2.0,755,90,2025-01-08,,2024,2024-02,342,,False,False,False,True,True,Medium (201-500)
Schowalter-Emard,Portugal,38.736946,-9.142685,Transportation & Logistics,Medium (201-500),Jessica Martinez,2024-01-02,SAAS,Opportunity,5,Initial contact,2.0,4682,20,2024-12-03,,2024,2024-01,336,,False,False,False,True,True,Medium (201-500)
Kessler Inc,Germany,52.520008,13.404954,Energy & Utilities,Medium (201-500),Jessica Martinez,2024-05-25,Services,Opportunity,5,Initial contact,2.0,3732,100,2025-01-23,,2024,2024-05,243,,False,False,False,True,False,Medium (201-500)
"Durgan, Shanahan and Lindgren",Spain,40.416775,-3.70379,IT & IT Services,Medium (201-500),Jessica Martinez,2024-03-07,Custom solution,Opportunity,5,Initial contact,2.0,3569,60,2024-11-14,,2024,2024-03,252,,False,False,False,True,False,Medium (201-500)
"Kertzmann, Keeling and Harris",Italy,41.902782,12.496366,Transportation & Logistics,Medium (201-500),Sarah Davis,2024-05-15,Services,Opportunity,5,Initial contact,2.0,7885,40,2024-12-11,,2024,2024-05,210,,False,False,False,True,False,Medium (201-500)
Brakus Inc,Switzerland,46.204391,6.143158,Government Administration Healthcare,Medium (201-500),Laura Thompson,2024-05-03,SAAS,Opportunity,5,Initial contact,2.0,5152,40,2025-02-12,,2024,2024-05,285,,False,False,False,True,True,Medium (201-500)
Pfannerstill-Thiel,Spain,40.416775,-3.70379,Government Administration Healthcare,Medium (201-500),Kevin Anderson,2024-05-15,Services,Opportunity,5,Initial contact,2.0,2691,100,2024-09-08,,2024,2024-05,116,,False,False,False,True,False,Medium (201-500)
"Predovic, Tremblay and Huels",Netherlands,52.370216,4.895168,Retail & Distribution,Medium (201-500),Kevin Anderson,2024-02-01,Custom solution,Opportunity,5,Initial contact,2.0,5532,10,2024-11-18,,2024,2024-02,291,,False,False,False,True,False,Medium (201-500)
Will-Cremin,Austria,48.210033,16.363449,Banking and Finance,Medium (201-500),Laura Thompson,2024-01-31,Services,Opportunity,5,Initial contact,2.0,4387,90,2024-07-21,,2024,2024-01,172,,False,False,False,True,False,Medium (201-500)
Schmidt Inc,Netherlands,52.370216,4.895168,Education & Science,Medium (201-500),David Wilson,2024-03-06,Services,Opportunity,5,Initial contact,2.0,6640,40,2024-12-23,,2024,2024-03,292,,False,False,False,True,False,Medium (201-500)
Waters and Sons,Portugal,38.736946,-9.142685,Professional Services  & Consulting,Medium (201-500),John Smith,2024-04-22,Custom solution,Opportunity,5,Initial contact,2.0,3640,30,2024-12-18,,2024,2024-04,240,,False,False,False,True,False,Medium (201-500)
Baumbach-Stiedemann,Switzerland,46.204391,6.143158,Construction & Engineering,Medium (201-500),David Wilson,2024-04-07,SAAS,Opportunity,5,Initial contact,2.0,3237,30,2024-12-28,,2024,2024-04,265,,False,False,False,True,True,Medium (201-500)
"Sauer, Bartell and Friesen",Italy,41.902782,12.496366,Transportation & Logistics,Medium (201-500),David Wilson,2024-03-19,Services,Opportunity,5,Initial contact,2.0,3071,90,2024-08-09,,2024,2024-03,143,,False,False,False,True,False,Medium (201-500)
Tromp Group,Italy,41.902782,12.496366,Transportation & Logistics,Medium (201-500),Michael Brown,2024-03-17,SAAS,Opportunity,5,Initial contact,2.0,7500,50,2024-10-10,,2024,2024-03,207,,False,False,False,True,True,Medium (201-500)
"Harber, Lynch and Kassulke",Germany,52.520008,13.404954,Energy & Utilities,Medium (201-500),David Wilson,2024-03-07,Services,Opportunity,5,Initial contact,2.0,5842,10,2024-05-17,,2024,2024-03,71,,False,False,False,True,False,Medium (201-500)
Beer LLC,Portugal,38.736946,-9.142685,Transportation & Logistics,Medium (201-500),Michael Brown,2024-04-28,Services,Opportunity,5,Initial contact,2.0,7677,100,2024-12-27,,2024,2024-04,243,,False,False,False,True,False,Medium (201-500)
Casper LLC,Germany,52.520008,13.404954,Retail & Distribution,Medium (201-500),David Wilson,2024-03-15,SAAS,Opportunity,5,Initial contact,2.0,4904,100,2024-10-22,,2024,2024-03,221,,False,False,False,True,True,Medium (201-500)
Feeney-Smith,France,48.864716,2.349014,Telecommunications,Medium (201-500),John Smith,2024-02-04,Services,Opportunity,5,Initial contact,2.0,1657,30,2024-09-01,,2024,2024-02,210,,False,False,False,True,False,Medium (201-500)
"Hand, Beer and Feest",Austria,48.210033,16.363449,Recreation & Sports,Medium (201-500),Sarah Davis,2024-03-28,SAAS,Opportunity,5,Initial contact,2.0,2112,70,2025-01-29,,2024,2024-03,307,,False,False,False,True,True,Medium (201-500)
Schneider Inc,Italy,41.902782,12.496366,Energy & Utilities,Medium (201-500),Sarah Davis,2024-01-27,Services,Opportunity,5,Initial contact,2.0,1284,40,2024-06-13,,2024,2024-01,138,,False,False,False,True,False,Medium (201-500)
Jast and Sons,Germany,52.520008,13.404954,Manufacturing & Production,Medium (201-500),Emily Johnson,2024-01-13,SAAS,Opportunity,5,Initial contact,2.0,6205,30,2024-04-25,,2024,2024-01,103,,False,False,False,True,True,Medium (201-500)
"Lehner, Ledner and Strosin",Netherlands,52.370216,4.895168,Government Administration Healthcare,Medium (201-500),Michael Brown,2024-01-10,Services,Opportunity,5,Initial contact,2.0,502,10,2024-12-23,,2024,2024-01,348,,False,False,False,True,False,Medium (201-500)
"Strosin, Ebert and Hessel",France,48.864716,2.349014,Professional Services  & Consulting,Medium (201-500),Jessica Martinez,2024-02-04,Services,Opportunity,5,Initial contact,2.0,7094,40,2024-05-28,,2024,2024-02,114,,False,False,False,True,False,Medium (201-500)
"Rath, Gleason and Shanahan",Switzerland,46.204391,6.143158,Professional Services  & Consulting,Medium (201-500),Jessica Martinez,2024-03-23,SAAS,Opportunity,5,Initial contact,2.0,3955,30,2025-03-22,,2024,2024-03,364,,False,False,False,True,True,Medium (201-500)
Cormier-Baumbach,Italy,41.902782,12.496366,Energy & Utilities,Medium (201-500),Michael Brown,2024-04-29,Services,Opportunity,5,Initial contact,2.0,7725,20,2024-10-14,,2024,2024-04,168,,False,False,False,True,False,Medium (201-500)
"Langworth, Herzog and Veum",France,48.864716,2.349014,Transportation & Logistics,Medium (201-500),Emily Johnson,2024-05-17,Services,Opportunity,5,Initial contact,2.0,5993,80,2025-02-03,,2024,2024-05,262,,False,False,False,True,False,Medium (201-500)
Botsford-Ruecker,Switzerland,46.204391,6.143158,Government Administration Healthcare,Medium (201-500),Michael Brown,2024-03-03,Services,Opportunity,5,Initial contact,2.0,4910,40,2024-09-19,,2024,2024-03,200,,False,False,False,True,False,Medium (201-500)
"Bernier, D'Amore and Quitzon",Belgium,51.260197,4.402771,Agriculture & Mining,Medium (201-500),Michael Brown,2024-01-30,SAAS,Opportunity,5,Initial contact,2.0,6186,40,2024-09-22,,2024,2024-01,236,,False,False,False,True,True,Medium (201-500)
Gleichner-Crist,Portugal,38.736946,-9.142685,Government Administration Healthcare,Medium (201-500),Michael Brown,2024-02-26,Custom solution,Opportunity,5,Initial contact,2.0,4143,20,2024-06-23,,2024,2024-02,118,,False,False,False,True,False,Medium (201-500)
Bosco-Kemmer,Germany,52.520008,13.404954,Transportation & Logistics,Medium (201-500),Laura Thompson,2024-02-08,Services,Opportunity,5,Initial contact,2.0,1932,70,2024-12-21,,2024,2024-02,317,,False,False,False,True,False,Medium (201-500)
Pacocha-Powlowski,Switzerland,46.204391,6.143158,Banking and Finance,Medium (201-500),Michael Brown,2024-05-08,Services,Opportunity,5,Initial contact,2.0,5594,10,2024-07-10,,2024,2024-05,63,,False,False,False,True,False,Medium (201-500)
Smith Inc,Portugal,38.736946,-9.142685,Government Administration Healthcare,Medium (201-500),David Wilson,2024-03-08,Custom solution,Opportunity,5,Initial contact,2.0,7212,50,2024-11-19,,2024,2024-03,256,,False,False,False,True,False,Medium (201-500)
Stark Inc,France,48.864716,2.349014,Professional Services  & Consulting,Medium (201-500),Sarah Davis,2024-04-21,SAAS,Opportunity,5,Initial contact,2.0,1094,50,2024-11-20,,2024,2024-04,213,,False,False,False,True,True,Medium (201-500)
Bailey-VonRueden,Portugal,38.736946,-9.142685,IT & IT Services,Medium (201-500),Jessica Martinez,2024-01-23,SAAS,Opportunity,5,Initial contact,2.0,7972,30,2024-08-09,,2024,2024-01,199,,False,False,False,True,True,Medium (201-500)
Rogahn-Cummerata,France,48.864716,2.349014,IT & IT Services,Medium (201-500),Laura Thompson,2024-02-04,Services,Opportunity,5,Initial contact,2.0,5743,40,2024-05-28,,2024,2024-02,114,,False,False,False,True,False,Medium (201-500)
Cole LLC,Germany,52.520008,13.404954,Professional Services  & Consulting,Medium (201-500),John Smith,2024-04-21,Services,Opportunity,5,Initial contact,2.0,1906,50,2025-01-03,,2024,2024-04,257,,False,False,False,True,False,Medium (201-500)
Kling LLC,France,48.864716,2.349014,Recreation & Sports,Medium (201-500),Michael Brown,2024-05-10,SAAS,Opportunity,5,Initial contact,2.0,635,10,2025-03-24,,2024,2024-05,318,,False,False,False,True,True,Medium (201-500)
Murray-Rice,Belgium,51.260197,4.402771,Banking and Finance,Medium (201-500),Laura Thompson,2024-02-13,Custom solution,Opportunity,5,Initial contact,2.0,1429,20,2024-07-31,,2024,2024-02,169,,False,False,False,True,False,Medium (201-500)
Cummerata and Sons,Germany,52.520008,13.404954,Recreation & Sports,Medium (201-500),David Wilson,2024-02-03,Services,Opportunity,5,Initial contact,2.0,4340,50,2024-06-24,,2024,2024-02,142,,False,False,False,True,False,Medium (201-500)
Hayes Inc,Italy,41.902782,12.496366,Transportation & Logistics,Medium (201-500),Laura Thompson,2024-01-18,Custom solution,Opportunity,5,Initial contact,2.0,3907,40,2024-06-30,,2024,2024-01,164,,False,False,False,True,False,Medium (201-500)
Pouros Group,Netherlands,52.370216,4.895168,Government Administration Healthcare,Medium (201-500),Sarah Davis,2024-01-03,SAAS,Opportunity,5,Initial contact,2.0,671,20,2024-02-06,,2024,2024-01,34,,False,False,False,True,True,Medium (201-500)
Howe-Pfeffer,Switzerland,46.204391,6.143158,Government Administration Healthcare,Medium (201-500),Michael Brown,2024-02-12,Custom solution,Opportunity,5,Initial contact,2.0,7563,30,2024-03-10,,2024,2024-02,27,,False,False,False,True,False,Medium (201-500)
"Lind, Swaniawski and Spinka",Netherlands,52.370216,4.895168,Government Administration Healthcare,Medium (201-500),Sarah Davis,2024-03-23,Services,Opportunity,5,Initial contact,2.0,1083,60,2025-02-05,,2024,2024-03,319,,False,False,False,True,False,Medium (201-500)
Bechtelar and Sons,Portugal,38.736946,-9.142685,Government Administration Healthcare,Medium (201-500),Laura Thompson,2024-01-14,SAAS,Opportunity,5,Initial contact,2.0,5813,10,2024-07-17,,2024,2024-01,185,,False,False,False,True,True,Medium (201-500)
Marquardt-Crooks,Belgium,51.260197,4.402771,IT & IT Services,Medium (201-500),Sarah Davis,2024-02-06,Custom solution,Opportunity,5,Initial contact,2.0,2873,60,2024-04-02,,2024,2024-02,56,,False,False,False,True,False,Medium (201-500)
Rice LLC,Spain,40.416775,-3.70379,Transportation & Logistics,Medium (201-500),Jessica Martinez,2024-04-25,SAAS,Opportunity,5,Initial contact,2.0,5053,20,2025-04-07,,2024,2024-04,347,,False,False,False,True,True,Medium (201-500)
Fahey Group,Belgium,51.260197,4.402771,Education & Science,Medium (201-500),David Wilson,2024-01-31,SAAS,Opportunity,5,Initial contact,2.0,8000,40,2024-11-09,,2024,2024-01,283,,False,False,False,True,True,Medium (201-500)
Crona-Beer,Austria,48.210033,16.363449,IT & IT Services,Medium (201-500),Laura Thompson,2024-05-25,Custom solution,Opportunity,5,Initial contact,2.0,7020,80,2024-12-12,,2024,2024-05,201,,False,False,False,True,False,Medium (201-500)
Runte-Baumbach,Austria,48.210033,16.363449,IT & IT Services,Medium (201-500),Michael Brown,2024-03-07,Services,Opportunity,5,Initial contact,2.0,3691,30,2025-01-04,,2024,2024-03,303,,False,False,False,True,False,Medium (201-500)
"Nitzsche, O'Reilly and White",Netherlands,52.370216,4.895168,Entertainment & Media & Hospitality,Medium (201-500),Kevin Anderson,2024-02-05,Custom solution,Opportunity,5,Initial contact,2.0,7971,50,2024-04-01,,2024,2024-02,56,,False,False,False,True,False,Medium (201-500)
"Rippin, Brakus and Cole",Spain,40.416775,-3.70379,Recreation & Sports,Medium (201-500),Michael Brown,2024-03-04,Services,Opportunity,5,Initial contact,2.0,2545,100,2024-08-27,,2024,2024-03,176,,False,False,False,True,False,Medium (201-500)
Beahan-Jenkins,Spain,40.416775,-3.70379,Transportation & Logistics,Medium (201-500),Jessica Martinez,2024-05-15,Custom solution,Opportunity,5,Initial contact,2.0,3848,90,2025-04-04,,2024,2024-05,324,,False,False,False,True,False,Medium (201-500)
"Balistreri, Corkery and Mertz",Belgium,51.260197,4.402771,Banking and Finance,Medium (201-500),Sarah Davis,2024-05-23,Custom solution,Opportunity,5,Initial contact,2.0,386,50,2024-09-11,,2024,2024-05,111,,False,False,False,True,False,Medium (201-500)
Willms-Farrell,France,48.864716,2.349014,Government Administration Healthcare,Medium (201-500),Jessica Martinez,2024-05-20,SAAS,Opportunity,5,Initial contact,2.0,1523,30,2025-01-25,,2024,2024-05,250,,False,False,False,True,True,Medium (201-500)
"O'Reilly, Dach and Simonis",Switzerland,46.204391,6.143158,Manufacturing & Production,Medium (201-500),Jessica Martinez,2024-04-30,SAAS,Opportunity,5,Initial contact,2.0,1672,90,2024-06-16,,2024,2024-04,47,,False,False,False,True,True,Medium (201-500)
Kunde-Lockman,Portugal,38.736946,-9.142685,Telecommunications,Medium (201-500),Emily Johnson,2024-01-18,SAAS,Opportunity,5,Initial contact,2.0,2045,50,2024-10-02,,2024,2024-01,258,,False,False,False,True,True,Medium (201-500)
Legros-Auer,France,48.864716,2.349014,Manufacturing & Production,Medium (201-500),Emily Johnson,2024-04-27,SAAS,Opportunity,5,Initial contact,2.0,2968,20,2024-06-07,,2024,2024-04,41,,False,False,False,True,True,Medium (201-500)
Orn LLC,Italy,41.902782,12.496366,Transportation & Logistics,Medium (201-500),John Smith,2024-03-19,Custom solution,Opportunity,5,Initial contact,2.0,1307,20,2025-01-01,,2024,2024-03,288,,False,False,False,True,False,Medium (201-500)
Turcotte-VonRueden,France,48.864716,2.349014,Banking and Finance,Medium (201-500),Sarah Davis,2024-03-10,SAAS,Opportunity,5,Initial contact,2.0,3725,40,2024-12-14,,2024,2024-03,279,,False,False,False,True,True,Medium (201-500)
Vandervort Inc,Austria,48.210033,16.363449,Energy & Utilities,Medium (201-500),Jessica Martinez,2024-04-26,Services,Opportunity,5,Initial contact,2.0,5200,40,2024-12-29,,2024,2024-04,247,,False,False,False,True,False,Medium (201-500)
"Schaden, Dicki and Kiehn",France,48.864716,2.349014,Energy & Utilities,Medium (201-500),Jessica Martinez,2024-05-22,Custom solution,Opportunity,5,Initial contact,2.0,7311,70,2025-05-17,,2024,2024-05,360,,False,False,False,True,False,Medium (201-500)
Bosco Group,Belgium,51.260197,4.402771,Professional Services  & Consulting,Medium (201-500),Laura Thompson,2024-01-28,Custom solution,Opportunity,5,Initial contact,2.0,1173,40,2024-08-04,,2024,2024-01,189,,False,False,False,True,False,Medium (201-500)
Rosenbaum Group,Portugal,38.736946,-9.142685,Retail & Distribution,Medium (201-500),David Wilson,2024-05-05,Custom solution,Opportunity,5,Initial contact,2.0,7339,70,2024-12-30,,2024,2024-05,239,,False,False,False,True,False,Medium (201-500)
Auer-Bradtke,Germany,52.520008,13.404954,Manufacturing & Production,Medium (201-500),Emily Johnson,2024-05-18,SAAS,Opportunity,5,Initial contact,2.0,5441,40,2024-07-18,,2024,2024-05,61,,False,False,False,True,True,Medium (201-500)
"Armstrong, Hermann and Sawayn",Germany,52.520008,13.404954,Entertainment & Media & Hospitality,Medium (201-500),David Wilson,2024-03-04,SAAS,Opportunity,5,Initial contact,2.0,6675,20,2024-12-11,,2024,2024-03,282,,False,False,False,True,True,Medium (201-500)
Feeney LLC,Belgium,51.260197,4.402771,Banking and Finance,Medium (201-500),David Wilson,2024-03-15,Custom solution,Opportunity,5,Initial contact,2.0,6553,30,2024-09-29,,2024,2024-03,198,,False,False,False,True,False,Medium (201-500)
"Marquardt, Denesik and Schmeler",Germany,52.520008,13.404954,Construction & Engineering,Medium (201-500),Emily Johnson,2024-04-20,Custom solution,Opportunity,5,Initial contact,2.0,6215,40,2024-06-30,,2024,2024-04,71,,False,False,False,True,False,Medium (201-500)
"Bernier, Herman and Schulist",Germany,52.520008,13.404954,IT & IT Services,Medium (201-500),Laura Thompson,2024-03-30,SAAS,Opportunity,5,Initial contact,2.0,7596,30,2024-05-02,,2024,2024-03,33,,False,False,False,True,True,Medium (201-500)
Boyer and Sons,Italy,41.902782,12.496366,Telecommunications,Medium (201-500),Jessica Martinez,2024-05-26,SAAS,Opportunity,5,Initial contact,2.0,7503,50,2025-02-05,,2024,2024-05,255,,False,False,False,True,True,Medium (201-500)
Ratke Inc,Italy,41.902782,12.496366,IT & IT Services,Medium (201-500),Jessica Martinez,2024-03-01,Custom solution,Opportunity,5,Initial contact,2.0,3606,30,2024-09-20,,2024,2024-03,203,,False,False,False,True,False,Medium (201-500)
"Padberg, Koepp and Walsh",Switzerland,46.204391,6.143158,Agriculture & Mining,Medium (201-500),Laura Thompson,2024-02-03,SAAS,Opportunity,5,Initial contact,2.0,4178,60,2024-04-15,,2024,2024-02,72,,False,False,False,True,True,Medium (201-500)
"Monahan, Dooley and Jast",Switzerland,46.204391,6.143158,Banking and Finance,Medium (201-500),John Smith,2024-04-08,Custom solution,Opportunity,5,Initial contact,2.0,529,20,2024-11-23,,2024,2024-04,229,,False,False,False,True,False,Medium (201-500)
"Lehner, Jacobi and Koepp",Italy,41.902782,12.496366,IT & IT Services,Medium (201-500),Emily Johnson,2024-03-05,Custom solution,Opportunity,5,Initial contact,2.0,6577,20,2024-11-15,,2024,2024-03,255,,False,False,False,True,False,Medium (201-500)
Ondricka-Jerde,Portugal,38.736946,-9.142685,IT & IT Services,Medium (201-500),Jessica Martinez,2024-01-23,Services,Opportunity,5,Initial contact,2.0,1908,50,2025-01-20,,2024,2024-01,363,,False,False,False,True,False,Medium (201-500)
"Gerhold, Fahey and Schowalter",Germany,52.520008,13.404954,Transportation & Logistics,Medium (201-500),Jessica Martinez,2024-04-28,Services,Opportunity,5,Initial contact,2.0,360,10,2024-11-05,,2024,2024-04,191,,False,False,False,True,False,Medium (201-500)
Harvey-Gottlieb,Germany,52.520008,13.404954,IT & IT Services,Medium (201-500),Laura Thompson,2024-04-29,SAAS,Opportunity,5,Initial contact,2.0,7973,30,2024-09-13,,2024,2024-04,137,,False,False,False,True,True,Medium (201-500)
"Botsford, Hudson and Becker",Germany,52.520008,13.404954,Construction & Engineering,Medium (201-500),Michael Brown,2024-05-18,Services,Opportunity,5,Initial contact,2.0,2029,20,2024-08-12,,2024,2024-05,86,,False,False,False,True,False,Medium (201-500)
Bogan Group,Germany,52.520008,13.404954,Transportation & Logistics,Medium (201-500),Sarah Davis,2024-05-21,SAAS,Opportunity,5,Initial contact,2.0,3487,30,2025-01-08,,2024,2024-05,232,,False,False,False,True,True,Medium (201-500)
Morissette Group,Netherlands,52.370216,4.895168,Government Administration Healthcare,Medium (201-500),Laura Thompson,2024-05-26,Custom solution,Opportunity,5,Initial contact,2.0,5274,70,2024-10-23,,2024,2024-05,150,,False,False,False,True,False,Medium (201-500)
Huels-Hyatt,Austria,48.210033,16.363449,Construction & Engineering,Medium (201-500),Jessica Martinez,2024-05-26,Services,Opportunity,5,Initial contact,2.0,7451,20,2024-07-31,,2024,2024-05,66,,False,False,False,True,False,Medium (201-500)
Price-Pagac,France,48.864716,2.349014,Manufacturing & Production,Medium (201-500),Laura Thompson,2024-01-13,SAAS,Opportunity,5,Initial contact,2.0,4486,60,2024-12-30,,2024,2024-01,352,,False,False,False,True,True,Medium (201-500)
Harris-Lindgren,Germany,52.520008,13.404954,Government Administration Healthcare,Medium (201-500),John Smith,2024-02-06,Custom solution,Opportunity,5,Initial contact,2.0,7066,80,2024-07-03,,2024,2024-02,148,,False,False,False,True,False,Medium (201-500)
Schimmel-Langosh,Portugal,38.736946,-9.142685,IT & IT Services,Medium (201-500),John Smith,2024-05-23,SAAS,Opportunity,5,Initial contact,2.0,1015,20,2024-11-28,,2024,2024-05,189,,False,False,False,True,True,Medium (201-500)
"Bosco, Hills and Reinger",France,48.864716,2.349014,Manufacturing & Production,Medium (201-500),Laura Thompson,2024-05-21,Custom solution,Opportunity,5,Initial contact,2.0,6185,70,2024-08-26,,2024,2024-05,97,,False,False,False,True,False,Medium (201-500)
"Crooks, Herzog and Leannon",Italy,41.902782,12.496366,Transportation & Logistics,Medium (201-500),Jessica Martinez,2024-04-13,Services,Opportunity,5,Initial contact,2.0,4202,40,2024-11-03,,2024,2024-04,204,,False,False,False,True,False,Medium (201-500)
"Greenholt, Gorczany and Osinski",Germany,52.520008,13.404954,Banking and Finance,Medium (201-500),Michael Brown,2024-03-05,Custom solution,Opportunity,5,Initial contact,2.0,4592,20,2024-09-26,,2024,2024-03,205,,False,False,False,True,False,Medium (201-500)
Dach-Shields,Netherlands,52.370216,4.895168,IT & IT Services,Medium (201-500),Laura Thompson,2024-03-23,Services,Opportunity,5,Initial contact,2.0,5567,30,2024-08-12,,2024,2024-03,142,,False,False,False,True,False,Medium (201-500)
Blanda-Bednar,Portugal,38.736946,-9.142685,Entertainment & Media & Hospitality,Medium (201-500),Jessica Martinez,2024-04-11,SAAS,Opportunity,5,Initial contact,2.0,7438,60,2024-08-12,,2024,2024-04,123,,False,False,False,True,True,Medium (201-500)
"Bergnaum, Johnson and Grimes",Italy,41.902782,12.496366,Entertainment & Media & Hospitality,Medium (201-500),Laura Thompson,2024-02-26,SAAS,Opportunity,5,Initial contact,2.0,7116,20,2024-07-23,,2024,2024-02,148,,False,False,False,True,True,Medium (201-500)
Lesch LLC,Italy,41.902782,12.496366,Banking and Finance,Medium (201-500),Kevin Anderson,2024-05-09,SAAS,Opportunity,5,Initial contact,2.0,3763,60,2025-01-20,,2024,2024-05,256,,False,False,False,True,True,Medium (201-500)
Reichert LLC,Austria,48.210033,16.363449,Education & Science,Medium (201-500),Laura Thompson,2024-05-15,SAAS,Opportunity,5,Initial contact,2.0,520,30,2024-12-21,,2024,2024-05,220,,False,False,False,True,True,Medium (201-500)
Breitenberg-Huel,Germany,52.520008,13.404954,Transportation & Logistics,Medium (201-500),Laura Thompson,2024-02-02,Services,Opportunity,5,Initial contact,2.0,7236,70,2024-05-09,,2024,2024-02,97,,False,False,False,True,False,Medium (201-500)
O'Conner-Braun,France,48.864716,2.349014,Manufacturing & Production,Medium (201-500),Jessica Martinez,2024-03-07,Services,Opportunity,5,Initial contact,2.0,7972,30,2024-04-17,,2024,2024-03,41,,False,False,False,True,False,Medium (201-500)
"Shanahan, Senger and Rogahn",Portugal,38.736946,-9.142685,Retail & Distribution,Medium (201-500),Michael Brown,2024-01-03,Services,Opportunity,5,Initial contact,2.0,5674,50,2024-03-16,,2024,2024-01,73,,False,False,False,True,False,Medium (201-500)
Aimbo,Spain,40.416775,-3.70379,Transportation & Logistics,Large (501-1000),Kevin Anderson,2024-01-13,Services,Opportunity,5,Initial contact,2.0,3461,30,2024-07-21,,2024,2024-01,190,,False,False,False,True,False,Large (501-1000)
Skajo,Germany,52.520008,13.404954,IT & IT Services,Large (501-1000),Emily Johnson,2024-02-17,Services,Opportunity,5,Initial contact,2.0,2425,20,2024-11-02,,2024,2024-02,259,,False,False,False,True,False,Large (501-1000)
Yodel,Italy,41.902782,12.496366,Banking and Finance,Large (501-1000),John Smith,2024-04-01,SAAS,Opportunity,5,Initial contact,2.0,19997,100,2024-07-25,,2024,2024-04,115,,False,False,False,True,True,Large (501-1000)
Greenfelder-Johns,Italy,41.902782,12.496366,Manufacturing & Production,Large (501-1000),Michael Brown,2024-04-29,Services,Opportunity,5,Initial contact,2.0,3823,50,2024-12-10,,2024,2024-04,225,,False,False,False,True,False,Large (501-1000)
"Mosciski, Hansen and Ruecker",Switzerland,46.204391,6.143158,Manufacturing & Production,Large (501-1000),John Smith,2024-04-06,Custom solution,Opportunity,5,Initial contact,2.0,9441,50,2024-10-23,,2024,2024-04,200,,False,False,False,True,False,Large (501-1000)
Balistreri LLC,Portugal,38.736946,-9.142685,Banking and Finance,Large (501-1000),Laura Thompson,2024-04-26,Services,Opportunity,5,Initial contact,2.0,16217,40,2025-02-27,,2024,2024-04,307,,False,False,False,True,False,Large (501-1000)
"Barrows, Jacobs and O'Hara",Spain,40.416775,-3.70379,Government Administration Healthcare,Large (501-1000),Jessica Martinez,2024-04-15,SAAS,Opportunity,5,Initial contact,2.0,15769,50,2024-09-19,,2024,2024-04,157,,False,False,False,True,True,Large (501-1000)
Schaefer-Lockman,Germany,52.520008,13.404954,Banking and Finance,Large (501-1000),David Wilson,2024-02-28,Custom solution,Opportunity,5,Initial contact,2.0,8716,30,2024-09-18,,2024,2024-02,203,,False,False,False,True,False,Large (501-1000)
Barrows-Waelchi,Germany,52.520008,13.404954,Transportation & Logistics,Large (501-1000),Jessica Martinez,2024-03-22,Custom solution,Opportunity,5,Initial contact,2.0,11913,50,2024-12-10,,2024,2024-03,263,,False,False,False,True,False,Large (501-1000)
Walsh Inc,France,48.864716,2.349014,Recreation & Sports,Enterprise (1001+),Jessica Martinez,2024-05-25,Services,Opportunity,5,Initial contact,2.0,17606,20,2024-06-29,,2024,2024-05,35,,False,False,False,True,False,Enterprise (1001+)
Trantow Group,Belgium,51.260197,4.402771,Agriculture & Mining,Enterprise (1001+),Laura Thompson,2024-05-10,SAAS,Opportunity,5,Initial contact,2.0,17361,30,2024-11-24,,2024,2024-05,198,,False,False,False,True,True,Enterprise (1001+)
"Murphy, Hudson and Considine",France,48.864716,2.349014,Manufacturing & Production,Enterprise (1001+),Laura Thompson,2024-05-10,Custom solution,Opportunity,5,Initial contact,2.0,15588,40,2025-02-26,,2024,2024-05,292,,False,False,False,True,False,Enterprise (1001+)
Tagchat,Portugal,38.736946,-9.142685,Government Administration Healthcare,Small (11-200),Michael Brown,2024-01-28,SAAS,Opportunity,5,Lost,6.0,1615,30,2024-07-13,,2024,2024-01,167,,False,True,True,False,True,Small (11-200)
Yata,Germany,52.520008,13.404954,IT & IT Services,Small (11-200),Laura Thompson,2024-02-27,Services,Opportunity,5,Lost,6.0,1317,20,2024-12-26,,2024,2024-02,303,,False,True,True,False,False,Small (11-200)
Cogibox,Italy,41.902782,12.496366,IT & IT Services,Small (11-200),Sarah Davis,2024-04-09,SAAS,Opportunity,5,Lost,6.0,1152,50,2024-10-22,,2024,2024-04,196,,False,True,True,False,True,Small (11-200)
Skynoodle,France,48.864716,2.349014,Agriculture & Mining,Small (11-200),David Wilson,2024-04-10,SAAS,Opportunity,5,Lost,6.0,1158,30,2024-11-22,,2024,2024-04,226,,False,True,True,False,True,Small (11-200)
"Heidenreich, Stehr and Johnston",Belgium,51.260197,4.402771,Transportation & Logistics,Small (11-200),Laura Thompson,2024-04-26,Custom solution,Opportunity,5,Lost,6.0,1306,50,2025-03-24,,2024,2024-04,332,,False,True,True,False,False,Small (11-200)
Schultz-Kirlin,Germany,52.520008,13.404954,Recreation & Sports,Small (11-200),John Smith,2024-01-13,Services,Opportunity,5,Lost,6.0,1170,20,2024-04-15,,2024,2024-01,93,,False,True,True,False,False,Small (11-200)
Blick-Schamberger,Germany,52.520008,13.404954,Agriculture & Mining,Small (11-200),Emily Johnson,2024-01-13,Custom solution,Opportunity,5,Lost,6.0,1791,30,2024-08-29,,2024,2024-01,229,,False,True,True,False,False,Small (11-200)
White-Donnelly,Germany,52.520008,13.404954,Recreation & Sports,Small (11-200),Emily Johnson,2024-02-07,SAAS,Opportunity,5,Lost,6.0,632,50,2024-09-30,,2024,2024-02,236,,False,True,True,False,True,Small (11-200)
Wuckert and Sons,Belgium,51.260197,4.402771,Manufacturing & Production,Small (11-200),Michael Brown,2024-05-11,Custom solution,Opportunity,5,Lost,6.0,644,20,2025-01-10,,2024,2024-05,244,,False,True,True,False,False,Small (11-200)
"Batz, Fay and Murray",France,48.864716,2.349014,Transportation & Logistics,Small (11-200),David Wilson,2024-03-30,SAAS,Opportunity,5,Lost,6.0,229,20,2025-03-23,,2024,2024-03,358,,False,True,True,False,True,Small (11-200)
Harvey-Reichel,Switzerland,46.204391,6.143158,Professional Services  & Consulting,Small (11-200),Kevin Anderson,2024-05-02,Custom solution,Opportunity,5,Lost,6.0,1767,40,2024-10-24,,2024,2024-05,175,,False,True,True,False,False,Small (11-200)
Hilpert and Sons,Germany,52.520008,13.404954,Energy & Utilities,Small (11-200),Emily Johnson,2024-04-07,SAAS,Opportunity,5,Lost,6.0,1844,20,2025-01-21,,2024,2024-04,289,,False,True,True,False,True,Small (11-200)
Stanton and Sons,Italy,41.902782,12.496366,Agriculture & Mining,Small (11-200),Michael Brown,2024-01-21,Custom solution,Opportunity,5,Lost,6.0,1361,40,2024-06-22,,2024,2024-01,153,,False,True,True,False,False,Small (11-200)
"Dare, Kassulke and Nicolas",Italy,41.902782,12.496366,Transportation & Logistics,Small (11-200),John Smith,2024-04-19,Services,Opportunity,5,Lost,6.0,1548,20,2024-08-10,,2024,2024-04,113,,False,True,True,False,False,Small (11-200)
"O'Connell, Harber and Koelpin",Netherlands,52.370216,4.895168,Banking and Finance,Small (11-200),David Wilson,2024-01-06,Services,Opportunity,5,Lost,6.0,1976,40,2024-12-05,,2024,2024-01,334,,False,True,True,False,False,Small (11-200)
Schmidt-Hettinger,Germany,52.520008,13.404954,Recreation & Sports,Small (11-200),Michael Brown,2024-03-12,SAAS,Opportunity,5,Lost,6.0,741,30,2024-04-02,,2024,2024-03,21,,False,True,True,False,True,Small (11-200)
Abernathy-Kohler,Italy,41.902782,12.496366,Entertainment & Media & Hospitality,Small (11-200),David Wilson,2024-04-20,Services,Opportunity,5,Lost,6.0,1006,50,2025-04-12,,2024,2024-04,357,,False,True,True,False,False,Small (11-200)
Kessler-Hirthe,France,48.864716,2.349014,Transportation & Logistics,Small (11-200),John Smith,2024-05-07,Services,Opportunity,5,Lost,6.0,1764,40,2025-01-15,,2024,2024-05,253,,False,True,True,False,False,Small (11-200)
Schowalter-Jacobs,Netherlands,52.370216,4.895168,Banking and Finance,Small (11-200),Michael Brown,2024-01-14,SAAS,Opportunity,5,Lost,6.0,1271,40,2024-11-29,,2024,2024-01,320,,False,True,True,False,True,Small (11-200)
Parker LLC,Germany,52.520008,13.404954,Transportation & Logistics,Small (11-200),Sarah Davis,2024-05-25,Services,Opportunity,5,Lost,6.0,1011,40,2025-04-04,,2024,2024-05,314,,False,True,True,False,False,Small (11-200)
Youtags,Italy,41.902782,12.496366,Government Administration Healthcare,Micro (1-10),Michael Brown,2024-03-09,Services,Opportunity,5,Lost,6.0,902,40,2024-12-19,,2024,2024-03,285,,False,True,True,False,False,Micro (1-10)
Lemke-Roberts,Switzerland,46.204391,6.143158,Entertainment & Media & Hospitality,Micro (1-10),Kevin Anderson,2024-02-11,Services,Opportunity,5,Lost,6.0,381,40,2024-09-23,,2024,2024-02,225,,False,True,True,False,False,Micro (1-10)
"Smith, Stiedemann and Rowe",Spain,40.416775,-3.70379,Entertainment & Media & Hospitality,Micro (1-10),Emily Johnson,2024-03-24,Custom solution,Opportunity,5,Lost,6.0,274,20,2025-03-04,,2024,2024-03,345,,False,True,True,False,False,Micro (1-10)
"Bogisich, Kuvalis and Herman",France,48.864716,2.349014,Agriculture & Mining,Micro (1-10),John Smith,2024-03-09,Services,Opportunity,5,Lost,6.0,444,70,2025-01-29,,2024,2024-03,326,,False,True,True,False,False,Micro (1-10)
Okuneva-Schumm,Portugal,38.736946,-9.142685,Government Administration Healthcare,Micro (1-10),Laura Thompson,2024-01-31,SAAS,Opportunity,5,Lost,6.0,1041,60,2024-03-25,,2024,2024-01,54,,False,True,True,False,True,Micro (1-10)
Nader-Ortiz,Switzerland,46.204391,6.143158,IT & IT Services,Micro (1-10),Jessica Martinez,2024-04-01,Custom solution,Opportunity,5,Lost,6.0,891,30,2024-12-04,,2024,2024-04,247,,False,True,True,False,False,Micro (1-10)
Goyette LLC,France,48.864716,2.349014,Agriculture & Mining,Micro (1-10),David Wilson,2024-04-24,Services,Opportunity,5,Lost,6.0,273,90,2024-09-25,,2024,2024-04,154,,False,True,True,False,False,Micro (1-10)
Treutel and Sons,Austria,48.210033,16.363449,Transportation & Logistics,Micro (1-10),Laura Thompson,2024-04-26,SAAS,Opportunity,5,Lost,6.0,602,60,2025-04-06,,2024,2024-04,345,,False,True,True,False,True,Micro (1-10)
Murphy Group,Italy,41.902782,12.496366,Government Administration Healthcare,Micro (1-10),Emily Johnson,2024-02-02,SAAS,Opportunity,5,Lost,6.0,419,70,2024-09-30,,2024,2024-02,241,,False,True,True,False,True,Micro (1-10)
Hamill Group,Portugal,38.736946,-9.142685,Transportation & Logistics,Micro (1-10),Michael Brown,2024-02-14,SAAS,Opportunity,5,Lost,6.0,301,40,2025-01-31,,2024,2024-02,352,,False,True,True,False,True,Micro (1-10)
Keeling-Lang,Portugal,38.736946,-9.142685,Construction & Engineering,Micro (1-10),John Smith,2024-03-10,Services,Opportunity,5,Lost,6.0,673,50,2024-11-30,,2024,2024-03,265,,False,True,True,False,False,Micro (1-10)
"MacGyver, Ondricka and McLaughlin",Italy,41.902782,12.496366,Telecommunications,Micro (1-10),Laura Thompson,2024-03-26,Custom solution,Opportunity,5,Lost,6.0,458,20,2024-08-29,,2024,2024-03,156,,False,True,True,False,False,Micro (1-10)
Linklinks,Germany,52.520008,13.404954,Energy & Utilities,Medium (201-500),Michael Brown,2024-05-08,SAAS,Opportunity,5,Lost,6.0,6177,50,2024-08-14,,2024,2024-05,98,,False,True,True,False,True,Medium (201-500)
Larson and Sons,France,48.864716,2.349014,Agriculture & Mining,Medium (201-500),Laura Thompson,2024-01-10,SAAS,Opportunity,5,Lost,6.0,2950,20,2024-06-27,,2024,2024-01,169,,False,True,True,False,True,Medium (201-500)
Bradtke-Stehr,Italy,41.902782,12.496366,Banking and Finance,Medium (201-500),Laura Thompson,2024-01-22,SAAS,Opportunity,5,Lost,6.0,5423,40,2025-01-01,,2024,2024-01,345,,False,True,True,False,True,Medium (201-500)
Bartoletti LLC,Italy,41.902782,12.496366,Recreation & Sports,Medium (201-500),Jessica Martinez,2024-01-20,SAAS,Opportunity,5,Lost,6.0,7277,50,2024-10-14,,2024,2024-01,268,,False,True,True,False,True,Medium (201-500)
Halvorson-Corkery,Italy,41.902782,12.496366,Energy & Utilities,Medium (201-500),David Wilson,2024-01-07,Services,Opportunity,5,Lost,6.0,1133,50,2024-12-01,,2024,2024-01,329,,False,True,True,False,False,Medium (201-500)
"Reynolds, Gottlieb and Prohaska",Switzerland,46.204391,6.143158,Energy & Utilities,Medium (201-500),David Wilson,2024-01-02,SAAS,Opportunity,5,Lost,6.0,6015,40,2024-12-09,,2024,2024-01,342,,False,True,True,False,True,Medium (201-500)
"Rempel, Senger and Schimmel",Netherlands,52.370216,4.895168,Agriculture & Mining,Medium (201-500),Jessica Martinez,2024-05-23,Services,Opportunity,5,Lost,6.0,3264,100,2025-02-01,,2024,2024-05,254,,False,True,True,False,False,Medium (201-500)
"Kunde, Harris and Bernier",Austria,48.210033,16.363449,Retail & Distribution,Medium (201-500),Jessica Martinez,2024-04-15,Services,Opportunity,5,Lost,6.0,2913,40,2024-10-04,,2024,2024-04,172,,False,True,True,False,False,Medium (201-500)
D'Amore-Pacocha,Italy,41.902782,12.496366,Retail & Distribution,Medium (201-500),Jessica Martinez,2024-02-02,SAAS,Opportunity,5,Lost,6.0,3059,70,2024-09-07,,2024,2024-02,218,,False,True,True,False,True,Medium (201-500)
Mante-Toy,Portugal,38.736946,-9.142685,Government Administration Healthcare,Medium (201-500),Laura Thompson,2024-05-21,SAAS,Opportunity,5,Lost,6.0,7763,30,2024-10-22,,2024,2024-05,154,,False,True,True,False,True,Medium (201-500)
Smith-Parisian,Portugal,38.736946,-9.142685,Banking and Finance,Medium (201-500),Laura Thompson,2024-02-06,SAAS,Opportunity,5,Lost,6.0,4052,70,2024-11-25,,2024,2024-02,293,,False,True,True,False,True,Medium (201-500)
Wuckert LLC,Italy,41.902782,12.496366,Entertainment & Media & Hospitality,Medium (201-500),Laura Thompson,2024-02-23,SAAS,Opportunity,5,Lost,6.0,1430,30,2024-10-25,,2024,2024-02,245,,False,True,True,False,True,Medium (201-500)
Murray Inc,Switzerland,46.204391,6.143158,Government Administration Healthcare,Medium (201-500),John Smith,2024-01-20,SAAS,Opportunity,5,Lost,6.0,7438,90,2024-03-28,,2024,2024-01,68,,False,True,True,False,True,Medium (201-500)
"Treutel, Balistreri and Brakus",France,48.864716,2.349014,Banking and Finance,Medium (201-500),Laura Thompson,2024-04-03,Services,Opportunity,5,Lost,6.0,1882,30,2024-07-24,,2024,2024-04,112,,False,True,True,False,False,Medium (201-500)
Paucek LLC,Spain,40.416775,-3.70379,Transportation & Logistics,Medium (201-500),Michael Brown,2024-05-18,Services,Opportunity,5,Lost,6.0,2633,40,2024-06-11,,2024,2024-05,24,,False,True,True,False,False,Medium (201-500)
Flatley Inc,Switzerland,46.204391,6.143158,Professional Services  & Consulting,Medium (201-500),Kevin Anderson,2024-04-28,Services,Opportunity,5,Lost,6.0,7268,70,2025-02-09,,2024,2024-04,287,,False,True,True,False,False,Medium (201-500)
Huel LLC,Belgium,51.260197,4.402771,Entertainment & Media & Hospitality,Medium (201-500),Laura Thompson,2024-04-04,SAAS,Opportunity,5,Lost,6.0,7312,80,2024-09-20,,2024,2024-04,169,,False,True,True,False,True,Medium (201-500)
Strosin-Feeney,Italy,41.902782,12.496366,Government Administration Healthcare,Medium (201-500),David Wilson,2024-04-22,SAAS,Opportunity,5,Lost,6.0,5619,10,2025-02-01,,2024,2024-04,285,,False,True,True,False,True,Medium (201-500)
Lesch-Sporer,Germany,52.520008,13.404954,Banking and Finance,Medium (201-500),Kevin Anderson,2024-01-18,SAAS,Opportunity,5,Lost,6.0,6395,20,2024-11-14,,2024,2024-01,301,,False,True,True,False,True,Medium (201-500)
Steuber-Gibson,Austria,48.210033,16.363449,Transportation & Logistics,Medium (201-500),Jessica Martinez,2024-03-29,Services,Opportunity,5,Lost,6.0,7392,30,2025-02-01,,2024,2024-03,309,,False,True,True,False,False,Medium (201-500)
Grady Inc,Belgium,51.260197,4.402771,Professional Services  & Consulting,Medium (201-500),Sarah Davis,2024-04-15,Custom solution,Opportunity,5,Lost,6.0,3692,20,2025-03-27,,2024,2024-04,346,,False,True,True,False,False,Medium (201-500)
"Jast, Hirthe and Murphy",France,48.864716,2.349014,Government Administration Healthcare,Medium (201-500),Laura Thompson,2024-05-29,SAAS,Opportunity,5,Lost,6.0,6882,30,2025-05-27,,2024,2024-05,363,,False,True,True,False,True,Medium (201-500)
Kulas-Barrows,Italy,41.902782,12.496366,Construction & Engineering,Medium (201-500),Michael Brown,2024-03-28,Services,Opportunity,5,Lost,6.0,7069,30,2024-08-05,,2024,2024-03,130,,False,True,True,False,False,Medium (201-500)
Quitzon Inc,Portugal,38.736946,-9.142685,Retail & Distribution,Medium (201-500),John Smith,2024-02-11,SAAS,Opportunity,5,Lost,6.0,5658,60,2025-01-26,,2024,2024-02,350,,False,True,True,False,True,Medium (201-500)
"Haley, Boyer and Prohaska",Portugal,38.736946,-9.142685,Professional Services  & Consulting,Medium (201-500),Jessica Martinez,2024-03-11,Services,Opportunity,5,Lost,6.0,6364,20,2025-03-10,,2024,2024-03,364,,False,True,True,False,False,Medium (201-500)
Ernser-Schulist,Italy,41.902782,12.496366,Transportation & Logistics,Medium (201-500),Laura Thompson,2024-04-14,Custom solution,Opportunity,5,Lost,6.0,4017,10,2024-09-29,,2024,2024-04,168,,False,True,True,False,False,Medium (201-500)
Considine Inc,Germany,52.520008,13.404954,Transportation & Logistics,Large (501-1000),Laura Thompson,2024-04-11,Custom solution,Opportunity,5,Lost,6.0,14173,50,2025-02-15,,2024,2024-04,310,,False,True,True,False,False,Large (501-1000)
Moen-Beer,France,48.864716,2.349014,Professional Services  & Consulting,Enterprise (1001+),Jessica Martinez,2024-03-29,Services,Opportunity,5,Lost,6.0,4825,90,2024-07-17,,2024,2024-03,110,,False,True,True,False,False,Enterprise (1001+)
"Abernathy, Ward and Boyle",Portugal,38.736946,-9.142685,IT & IT Services,Enterprise (1001+),Laura Thompson,2024-04-17,Services,Opportunity,5,Lost,6.0,18078,40,2025-01-02,,2024,2024-04,260,,False,True,True,False,False,Enterprise (1001+)
Realbridge,Austria,48.210033,16.363449,Agriculture & Mining,Small (11-200),Laura Thompson,2024-05-17,Custom solution,Opportunity,5,Nurturing,3.0,454,50,2024-09-21,,2024,2024-05,127,,False,False,False,True,False,Small (11-200)
Blogtag,Portugal,38.736946,-9.142685,IT & IT Services,Small (11-200),Jessica Martinez,2024-03-14,SAAS,Opportunity,5,Nurturing,3.0,1138,30,2025-01-27,,2024,2024-03,319,,False,False,False,True,True,Small (11-200)
Yacero,France,48.864716,2.349014,Banking and Finance,Small (11-200),Sarah Davis,2024-03-19,Services,Opportunity,5,Nurturing,3.0,1648,30,2024-06-04,,2024,2024-03,77,,False,False,False,True,False,Small (11-200)
Viva,Italy,41.902782,12.496366,IT & IT Services,Small (11-200),David Wilson,2024-03-30,SAAS,Opportunity,5,Nurturing,3.0,804,40,2024-11-22,,2024,2024-03,237,,False,False,False,True,True,Small (11-200)
Jaxworks,France,48.864716,2.349014,Construction & Engineering,Small (11-200),Laura Thompson,2024-05-30,SAAS,Opportunity,5,Nurturing,3.0,1056,40,2024-07-27,,2024,2024-05,58,,False,False,False,True,True,Small (11-200)
Kwideo,Germany,52.520008,13.404954,IT & IT Services,Small (11-200),John Smith,2024-05-10,Services,Opportunity,5,Nurturing,3.0,1440,10,2024-06-17,,2024,2024-05,38,,False,False,False,True,False,Small (11-200)
Geba,Italy,41.902782,12.496366,Government Administration Healthcare,Small (11-200),David Wilson,2024-02-14,SAAS,Opportunity,5,Nurturing,3.0,1572,40,2024-08-02,,2024,2024-02,170,,False,False,False,True,True,Small (11-200)
Gigashots,Germany,52.520008,13.404954,Professional Services  & Consulting,Small (11-200),Michael Brown,2024-03-20,SAAS,Opportunity,5,Nurturing,3.0,1604,50,2024-11-14,,2024,2024-03,239,,False,False,False,True,True,Small (11-200)
Reilly-Bahringer,Italy,41.902782,12.496366,Transportation & Logistics,Small (11-200),Laura Thompson,2024-03-19,SAAS,Opportunity,5,Nurturing,3.0,687,20,2025-02-21,,2024,2024-03,339,,False,False,False,True,True,Small (11-200)
Runolfsson-Rogahn,Spain,40.416775,-3.70379,IT & IT Services,Small (11-200),Michael Brown,2024-05-13,SAAS,Opportunity,5,Nurturing,3.0,1322,20,2024-12-28,,2024,2024-05,229,,False,False,False,True,True,Small (11-200)
Purdy LLC,Portugal,38.736946,-9.142685,Agriculture & Mining,Small (11-200),John Smith,2024-03-26,Services,Opportunity,5,Nurturing,3.0,399,40,2024-09-28,,2024,2024-03,186,,False,False,False,True,False,Small (11-200)
"Terry, Corwin and Harris",Switzerland,46.204391,6.143158,IT & IT Services,Small (11-200),Emily Johnson,2024-04-29,SAAS,Opportunity,5,Nurturing,3.0,904,30,2024-05-25,,2024,2024-04,26,,False,False,False,True,True,Small (11-200)
Stokes LLC,Portugal,38.736946,-9.142685,Banking and Finance,Small (11-200),David Wilson,2024-04-23,SAAS,Opportunity,5,Nurturing,3.0,334,40,2024-07-21,,2024,2024-04,89,,False,False,False,True,True,Small (11-200)
"Graham, Bergnaum and Kreiger",Italy,41.902782,12.496366,Transportation & Logistics,Small (11-200),Laura Thompson,2024-03-17,SAAS,Opportunity,5,Nurturing,3.0,730,70,2024-09-04,,2024,2024-03,171,,False,False,False,True,True,Small (11-200)
Wuckert-Yost,Belgium,51.260197,4.402771,Transportation & Logistics,Small (11-200),Laura Thompson,2024-05-26,SAAS,Opportunity,5,Nurturing,3.0,861,30,2024-09-27,,2024,2024-05,124,,False,False,False,True,True,Small (11-200)
"Schoen, Rohan and Mosciski",France,48.864716,2.349014,Telecommunications,Small (11-200),Jessica Martinez,2024-02-16,Custom solution,Opportunity,5,Nurturing,3.0,540,50,2024-05-28,,2024,2024-02,102,,False,False,False,True,False,Small (11-200)
Morar-Heathcote,Italy,41.902782,12.496366,Retail & Distribution,Small (11-200),Laura Thompson,2024-01-09,Services,Opportunity,5,Nurturing,3.0,1776,40,2024-06-12,,2024,2024-01,155,,False,False,False,True,False,Small (11-200)
"Larkin, Doyle and Corwin",Portugal,38.736946,-9.142685,IT & IT Services,Small (11-200),Laura Thompson,2024-05-04,SAAS,Opportunity,5,Nurturing,3.0,498,80,2024-11-04,,2024,2024-05,184,,False,False,False,True,True,Small (11-200)
Gerhold-Nicolas,Italy,41.902782,12.496366,Banking and Finance,Small (11-200),Sarah Davis,2024-05-19,Services,Opportunity,5,Nurturing,3.0,1992,90,2024-08-06,,2024,2024-05,79,,False,False,False,True,False,Small (11-200)
"Hoeger, Kreiger and Deckow",Portugal,38.736946,-9.142685,Energy & Utilities,Small (11-200),Sarah Davis,2024-02-11,SAAS,Opportunity,5,Nurturing,3.0,1156,40,2024-07-27,,2024,2024-02,167,,False,False,False,True,True,Small (11-200)
O'Reilly-Kerluke,Italy,41.902782,12.496366,Government Administration Healthcare,Small (11-200),John Smith,2024-01-15,Custom solution,Opportunity,5,Nurturing,3.0,404,50,2024-04-05,,2024,2024-01,81,,False,False,False,True,False,Small (11-200)
Labadie LLC,France,48.864716,2.349014,Government Administration Healthcare,Small (11-200),Kevin Anderson,2024-02-15,Services,Opportunity,5,Nurturing,3.0,1883,60,2024-04-24,,2024,2024-02,69,,False,False,False,True,False,Small (11-200)
Brown Group,Italy,41.902782,12.496366,Professional Services  & Consulting,Small (11-200),Jessica Martinez,2024-05-03,Custom solution,Opportunity,5,Nurturing,3.0,1101,10,2024-10-13,,2024,2024-05,163,,False,False,False,True,False,Small (11-200)
Stoltenberg-Kuhn,Switzerland,46.204391,6.143158,Transportation & Logistics,Small (11-200),Jessica Martinez,2024-02-02,Services,Opportunity,5,Nurturing,3.0,299,30,2024-05-04,,2024,2024-02,92,,False,False,False,True,False,Small (11-200)
Huels-Reichert,Belgium,51.260197,4.402771,Agriculture & Mining,Small (11-200),John Smith,2024-05-21,Services,Opportunity,5,Nurturing,3.0,1722,40,2024-09-04,,2024,2024-05,106,,False,False,False,True,False,Small (11-200)
Bailey-O'Conner,Germany,52.520008,13.404954,Retail & Distribution,Small (11-200),Laura Thompson,2024-03-01,Custom solution,Opportunity,5,Nurturing,3.0,330,30,2024-08-29,,2024,2024-03,181,,False,False,False,True,False,Small (11-200)
"Hudson, Spencer and Bahringer",Switzerland,46.204391,6.143158,Transportation & Logistics,Small (11-200),David Wilson,2024-02-03,Custom solution,Opportunity,5,Nurturing,3.0,994,20,2024-06-22,,2024,2024-02,140,,False,False,False,True,False,Small (11-200)
"Howell, McCullough and Wuckert",Switzerland,46.204391,6.143158,Retail & Distribution,Small (11-200),David Wilson,2024-03-30,Services,Opportunity,5,Nurturing,3.0,927,80,2024-12-24,,2024,2024-03,269,,False,False,False,True,False,Small (11-200)
"Crona, Bashirian and Armstrong",Germany,52.520008,13.404954,IT & IT Services,Small (11-200),Laura Thompson,2024-05-15,SAAS,Opportunity,5,Nurturing,3.0,1155,50,2025-03-24,,2024,2024-05,313,,False,False,False,True,True,Small (11-200)
"Veum, Steuber and Blick",Germany,52.520008,13.404954,Education & Science,Small (11-200),Sarah Davis,2024-02-17,SAAS,Opportunity,5,Nurturing,3.0,735,50,2024-04-07,,2024,2024-02,50,,False,False,False,True,True,Small (11-200)
Torp-Krajcik,Switzerland,46.204391,6.143158,Recreation & Sports,Small (11-200),Michael Brown,2024-01-24,Custom solution,Opportunity,5,Nurturing,3.0,459,90,2024-03-28,,2024,2024-01,64,,False,False,False,True,False,Small (11-200)
Dach LLC,Italy,41.902782,12.496366,Government Administration Healthcare,Small (11-200),Jessica Martinez,2024-05-13,SAAS,Opportunity,5,Nurturing,3.0,492,60,2024-11-27,,2024,2024-05,198,,False,False,False,True,True,Small (11-200)
Carter-Blick,Switzerland,46.204391,6.143158,Professional Services  & Consulting,Small (11-200),Laura Thompson,2024-03-11,Custom solution,Opportunity,5,Nurturing,3.0,1115,10,2024-08-22,,2024,2024-03,164,,False,False,False,True,False,Small (11-200)
Klocko-Lindgren,Portugal,38.736946,-9.142685,Education & Science,Small (11-200),Emily Johnson,2024-04-02,SAAS,Opportunity,5,Nurturing,3.0,935,30,2024-12-31,,2024,2024-04,273,,False,False,False,True,True,Small (11-200)
"Koepp, Bosco and Hodkiewicz",Spain,40.416775,-3.70379,Professional Services  & Consulting,Small (11-200),Laura Thompson,2024-01-29,SAAS,Opportunity,5,Nurturing,3.0,847,30,2024-05-05,,2024,2024-01,97,,False,False,False,True,True,Small (11-200)
Ratke and Sons,Austria,48.210033,16.363449,Transportation & Logistics,Small (11-200),David Wilson,2024-01-06,Services,Opportunity,5,Nurturing,3.0,1738,50,2024-07-13,,2024,2024-01,189,,False,False,False,True,False,Small (11-200)
"Hudson, Bergnaum and Gerlach",Italy,41.902782,12.496366,Entertainment & Media & Hospitality,Small (11-200),John Smith,2024-01-11,SAAS,Opportunity,5,Nurturing,3.0,784,50,2024-03-23,,2024,2024-01,72,,False,False,False,True,True,Small (11-200)
Lynch-Gulgowski,France,48.864716,2.349014,Retail & Distribution,Small (11-200),Laura Thompson,2024-01-02,Custom solution,Opportunity,5,Nurturing,3.0,832,20,2024-12-25,,2024,2024-01,358,,False,False,False,True,False,Small (11-200)
Ryan Group,Switzerland,46.204391,6.143158,Banking and Finance,Small (11-200),Laura Thompson,2024-05-13,Services,Opportunity,5,Nurturing,3.0,327,90,2025-03-20,,2024,2024-05,311,,False,False,False,True,False,Small (11-200)
"Barton, Schumm and Wilderman",Netherlands,52.370216,4.895168,Banking and Finance,Small (11-200),Laura Thompson,2024-03-03,Services,Opportunity,5,Nurturing,3.0,778,40,2025-02-12,,2024,2024-03,346,,False,False,False,True,False,Small (11-200)
"Williamson, Gottlieb and Kuphal",Germany,52.520008,13.404954,Banking and Finance,Small (11-200),Michael Brown,2024-01-27,SAAS,Opportunity,5,Nurturing,3.0,934,20,2024-05-16,,2024,2024-01,110,,False,False,False,True,True,Small (11-200)
"Larkin, Kshlerin and Moore",France,48.864716,2.349014,Government Administration Healthcare,Small (11-200),Laura Thompson,2024-03-10,SAAS,Opportunity,5,Nurturing,3.0,858,40,2024-06-09,,2024,2024-03,91,,False,False,False,True,True,Small (11-200)
Kautzer and Sons,Spain,40.416775,-3.70379,Transportation & Logistics,Small (11-200),Laura Thompson,2024-05-14,SAAS,Opportunity,5,Nurturing,3.0,857,50,2025-03-07,,2024,2024-05,297,,False,False,False,True,True,Small (11-200)
"Jaskolski, Krajcik and Bergnaum",Portugal,38.736946,-9.142685,Transportation & Logistics,Small (11-200),David Wilson,2024-04-26,SAAS,Opportunity,5,Nurturing,3.0,995,80,2025-03-27,,2024,2024-04,335,,False,False,False,True,True,Small (11-200)
Kutch Inc,Italy,41.902782,12.496366,Energy & Utilities,Small (11-200),John Smith,2024-05-17,Services,Opportunity,5,Nurturing,3.0,1245,20,2024-11-03,,2024,2024-05,170,,False,False,False,True,False,Small (11-200)
Becker Inc,Spain,40.416775,-3.70379,Government Administration Healthcare,Small (11-200),Laura Thompson,2024-01-07,Services,Opportunity,5,Nurturing,3.0,1970,40,2024-11-11,,2024,2024-01,309,,False,False,False,True,False,Small (11-200)
"Mills, Schuppe and Stracke",Germany,52.520008,13.404954,Professional Services  & Consulting,Small (11-200),Laura Thompson,2024-03-28,Custom solution,Opportunity,5,Nurturing,3.0,1458,40,2024-12-31,,2024,2024-03,278,,False,False,False,True,False,Small (11-200)
McGlynn-Friesen,Italy,41.902782,12.496366,Education & Science,Small (11-200),Laura Thompson,2024-04-04,Services,Opportunity,5,Nurturing,3.0,513,50,2024-08-24,,2024,2024-04,142,,False,False,False,True,False,Small (11-200)
Stoltenberg-Koepp,France,48.864716,2.349014,Banking and Finance,Small (11-200),Sarah Davis,2024-05-23,SAAS,Opportunity,5,Nurturing,3.0,677,30,2025-01-26,,2024,2024-05,248,,False,False,False,True,True,Small (11-200)
"Emmerich, Schinner and McKenzie",Portugal,38.736946,-9.142685,Government Administration Healthcare,Small (11-200),Kevin Anderson,2024-03-28,Custom solution,Opportunity,5,Nurturing,3.0,485,30,2024-07-20,,2024,2024-03,114,,False,False,False,True,False,Small (11-200)
"Stoltenberg, Hoppe and Funk",France,48.864716,2.349014,Education & Science,Small (11-200),Kevin Anderson,2024-03-22,Services,Opportunity,5,Nurturing,3.0,429,20,2024-05-22,,2024,2024-03,61,,False,False,False,True,False,Small (11-200)
Schowalter and Sons,Belgium,51.260197,4.402771,Manufacturing & Production,Small (11-200),Jessica Martinez,2024-01-22,Custom solution,Opportunity,5,Nurturing,3.0,1347,40,2024-12-26,,2024,2024-01,339,,False,False,False,True,False,Small (11-200)
Lakin-Ondricka,France,48.864716,2.349014,Transportation & Logistics,Small (11-200),Jessica Martinez,2024-05-28,SAAS,Opportunity,5,Nurturing,3.0,1029,20,2024-07-04,,2024,2024-05,37,,False,False,False,True,True,Small (11-200)
"Kunde, Smitham and Hills",Portugal,38.736946,-9.142685,Retail & Distribution,Small (11-200),Laura Thompson,2024-02-27,Services,Opportunity,5,Nurturing,3.0,1989,60,2024-04-21,,2024,2024-02,54,,False,False,False,True,False,Small (11-200)
Kilback-Blick,Germany,52.520008,13.404954,Recreation & Sports,Small (11-200),John Smith,2024-03-15,SAAS,Opportunity,5,Nurturing,3.0,292,30,2024-04-09,,2024,2024-03,25,,False,False,False,True,True,Small (11-200)
Ledner LLC,Austria,48.210033,16.363449,Entertainment & Media & Hospitality,Small (11-200),Michael Brown,2024-05-31,SAAS,Opportunity,5,Nurturing,3.0,1476,100,2024-11-20,,2024,2024-05,173,,False,False,False,True,True,Small (11-200)
Reichel and Sons,Germany,52.520008,13.404954,Banking and Finance,Small (11-200),John Smith,2024-05-17,Services,Opportunity,5,Nurturing,3.0,384,90,2024-12-18,,2024,2024-05,215,,False,False,False,True,False,Small (11-200)
Mills-Donnelly,France,48.864716,2.349014,Telecommunications,Small (11-200),David Wilson,2024-02-09,Custom solution,Opportunity,5,Nurturing,3.0,1199,10,2024-07-13,,2024,2024-02,155,,False,False,False,True,False,Small (11-200)
Shanahan Inc,France,48.864716,2.349014,Transportation & Logistics,Small (11-200),David Wilson,2024-02-02,SAAS,Opportunity,5,Nurturing,3.0,1984,20,2024-09-09,,2024,2024-02,220,,False,False,False,True,True,Small (11-200)
West-Wyman,France,48.864716,2.349014,Construction & Engineering,Small (11-200),Laura Thompson,2024-05-14,SAAS,Opportunity,5,Nurturing,3.0,207,20,2024-08-22,,2024,2024-05,100,,False,False,False,True,True,Small (11-200)
Wunsch LLC,Italy,41.902782,12.496366,Retail & Distribution,Small (11-200),John Smith,2024-02-22,SAAS,Opportunity,5,Nurturing,3.0,691,30,2024-11-25,,2024,2024-02,277,,False,False,False,True,True,Small (11-200)
"Ritchie, Rutherford and Blick",Switzerland,46.204391,6.143158,Manufacturing & Production,Small (11-200),Jessica Martinez,2024-03-26,Services,Opportunity,5,Nurturing,3.0,1155,50,2024-04-17,,2024,2024-03,22,,False,False,False,True,False,Small (11-200)
Ratke-Zulauf,Austria,48.210033,16.363449,Education & Science,Small (11-200),Jessica Martinez,2024-04-26,SAAS,Opportunity,5,Nurturing,3.0,361,20,2024-05-29,,2024,2024-04,33,,False,False,False,True,True,Small (11-200)
Hodkiewicz-Wunsch,Germany,52.520008,13.404954,Retail & Distribution,Small (11-200),Laura Thompson,2024-02-04,Custom solution,Opportunity,5,Nurturing,3.0,1522,20,2024-12-06,,2024,2024-02,306,,False,False,False,True,False,Small (11-200)
Zulauf Group,Netherlands,52.370216,4.895168,Telecommunications,Small (11-200),Jessica Martinez,2024-04-07,SAAS,Opportunity,5,Nurturing,3.0,545,60,2024-09-05,,2024,2024-04,151,,False,False,False,True,True,Small (11-200)
"Powlowski, Weissnat and Pollich",Switzerland,46.204391,6.143158,Banking and Finance,Small (11-200),Laura Thompson,2024-05-11,SAAS,Opportunity,5,Nurturing,3.0,1246,80,2024-11-02,,2024,2024-05,175,,False,False,False,True,True,Small (11-200)
Swift-Wolf,Portugal,38.736946,-9.142685,Agriculture & Mining,Small (11-200),Laura Thompson,2024-01-28,SAAS,Opportunity,5,Nurturing,3.0,1123,30,2024-04-10,,2024,2024-01,73,,False,False,False,True,True,Small (11-200)
"Paucek, Sanford and Feil",Netherlands,52.370216,4.895168,Manufacturing & Production,Small (11-200),Michael Brown,2024-04-20,SAAS,Opportunity,5,Nurturing,3.0,1527,60,2024-07-21,,2024,2024-04,92,,False,False,False,True,True,Small (11-200)
"Quigley, Volkman and Kihn",Germany,52.520008,13.404954,IT & IT Services,Small (11-200),Kevin Anderson,2024-02-22,Services,Opportunity,5,Nurturing,3.0,974,50,2024-12-12,,2024,2024-02,294,,False,False,False,True,False,Small (11-200)
Kerluke and Sons,Italy,41.902782,12.496366,Government Administration Healthcare,Small (11-200),Jessica Martinez,2024-03-26,Services,Opportunity,5,Nurturing,3.0,1840,70,2024-06-18,,2024,2024-03,84,,False,False,False,True,False,Small (11-200)
Carroll and Sons,Germany,52.520008,13.404954,Energy & Utilities,Small (11-200),John Smith,2024-03-28,Services,Opportunity,5,Nurturing,3.0,1970,50,2024-11-11,,2024,2024-03,228,,False,False,False,True,False,Small (11-200)
"Jerde, Torphy and Hirthe",Switzerland,46.204391,6.143158,Transportation & Logistics,Small (11-200),Laura Thompson,2024-04-12,Services,Opportunity,5,Nurturing,3.0,1803,20,2024-06-25,,2024,2024-04,74,,False,False,False,True,False,Small (11-200)
Hermann-Kreiger,Switzerland,46.204391,6.143158,Government Administration Healthcare,Small (11-200),Michael Brown,2024-01-05,Services,Opportunity,5,Nurturing,3.0,1086,80,2024-09-28,,2024,2024-01,267,,False,False,False,True,False,Small (11-200)
Camido,Netherlands,52.370216,4.895168,Banking and Finance,Micro (1-10),Michael Brown,2024-01-15,Services,Opportunity,5,Nurturing,3.0,904,50,2024-04-28,,2024,2024-01,104,,False,False,False,True,False,Micro (1-10)
Eamia,Italy,41.902782,12.496366,Professional Services  & Consulting,Micro (1-10),Kevin Anderson,2024-03-31,Custom solution,Opportunity,5,Nurturing,3.0,357,40,2024-10-12,,2024,2024-03,195,,False,False,False,True,False,Micro (1-10)
Centimia,Italy,41.902782,12.496366,Entertainment & Media & Hospitality,Micro (1-10),David Wilson,2024-01-22,Services,Opportunity,5,Nurturing,3.0,1158,40,2024-06-19,,2024,2024-01,149,,False,False,False,True,False,Micro (1-10)
Browsetype,Spain,40.416775,-3.70379,Recreation & Sports,Micro (1-10),Kevin Anderson,2024-05-01,Services,Opportunity,5,Nurturing,3.0,830,100,2024-07-25,,2024,2024-05,85,,False,False,False,True,False,Micro (1-10)
Babbleopia,Austria,48.210033,16.363449,IT & IT Services,Micro (1-10),Laura Thompson,2024-01-25,SAAS,Opportunity,5,Nurturing,3.0,1055,30,2024-08-26,,2024,2024-01,214,,False,False,False,True,True,Micro (1-10)
Yakitri,Belgium,51.260197,4.402771,Government Administration Healthcare,Micro (1-10),Jessica Martinez,2024-05-31,SAAS,Opportunity,5,Nurturing,3.0,1128,90,2025-02-26,,2024,2024-05,271,,False,False,False,True,True,Micro (1-10)
Linkbuzz,Spain,40.416775,-3.70379,IT & IT Services,Micro (1-10),John Smith,2024-03-14,SAAS,Opportunity,5,Nurturing,3.0,649,20,2024-10-26,,2024,2024-03,226,,False,False,False,True,True,Micro (1-10)
Oozz,Belgium,51.260197,4.402771,Banking and Finance,Micro (1-10),Laura Thompson,2024-02-15,SAAS,Opportunity,5,Nurturing,3.0,240,40,2025-01-30,,2024,2024-02,350,,False,False,False,True,True,Micro (1-10)
Blogtags,Switzerland,46.204391,6.143158,Transportation & Logistics,Micro (1-10),Laura Thompson,2024-02-15,Services,Opportunity,5,Nurturing,3.0,639,20,2024-11-19,,2024,2024-02,278,,False,False,False,True,False,Micro (1-10)
Senger and Sons,Portugal,38.736946,-9.142685,Government Administration Healthcare,Micro (1-10),Emily Johnson,2024-04-02,SAAS,Opportunity,5,Nurturing,3.0,895,50,2024-11-13,,2024,2024-04,225,,False,False,False,True,True,Micro (1-10)
Windler-Gutmann,Switzerland,46.204391,6.143158,IT & IT Services,Micro (1-10),Michael Brown,2024-04-25,SAAS,Opportunity,5,Nurturing,3.0,617,20,2024-11-30,,2024,2024-04,219,,False,False,False,True,True,Micro (1-10)
Mueller-Conroy,Portugal,38.736946,-9.142685,Transportation & Logistics,Micro (1-10),Kevin Anderson,2024-03-09,Services,Opportunity,5,Nurturing,3.0,805,40,2024-08-18,,2024,2024-03,162,,False,False,False,True,False,Micro (1-10)
"Kohler, Konopelski and Runolfsdottir",Portugal,38.736946,-9.142685,Transportation & Logistics,Micro (1-10),Jessica Martinez,2024-03-18,SAAS,Opportunity,5,Nurturing,3.0,870,10,2025-02-06,,2024,2024-03,325,,False,False,False,True,True,Micro (1-10)
"Schuster, Beahan and Nolan",Italy,41.902782,12.496366,Entertainment & Media & Hospitality,Micro (1-10),Michael Brown,2024-02-13,Custom solution,Opportunity,5,Nurturing,3.0,1026,90,2024-03-08,,2024,2024-02,24,,False,False,False,True,False,Micro (1-10)
"Donnelly, Jacobi and Gutmann",Portugal,38.736946,-9.142685,Transportation & Logistics,Micro (1-10),John Smith,2024-03-21,Services,Opportunity,5,Nurturing,3.0,1149,20,2024-07-04,,2024,2024-03,105,,False,False,False,True,False,Micro (1-10)
Considine-Boyer,France,48.864716,2.349014,Construction & Engineering,Micro (1-10),Emily Johnson,2024-05-20,SAAS,Opportunity,5,Nurturing,3.0,568,90,2025-03-13,,2024,2024-05,297,,False,False,False,True,True,Micro (1-10)
Pfeffer LLC,Germany,52.520008,13.404954,Transportation & Logistics,Micro (1-10),John Smith,2024-02-25,SAAS,Opportunity,5,Nurturing,3.0,1110,60,2024-04-07,,2024,2024-02,42,,False,False,False,True,True,Micro (1-10)
"Nader, McClure and Reynolds",Germany,52.520008,13.404954,Transportation & Logistics,Micro (1-10),Jessica Martinez,2024-02-10,SAAS,Opportunity,5,Nurturing,3.0,350,20,2024-08-20,,2024,2024-02,192,,False,False,False,True,True,Micro (1-10)
Kohler-Kuhlman,France,48.864716,2.349014,Recreation & Sports,Micro (1-10),Laura Thompson,2024-03-29,SAAS,Opportunity,5,Nurturing,3.0,551,100,2024-12-26,,2024,2024-03,272,,False,False,False,True,True,Micro (1-10)
Krajcik-Schroeder,Portugal,38.736946,-9.142685,Education & Science,Micro (1-10),Laura Thompson,2024-01-22,Services,Opportunity,5,Nurturing,3.0,900,30,2024-06-10,,2024,2024-01,140,,False,False,False,True,False,Micro (1-10)
Dietrich and Sons,Spain,40.416775,-3.70379,Energy & Utilities,Micro (1-10),Laura Thompson,2024-03-19,Services,Opportunity,5,Nurturing,3.0,885,30,2024-12-19,,2024,2024-03,275,,False,False,False,True,False,Micro (1-10)
Stracke-Fritsch,Italy,41.902782,12.496366,Entertainment & Media & Hospitality,Micro (1-10),Laura Thompson,2024-04-10,Services,Opportunity,5,Nurturing,3.0,585,40,2025-01-07,,2024,2024-04,272,,False,False,False,True,False,Micro (1-10)
Berge-Mills,Italy,41.902782,12.496366,Professional Services  & Consulting,Micro (1-10),John Smith,2024-05-13,SAAS,Opportunity,5,Nurturing,3.0,694,10,2025-03-29,,2024,2024-05,320,,False,False,False,True,True,Micro (1-10)
Barrows and Sons,Germany,52.520008,13.404954,Professional Services  & Consulting,Micro (1-10),Emily Johnson,2024-03-20,Custom solution,Opportunity,5,Nurturing,3.0,1061,80,2025-02-01,,2024,2024-03,318,,False,False,False,True,False,Micro (1-10)
Rice-Bins,Austria,48.210033,16.363449,Agriculture & Mining,Micro (1-10),David Wilson,2024-01-17,SAAS,Opportunity,5,Nurturing,3.0,664,10,2024-03-21,,2024,2024-01,64,,False,False,False,True,True,Micro (1-10)
"Heathcote, Lemke and Abbott",Portugal,38.736946,-9.142685,Banking and Finance,Micro (1-10),Jessica Martinez,2024-03-09,SAAS,Opportunity,5,Nurturing,3.0,990,80,2024-03-29,,2024,2024-03,20,,False,False,False,True,True,Micro (1-10)
Borer-Leannon,Germany,52.520008,13.404954,Transportation & Logistics,Micro (1-10),Jessica Martinez,2024-01-03,SAAS,Opportunity,5,Nurturing,3.0,1074,60,2024-03-27,,2024,2024-01,84,,False,False,False,True,True,Micro (1-10)
"King, Lockman and Hansen",Italy,41.902782,12.496366,Transportation & Logistics,Micro (1-10),Laura Thompson,2024-01-16,SAAS,Opportunity,5,Nurturing,3.0,496,10,2024-06-19,,2024,2024-01,155,,False,False,False,True,True,Micro (1-10)
Funk-Stehr,Switzerland,46.204391,6.143158,Professional Services  & Consulting,Micro (1-10),Laura Thompson,2024-04-04,SAAS,Opportunity,5,Nurturing,3.0,715,20,2024-05-26,,2024,2024-04,52,,False,False,False,True,True,Micro (1-10)
"Dooley, Jast and Lindgren",Switzerland,46.204391,6.143158,Government Administration Healthcare,Micro (1-10),Jessica Martinez,2024-05-18,Services,Opportunity,5,Nurturing,3.0,475,50,2024-09-27,,2024,2024-05,132,,False,False,False,True,False,Micro (1-10)
Shanahan and Sons,France,48.864716,2.349014,Telecommunications,Micro (1-10),Laura Thompson,2024-03-01,Services,Opportunity,5,Nurturing,3.0,530,60,2025-02-21,,2024,2024-03,357,,False,False,False,True,False,Micro (1-10)
Heller Inc,Switzerland,46.204391,6.143158,Transportation & Logistics,Micro (1-10),Michael Brown,2024-03-19,Custom solution,Opportunity,5,Nurturing,3.0,984,30,2024-10-13,,2024,2024-03,208,,False,False,False,True,False,Micro (1-10)
"Treutel, Grant and Mayert",Germany,52.520008,13.404954,Education & Science,Micro (1-10),Jessica Martinez,2024-01-25,Services,Opportunity,5,Nurturing,3.0,550,60,2024-07-09,,2024,2024-01,166,,False,False,False,True,False,Micro (1-10)
Batz and Sons,Germany,52.520008,13.404954,Banking and Finance,Micro (1-10),Laura Thompson,2024-05-27,SAAS,Opportunity,5,Nurturing,3.0,849,30,2024-08-27,,2024,2024-05,92,,False,False,False,True,True,Micro (1-10)
"Bergnaum, Heidenreich and Shields",Italy,41.902782,12.496366,Recreation & Sports,Micro (1-10),John Smith,2024-03-15,Services,Opportunity,5,Nurturing,3.0,933,60,2024-04-18,,2024,2024-03,34,,False,False,False,True,False,Micro (1-10)
Thompson Inc,Germany,52.520008,13.404954,Professional Services  & Consulting,Micro (1-10),Emily Johnson,2024-05-21,SAAS,Opportunity,5,Nurturing,3.0,550,50,2024-08-15,,2024,2024-05,86,,False,False,False,True,True,Micro (1-10)
Bashirian Group,Spain,40.416775,-3.70379,Transportation & Logistics,Micro (1-10),Laura Thompson,2024-03-18,Services,Opportunity,5,Nurturing,3.0,540,20,2024-09-16,,2024,2024-03,182,,False,False,False,True,False,Micro (1-10)
Hamill-Funk,Austria,48.210033,16.363449,Transportation & Logistics,Micro (1-10),Laura Thompson,2024-01-16,Services,Opportunity,5,Nurturing,3.0,537,50,2024-04-09,,2024,2024-01,84,,False,False,False,True,False,Micro (1-10)
Senger-Kunze,Portugal,38.736946,-9.142685,Banking and Finance,Micro (1-10),Sarah Davis,2024-03-21,Services,Opportunity,5,Nurturing,3.0,210,20,2024-12-30,,2024,2024-03,284,,False,False,False,True,False,Micro (1-10)
"Quitzon, Lindgren and Ruecker",Austria,48.210033,16.363449,Manufacturing & Production,Micro (1-10),Jessica Martinez,2024-03-20,SAAS,Opportunity,5,Nurturing,3.0,404,80,2024-12-02,,2024,2024-03,257,,False,False,False,True,True,Micro (1-10)
"Maggio, Heidenreich and Wolf",France,48.864716,2.349014,Retail & Distribution,Micro (1-10),Sarah Davis,2024-03-21,SAAS,Opportunity,5,Nurturing,3.0,894,50,2024-07-24,,2024,2024-03,125,,False,False,False,True,True,Micro (1-10)
Bechtelar Inc,Italy,41.902782,12.496366,IT & IT Services,Micro (1-10),Laura Thompson,2024-01-09,Custom solution,Opportunity,5,Nurturing,3.0,823,50,2024-04-22,,2024,2024-01,104,,False,False,False,True,False,Micro (1-10)
"Wyman, Crona and Little",Netherlands,52.370216,4.895168,Telecommunications,Micro (1-10),Jessica Martinez,2024-05-25,Custom solution,Opportunity,5,Nurturing,3.0,1159,30,2024-08-16,,2024,2024-05,83,,False,False,False,True,False,Micro (1-10)
Lindgren-Hoeger,Portugal,38.736946,-9.142685,Government Administration Healthcare,Micro (1-10),David Wilson,2024-01-21,Custom solution,Opportunity,5,Nurturing,3.0,903,60,2024-06-24,,2024,2024-01,155,,False,False,False,True,False,Micro (1-10)
Thiel-Abbott,Austria,48.210033,16.363449,IT & IT Services,Micro (1-10),Laura Thompson,2024-03-22,Services,Opportunity,5,Nurturing,3.0,365,90,2024-05-01,,2024,2024-03,40,,False,False,False,True,False,Micro (1-10)
"Gulgowski, Schumm and Johnston",Switzerland,46.204391,6.143158,Transportation & Logistics,Micro (1-10),Laura Thompson,2024-05-19,SAAS,Opportunity,5,Nurturing,3.0,865,30,2025-03-23,,2024,2024-05,308,,False,False,False,True,True,Micro (1-10)
"Halvorson, O'Hara and Johnson",Belgium,51.260197,4.402771,IT & IT Services,Micro (1-10),Michael Brown,2024-02-20,Custom solution,Opportunity,5,Nurturing,3.0,315,30,2024-08-21,,2024,2024-02,183,,False,False,False,True,False,Micro (1-10)
Rau-Hammes,Italy,41.902782,12.496366,Banking and Finance,Micro (1-10),David Wilson,2024-01-04,SAAS,Opportunity,5,Nurturing,3.0,747,60,2024-07-19,,2024,2024-01,197,,False,False,False,True,True,Micro (1-10)
Denesik-Heaney,Italy,41.902782,12.496366,Education & Science,Micro (1-10),Jessica Martinez,2024-03-10,Custom solution,Opportunity,5,Nurturing,3.0,368,50,2024-04-11,,2024,2024-03,32,,False,False,False,True,False,Micro (1-10)
Smith-Murphy,Switzerland,46.204391,6.143158,Transportation & Logistics,Micro (1-10),Kevin Anderson,2024-03-24,SAAS,Opportunity,5,Nurturing,3.0,1005,30,2024-10-08,,2024,2024-03,198,,False,False,False,True,True,Micro (1-10)
"Pagac, Barrows and Keeling",Austria,48.210033,16.363449,Transportation & Logistics,Micro (1-10),Michael Brown,2024-01-24,SAAS,Opportunity,5,Nurturing,3.0,454,100,2024-12-19,,2024,2024-01,330,,False,False,False,True,True,Micro (1-10)
Grant-Hahn,France,48.864716,2.349014,Retail & Distribution,Micro (1-10),Emily Johnson,2024-05-15,SAAS,Opportunity,5,Nurturing,3.0,495,40,2024-11-15,,2024,2024-05,184,,False,False,False,True,True,Micro (1-10)
Rooxo,France,48.864716,2.349014,Banking and Finance,Medium (201-500),Michael Brown,2024-03-31,Services,Opportunity,5,Nurturing,3.0,4935,50,2025-01-31,,2024,2024-03,306,,False,False,False,True,False,Medium (201-500)
Kimia,Austria,48.210033,16.363449,Transportation & Logistics,Medium (201-500),Laura Thompson,2024-05-05,Services,Opportunity,5,Nurturing,3.0,4189,80,2024-12-24,,2024,2024-05,233,,False,False,False,True,False,Medium (201-500)
Yoveo,Belgium,51.260197,4.402771,Transportation & Logistics,Medium (201-500),Jessica Martinez,2024-01-09,SAAS,Opportunity,5,Nurturing,3.0,2434,50,2024-02-08,,2024,2024-01,30,,False,False,False,True,True,Medium (201-500)
Oyoba,Belgium,51.260197,4.402771,Construction & Engineering,Medium (201-500),Jessica Martinez,2024-03-07,Services,Opportunity,5,Nurturing,3.0,4418,100,2024-06-22,,2024,2024-03,107,,False,False,False,True,False,Medium (201-500)
Oloo,Spain,40.416775,-3.70379,Transportation & Logistics,Medium (201-500),Emily Johnson,2024-04-17,Custom solution,Opportunity,5,Nurturing,3.0,3012,60,2025-03-10,,2024,2024-04,327,,False,False,False,True,False,Medium (201-500)
Eadel,Belgium,51.260197,4.402771,Government Administration Healthcare,Medium (201-500),Michael Brown,2024-03-27,Services,Opportunity,5,Nurturing,3.0,3207,10,2025-02-09,,2024,2024-03,319,,False,False,False,True,False,Medium (201-500)
Oyondu,Portugal,38.736946,-9.142685,Transportation & Logistics,Medium (201-500),John Smith,2024-05-09,Services,Opportunity,5,Nurturing,3.0,7583,60,2025-01-10,,2024,2024-05,246,,False,False,False,True,False,Medium (201-500)
Realpoint,Italy,41.902782,12.496366,Banking and Finance,Medium (201-500),David Wilson,2024-05-27,Services,Opportunity,5,Nurturing,3.0,318,80,2024-10-12,,2024,2024-05,138,,False,False,False,True,False,Medium (201-500)
Trudeo,Germany,52.520008,13.404954,IT & IT Services,Medium (201-500),Kevin Anderson,2024-05-01,Services,Opportunity,5,Nurturing,3.0,7472,60,2024-12-27,,2024,2024-05,240,,False,False,False,True,False,Medium (201-500)
Realbuzz,Italy,41.902782,12.496366,Transportation & Logistics,Medium (201-500),Michael Brown,2024-02-25,Custom solution,Opportunity,5,Nurturing,3.0,6543,40,2025-01-28,,2024,2024-02,338,,False,False,False,True,False,Medium (201-500)
Vimbo,Germany,52.520008,13.404954,Entertainment & Media & Hospitality,Medium (201-500),Kevin Anderson,2024-04-10,Custom solution,Opportunity,5,Nurturing,3.0,4577,20,2024-07-27,,2024,2024-04,108,,False,False,False,True,False,Medium (201-500)
Rhynoodle,Austria,48.210033,16.363449,Government Administration Healthcare,Medium (201-500),David Wilson,2024-03-04,Services,Opportunity,5,Nurturing,3.0,2169,70,2025-01-31,,2024,2024-03,333,,False,False,False,True,False,Medium (201-500)
"Green, Block and Mayer",Austria,48.210033,16.363449,IT & IT Services,Medium (201-500),Kevin Anderson,2024-05-21,SAAS,Opportunity,5,Nurturing,3.0,5718,40,2024-08-11,,2024,2024-05,82,,False,False,False,True,True,Medium (201-500)
Morissette LLC,Belgium,51.260197,4.402771,Government Administration Healthcare,Medium (201-500),Michael Brown,2024-05-21,SAAS,Opportunity,5,Nurturing,3.0,4346,50,2024-07-27,,2024,2024-05,67,,False,False,False,True,True,Medium (201-500)
"Stoltenberg, Labadie and Spencer",Portugal,38.736946,-9.142685,Energy & Utilities,Medium (201-500),Laura Thompson,2024-02-13,SAAS,Opportunity,5,Nurturing,3.0,4200,100,2024-06-04,,2024,2024-02,112,,False,False,False,True,True,Medium (201-500)
"Ondricka, Lubowitz and O'Connell",Netherlands,52.370216,4.895168,Manufacturing & Production,Medium (201-500),Laura Thompson,2024-01-14,SAAS,Opportunity,5,Nurturing,3.0,7387,100,2024-11-16,,2024,2024-01,307,,False,False,False,True,True,Medium (201-500)
Dickinson and Sons,Italy,41.902782,12.496366,Banking and Finance,Medium (201-500),Laura Thompson,2024-03-28,Services,Opportunity,5,Nurturing,3.0,3777,20,2024-10-30,,2024,2024-03,216,,False,False,False,True,False,Medium (201-500)
Waelchi Group,France,48.864716,2.349014,Transportation & Logistics,Medium (201-500),Sarah Davis,2024-05-16,Custom solution,Opportunity,5,Nurturing,3.0,5951,20,2025-05-07,,2024,2024-05,356,,False,False,False,True,False,Medium (201-500)
Stanton-Mayert,Italy,41.902782,12.496366,Professional Services  & Consulting,Medium (201-500),Kevin Anderson,2024-04-09,SAAS,Opportunity,5,Nurturing,3.0,7344,60,2025-02-11,,2024,2024-04,308,,False,False,False,True,True,Medium (201-500)
Rath-Harvey,Netherlands,52.370216,4.895168,Energy & Utilities,Medium (201-500),John Smith,2024-01-30,SAAS,Opportunity,5,Nurturing,3.0,732,10,2024-06-13,,2024,2024-01,135,,False,False,False,True,True,Medium (201-500)
Zboncak-Lebsack,Switzerland,46.204391,6.143158,IT & IT Services,Medium (201-500),John Smith,2024-01-29,Custom solution,Opportunity,5,Nurturing,3.0,3550,70,2024-04-25,,2024,2024-01,87,,False,False,False,True,False,Medium (201-500)
"Franecki, Rath and Roob",France,48.864716,2.349014,Retail & Distribution,Medium (201-500),Jessica Martinez,2024-04-22,SAAS,Opportunity,5,Nurturing,3.0,4610,20,2025-04-08,,2024,2024-04,351,,False,False,False,True,True,Medium (201-500)
Koch-Harvey,Switzerland,46.204391,6.143158,Retail & Distribution,Medium (201-500),Jessica Martinez,2024-02-28,SAAS,Opportunity,5,Nurturing,3.0,2071,70,2024-06-08,,2024,2024-02,101,,False,False,False,True,True,Medium (201-500)
Ankunding-Pfeffer,France,48.864716,2.349014,Professional Services  & Consulting,Medium (201-500),Sarah Davis,2024-01-02,Services,Opportunity,5,Nurturing,3.0,911,40,2024-11-11,,2024,2024-01,314,,False,False,False,True,False,Medium (201-500)
Johnson-Funk,Portugal,38.736946,-9.142685,Agriculture & Mining,Medium (201-500),John Smith,2024-02-04,SAAS,Opportunity,5,Nurturing,3.0,7703,40,2024-05-27,,2024,2024-02,113,,False,False,False,True,True,Medium (201-500)
"Rodriguez, Rippin and Dooley",Italy,41.902782,12.496366,Telecommunications,Medium (201-500),David Wilson,2024-01-31,Services,Opportunity,5,Nurturing,3.0,7134,30,2024-11-29,,2024,2024-01,303,,False,False,False,True,False,Medium (201-500)
"Larson, Carter and Bins",Germany,52.520008,13.404954,Banking and Finance,Medium (201-500),Laura Thompson,2024-02-20,Custom solution,Opportunity,5,Nurturing,3.0,1184,50,2025-01-26,,2024,2024-02,341,,False,False,False,True,False,Medium (201-500)
Jenkins Group,Switzerland,46.204391,6.143158,Retail & Distribution,Medium (201-500),John Smith,2024-03-07,Custom solution,Opportunity,5,Nurturing,3.0,767,70,2024-06-02,,2024,2024-03,87,,False,False,False,True,False,Medium (201-500)
"Bahringer, Crist and Reynolds",Austria,48.210033,16.363449,Banking and Finance,Medium (201-500),Jessica Martinez,2024-05-09,SAAS,Opportunity,5,Nurturing,3.0,4296,50,2025-05-07,,2024,2024-05,363,,False,False,False,True,True,Medium (201-500)
Ledner Group,Germany,52.520008,13.404954,IT & IT Services,Medium (201-500),Michael Brown,2024-01-29,Services,Opportunity,5,Nurturing,3.0,1395,30,2024-06-17,,2024,2024-01,140,,False,False,False,True,False,Medium (201-500)
Bode-Schiller,Spain,40.416775,-3.70379,Telecommunications,Medium (201-500),Sarah Davis,2024-05-29,Services,Opportunity,5,Nurturing,3.0,1440,40,2024-10-02,,2024,2024-05,126,,False,False,False,True,False,Medium (201-500)
"Kessler, Mitchell and Torp",France,48.864716,2.349014,Entertainment & Media & Hospitality,Medium (201-500),Kevin Anderson,2024-03-19,SAAS,Opportunity,5,Nurturing,3.0,3831,40,2024-05-16,,2024,2024-03,58,,False,False,False,True,True,Medium (201-500)
Powlowski and Sons,Germany,52.520008,13.404954,IT & IT Services,Medium (201-500),Kevin Anderson,2024-05-21,SAAS,Opportunity,5,Nurturing,3.0,678,40,2025-02-19,,2024,2024-05,274,,False,False,False,True,True,Medium (201-500)
Davis Inc,Switzerland,46.204391,6.143158,Retail & Distribution,Medium (201-500),Laura Thompson,2024-05-29,SAAS,Opportunity,5,Nurturing,3.0,535,40,2024-07-23,,2024,2024-05,55,,False,False,False,True,True,Medium (201-500)
"Kuhic, Fadel and Herman",Switzerland,46.204391,6.143158,Transportation & Logistics,Medium (201-500),Jessica Martinez,2024-04-27,SAAS,Opportunity,5,Nurturing,3.0,6841,40,2024-12-05,,2024,2024-04,222,,False,False,False,True,True,Medium (201-500)
"Ward, Heathcote and Mante",Spain,40.416775,-3.70379,Manufacturing & Production,Medium (201-500),Emily Johnson,2024-03-03,Custom solution,Opportunity,5,Nurturing,3.0,5122,40,2024-03-25,,2024,2024-03,22,,False,False,False,True,False,Medium (201-500)
Schaefer-Stroman,Portugal,38.736946,-9.142685,Agriculture & Mining,Medium (201-500),Kevin Anderson,2024-03-08,Services,Opportunity,5,Nurturing,3.0,3449,50,2024-09-18,,2024,2024-03,194,,False,False,False,True,False,Medium (201-500)
"Williamson, Thiel and Ratke",Switzerland,46.204391,6.143158,Education & Science,Medium (201-500),Laura Thompson,2024-01-10,Custom solution,Opportunity,5,Nurturing,3.0,1989,30,2024-06-02,,2024,2024-01,144,,False,False,False,True,False,Medium (201-500)
"Grimes, Murray and Pfannerstill",France,48.864716,2.349014,IT & IT Services,Medium (201-500),Jessica Martinez,2024-01-28,Services,Opportunity,5,Nurturing,3.0,7029,50,2024-12-22,,2024,2024-01,329,,False,False,False,True,False,Medium (201-500)
"Bruen, Morar and McLaughlin",Germany,52.520008,13.404954,Professional Services  & Consulting,Medium (201-500),Sarah Davis,2024-01-08,SAAS,Opportunity,5,Nurturing,3.0,431,60,2024-07-06,,2024,2024-01,180,,False,False,False,True,True,Medium (201-500)
Sporer-Wolff,Belgium,51.260197,4.402771,Transportation & Logistics,Medium (201-500),Laura Thompson,2024-01-08,Services,Opportunity,5,Nurturing,3.0,3731,50,2024-07-29,,2024,2024-01,203,,False,False,False,True,False,Medium (201-500)
"Upton, Mosciski and Hane",Netherlands,52.370216,4.895168,Entertainment & Media & Hospitality,Medium (201-500),Michael Brown,2024-05-15,SAAS,Opportunity,5,Nurturing,3.0,3030,20,2024-06-11,,2024,2024-05,27,,False,False,False,True,True,Medium (201-500)
Schulist LLC,Germany,52.520008,13.404954,Recreation & Sports,Medium (201-500),David Wilson,2024-04-30,Services,Opportunity,5,Nurturing,3.0,7169,20,2024-10-06,,2024,2024-04,159,,False,False,False,True,False,Medium (201-500)
"Cummings, Green and Ritchie",Italy,41.902782,12.496366,Banking and Finance,Medium (201-500),Sarah Davis,2024-01-05,Services,Opportunity,5,Nurturing,3.0,5386,40,2024-06-11,,2024,2024-01,158,,False,False,False,True,False,Medium (201-500)
Raynor-Graham,Netherlands,52.370216,4.895168,Professional Services  & Consulting,Medium (201-500),Kevin Anderson,2024-04-09,SAAS,Opportunity,5,Nurturing,3.0,1299,50,2024-08-30,,2024,2024-04,143,,False,False,False,True,True,Medium (201-500)
"Durgan, Raynor and Leuschke",Portugal,38.736946,-9.142685,Transportation & Logistics,Medium (201-500),Laura Thompson,2024-03-12,Services,Opportunity,5,Nurturing,3.0,534,50,2025-02-07,,2024,2024-03,332,,False,False,False,True,False,Medium (201-500)
Rogahn-Ratke,Belgium,51.260197,4.402771,Education & Science,Medium (201-500),Michael Brown,2024-04-01,SAAS,Opportunity,5,Nurturing,3.0,1785,20,2024-07-06,,2024,2024-04,96,,False,False,False,True,True,Medium (201-500)
Nikolaus-Kirlin,Italy,41.902782,12.496366,Retail & Distribution,Medium (201-500),Jessica Martinez,2024-04-22,SAAS,Opportunity,5,Nurturing,3.0,7551,20,2024-10-16,,2024,2024-04,177,,False,False,False,True,True,Medium (201-500)
"Becker, Kris and Medhurst",Italy,41.902782,12.496366,Professional Services  & Consulting,Medium (201-500),Michael Brown,2024-05-08,SAAS,Opportunity,5,Nurturing,3.0,5017,60,2025-03-23,,2024,2024-05,319,,False,False,False,True,True,Medium (201-500)
Schmitt-Block,France,48.864716,2.349014,Telecommunications,Medium (201-500),David Wilson,2024-04-30,SAAS,Opportunity,5,Nurturing,3.0,7055,70,2025-02-19,,2024,2024-04,295,,False,False,False,True,True,Medium (201-500)
Pfeffer-Cronin,Switzerland,46.204391,6.143158,Transportation & Logistics,Medium (201-500),Sarah Davis,2024-03-26,Custom solution,Opportunity,5,Nurturing,3.0,2713,50,2025-02-21,,2024,2024-03,332,,False,False,False,True,False,Medium (201-500)
"Wunsch, Reilly and Blick",France,48.864716,2.349014,Telecommunications,Medium (201-500),Laura Thompson,2024-03-22,Custom solution,Opportunity,5,Nurturing,3.0,3423,60,2024-12-22,,2024,2024-03,275,,False,False,False,True,False,Medium (201-500)
Daniel-Murphy,Portugal,38.736946,-9.142685,Government Administration Healthcare,Medium (201-500),Jessica Martinez,2024-05-14,SAAS,Opportunity,5,Nurturing,3.0,7899,50,2024-08-11,,2024,2024-05,89,,False,False,False,True,True,Medium (201-500)
"Klein, Gislason and O'Reilly",Netherlands,52.370216,4.895168,Government Administration Healthcare,Medium (201-500),Laura Thompson,2024-03-12,Services,Opportunity,5,Nurturing,3.0,5182,70,2025-01-28,,2024,2024-03,322,,False,False,False,True,False,Medium (201-500)
"Kiehn, Frami and Lehner",Germany,52.520008,13.404954,IT & IT Services,Medium (201-500),John Smith,2024-02-29,SAAS,Opportunity,5,Nurturing,3.0,4640,50,2024-07-22,,2024,2024-02,144,,False,False,False,True,True,Medium (201-500)
Shields Group,Switzerland,46.204391,6.143158,Transportation & Logistics,Medium (201-500),Jessica Martinez,2024-01-03,Custom solution,Opportunity,5,Nurturing,3.0,1778,60,2024-11-27,,2024,2024-01,329,,False,False,False,True,False,Medium (201-500)
Metz-Heller,Italy,41.902782,12.496366,Retail & Distribution,Medium (201-500),Emily Johnson,2024-01-13,Services,Opportunity,5,Nurturing,3.0,2485,10,2024-09-28,,2024,2024-01,259,,False,False,False,True,False,Medium (201-500)
Kling Group,France,48.864716,2.349014,Telecommunications,Medium (201-500),David Wilson,2024-04-04,Services,Opportunity,5,Nurturing,3.0,805,30,2025-03-06,,2024,2024-04,336,,False,False,False,True,False,Medium (201-500)
Mann-Heathcote,Netherlands,52.370216,4.895168,Government Administration Healthcare,Medium (201-500),Laura Thompson,2024-02-06,Services,Opportunity,5,Nurturing,3.0,4919,20,2024-09-25,,2024,2024-02,232,,False,False,False,True,False,Medium (201-500)
Durgan-Haag,Portugal,38.736946,-9.142685,Construction & Engineering,Medium (201-500),Jessica Martinez,2024-01-03,Services,Opportunity,5,Nurturing,3.0,1009,30,2024-08-28,,2024,2024-01,238,,False,False,False,True,False,Medium (201-500)
Ortiz-Greenfelder,Portugal,38.736946,-9.142685,Transportation & Logistics,Medium (201-500),Laura Thompson,2024-03-04,Custom solution,Opportunity,5,Nurturing,3.0,4587,60,2024-05-29,,2024,2024-03,86,,False,False,False,True,False,Medium (201-500)
Labadie-Moore,France,48.864716,2.349014,IT & IT Services,Medium (201-500),Laura Thompson,2024-01-11,SAAS,Opportunity,5,Nurturing,3.0,728,80,2024-11-20,,2024,2024-01,314,,False,False,False,True,True,Medium (201-500)
Kertzmann Inc,Germany,52.520008,13.404954,Banking and Finance,Medium (201-500),Laura Thompson,2024-05-13,SAAS,Opportunity,5,Nurturing,3.0,2331,40,2024-06-29,,2024,2024-05,47,,False,False,False,True,True,Medium (201-500)
"Langosh, Bruen and Koelpin",Germany,52.520008,13.404954,Transportation & Logistics,Medium (201-500),Emily Johnson,2024-03-24,Services,Opportunity,5,Nurturing,3.0,4073,30,2024-10-19,,2024,2024-03,209,,False,False,False,True,False,Medium (201-500)
Olson Inc,Italy,41.902782,12.496366,Professional Services  & Consulting,Medium (201-500),Michael Brown,2024-02-28,Services,Opportunity,5,Nurturing,3.0,5905,10,2024-04-15,,2024,2024-02,47,,False,False,False,True,False,Medium (201-500)
McKenzie-Farrell,Germany,52.520008,13.404954,IT & IT Services,Medium (201-500),John Smith,2024-05-06,SAAS,Opportunity,5,Nurturing,3.0,2950,100,2024-06-20,,2024,2024-05,45,,False,False,False,True,True,Medium (201-500)
"Osinski, Blick and Morar",Portugal,38.736946,-9.142685,Government Administration Healthcare,Medium (201-500),Laura Thompson,2024-02-28,SAAS,Opportunity,5,Nurturing,3.0,6122,10,2024-06-04,,2024,2024-02,97,,False,False,False,True,True,Medium (201-500)
Schultz-Flatley,Italy,41.902782,12.496366,Banking and Finance,Medium (201-500),Emily Johnson,2024-02-26,Services,Opportunity,5,Nurturing,3.0,7780,80,2024-12-14,,2024,2024-02,292,,False,False,False,True,False,Medium (201-500)
Doyle-Haley,Belgium,51.260197,4.402771,Professional Services  & Consulting,Medium (201-500),Emily Johnson,2024-02-21,SAAS,Opportunity,5,Nurturing,3.0,3253,40,2024-10-25,,2024,2024-02,247,,False,False,False,True,True,Medium (201-500)
Miller Inc,Spain,40.416775,-3.70379,Telecommunications,Medium (201-500),Sarah Davis,2024-04-06,Services,Opportunity,5,Nurturing,3.0,4301,60,2025-02-07,,2024,2024-04,307,,False,False,False,True,False,Medium (201-500)
"Stokes, Harris and Douglas",Belgium,51.260197,4.402771,Construction & Engineering,Medium (201-500),John Smith,2024-05-04,SAAS,Opportunity,5,Nurturing,3.0,6505,80,2024-11-18,,2024,2024-05,198,,False,False,False,True,True,Medium (201-500)
"Schoen, Hermann and Bechtelar",Portugal,38.736946,-9.142685,IT & IT Services,Medium (201-500),John Smith,2024-02-25,Custom solution,Opportunity,5,Nurturing,3.0,5576,10,2025-02-14,,2024,2024-02,355,,False,False,False,True,False,Medium (201-500)
"Deckow, Runolfsdottir and Schuppe",Switzerland,46.204391,6.143158,Manufacturing & Production,Medium (201-500),Laura Thompson,2024-04-04,Services,Opportunity,5,Nurturing,3.0,1462,60,2024-11-02,,2024,2024-04,212,,False,False,False,True,False,Medium (201-500)
"Lehner, Larson and Roberts",Italy,41.902782,12.496366,Government Administration Healthcare,Medium (201-500),Michael Brown,2024-02-18,Services,Opportunity,5,Nurturing,3.0,2795,70,2024-08-01,,2024,2024-02,165,,False,False,False,True,False,Medium (201-500)
Dickinson Inc,France,48.864716,2.349014,Entertainment & Media & Hospitality,Medium (201-500),Michael Brown,2024-03-11,SAAS,Opportunity,5,Nurturing,3.0,1713,40,2024-04-27,,2024,2024-03,47,,False,False,False,True,True,Medium (201-500)
Cormier Group,Italy,41.902782,12.496366,Transportation & Logistics,Medium (201-500),Sarah Davis,2024-01-23,Custom solution,Opportunity,5,Nurturing,3.0,1681,50,2024-03-24,,2024,2024-01,61,,False,False,False,True,False,Medium (201-500)
Donnelly Inc,France,48.864716,2.349014,Banking and Finance,Medium (201-500),Emily Johnson,2024-01-30,SAAS,Opportunity,5,Nurturing,3.0,5011,10,2024-09-07,,2024,2024-01,221,,False,False,False,True,True,Medium (201-500)
Mante-Hermann,Italy,41.902782,12.496366,Transportation & Logistics,Medium (201-500),David Wilson,2024-04-16,Custom solution,Opportunity,5,Nurturing,3.0,5828,20,2024-06-28,,2024,2024-04,73,,False,False,False,True,False,Medium (201-500)
"Pollich, Simonis and Kerluke",Germany,52.520008,13.404954,Government Administration Healthcare,Medium (201-500),Jessica Martinez,2024-01-29,SAAS,Opportunity,5,Nurturing,3.0,5159,40,2025-01-01,,2024,2024-01,338,,False,False,False,True,True,Medium (201-500)
"Leannon, Breitenberg and Crist",Portugal,38.736946,-9.142685,Transportation & Logistics,Medium (201-500),Sarah Davis,2024-05-29,Services,Opportunity,5,Nurturing,3.0,3808,40,2024-07-14,,2024,2024-05,46,,False,False,False,True,False,Medium (201-500)
Mueller-Glover,Italy,41.902782,12.496366,Retail & Distribution,Medium (201-500),Jessica Martinez,2024-05-03,Custom solution,Opportunity,5,Nurturing,3.0,4480,50,2024-06-18,,2024,2024-05,46,,False,False,False,True,False,Medium (201-500)
"Towne, Mills and Kuhlman",Belgium,51.260197,4.402771,Government Administration Healthcare,Medium (201-500),Sarah Davis,2024-01-26,SAAS,Opportunity,5,Nurturing,3.0,710,40,2024-05-16,,2024,2024-01,111,,False,False,False,True,True,Medium (201-500)
Durgan Group,France,48.864716,2.349014,Transportation & Logistics,Medium (201-500),John Smith,2024-03-08,Services,Opportunity,5,Nurturing,3.0,7963,20,2024-05-10,,2024,2024-03,63,,False,False,False,True,False,Medium (201-500)
Wehner LLC,Italy,41.902782,12.496366,Agriculture & Mining,Medium (201-500),Michael Brown,2024-04-12,SAAS,Opportunity,5,Nurturing,3.0,5180,70,2024-11-23,,2024,2024-04,225,,False,False,False,True,True,Medium (201-500)
"Crooks, Corwin and Stoltenberg",Switzerland,46.204391,6.143158,Retail & Distribution,Medium (201-500),Kevin Anderson,2024-03-26,SAAS,Opportunity,5,Nurturing,3.0,1016,20,2024-04-26,,2024,2024-03,31,,False,False,False,True,True,Medium (201-500)
Flatley-Hansen,Portugal,38.736946,-9.142685,Telecommunications,Medium (201-500),Michael Brown,2024-02-04,SAAS,Opportunity,5,Nurturing,3.0,3851,30,2024-10-10,,2024,2024-02,249,,False,False,False,True,True,Medium (201-500)
"Herman, Hansen and Kerluke",France,48.864716,2.349014,Retail & Distribution,Medium (201-500),Kevin Anderson,2024-05-13,SAAS,Opportunity,5,Nurturing,3.0,1140,90,2024-12-25,,2024,2024-05,226,,False,False,False,True,True,Medium (201-500)
"Mraz, Murazik and Kling",Switzerland,46.204391,6.143158,Construction & Engineering,Large (501-1000),John Smith,2024-03-23,Custom solution,Opportunity,5,Nurturing,3.0,14552,60,2024-08-22,,2024,2024-03,152,,False,False,False,True,False,Large (501-1000)
"Balistreri, Roberts and Gottlieb",Portugal,38.736946,-9.142685,IT & IT Services,Large (501-1000),Jessica Martinez,2024-02-12,SAAS,Opportunity,5,Nurturing,3.0,5806,10,2024-04-08,,2024,2024-02,56,,False,False,False,True,True,Large (501-1000)
"Armstrong, Schaefer and Upton",France,48.864716,2.349014,Telecommunications,Large (501-1000),Jessica Martinez,2024-03-12,SAAS,Opportunity,5,Nurturing,3.0,8727,100,2024-11-19,,2024,2024-03,252,,False,False,False,True,True,Large (501-1000)
Ryan LLC,Switzerland,46.204391,6.143158,Professional Services  & Consulting,Large (501-1000),David Wilson,2024-04-02,Services,Opportunity,5,Nurturing,3.0,9186,60,2024-10-21,,2024,2024-04,202,,False,False,False,True,False,Large (501-1000)
Bode-Kautzer,France,48.864716,2.349014,Transportation & Logistics,Large (501-1000),Kevin Anderson,2024-02-27,SAAS,Opportunity,5,Nurturing,3.0,9819,50,2024-07-16,,2024,2024-02,140,,False,False,False,True,True,Large (501-1000)
"Bauch, Hamill and Johns",Switzerland,46.204391,6.143158,Construction & Engineering,Large (501-1000),Laura Thompson,2024-02-06,SAAS,Opportunity,5,Nurturing,3.0,16771,40,2024-03-30,,2024,2024-02,53,,False,False,False,True,True,Large (501-1000)
Schultz Group,Switzerland,46.204391,6.143158,Transportation & Logistics,Enterprise (1001+),David Wilson,2024-03-28,Custom solution,Opportunity,5,Nurturing,3.0,19226,20,2024-06-22,,2024,2024-03,86,,False,False,False,True,False,Enterprise (1001+)
Robel and Sons,Germany,52.520008,13.404954,Manufacturing & Production,Enterprise (1001+),Jessica Martinez,2024-02-24,Services,Opportunity,5,Nurturing,3.0,3087,40,2024-11-13,,2024,2024-02,263,,False,False,False,True,False,Enterprise (1001+)
Flipbug,Spain,40.416775,-3.70379,IT & IT Services,Small (11-200),Michael Brown,2024-05-11,SAAS,Opportunity,5,Opened,1.0,391,100,2025-04-05,,2024,2024-05,329,,False,False,False,True,True,Small (11-200)
Hane-Heller,Germany,52.520008,13.404954,IT & IT Services,Small (11-200),Jessica Martinez,2024-01-16,Services,Opportunity,5,Opened,1.0,314,10,2024-06-05,,2024,2024-01,141,,False,False,False,True,False,Small (11-200)
"Fisher, Jones and Cummerata",Italy,41.902782,12.496366,Transportation & Logistics,Small (11-200),David Wilson,2024-04-17,Services,Opportunity,5,Opened,1.0,1628,30,2025-03-09,,2024,2024-04,326,,False,False,False,True,False,Small (11-200)
Orn and Sons,Italy,41.902782,12.496366,Energy & Utilities,Small (11-200),Laura Thompson,2024-05-06,SAAS,Opportunity,5,Opened,1.0,1546,60,2025-04-22,,2024,2024-05,351,,False,False,False,True,True,Small (11-200)
O'Connell Inc,Netherlands,52.370216,4.895168,Retail & Distribution,Small (11-200),Kevin Anderson,2024-03-11,SAAS,Opportunity,5,Opened,1.0,1925,50,2025-03-03,,2024,2024-03,357,,False,False,False,True,True,Small (11-200)
Ferry Inc,Switzerland,46.204391,6.143158,Transportation & Logistics,Small (11-200),Kevin Anderson,2024-05-21,SAAS,Opportunity,5,Opened,1.0,469,50,2025-03-09,,2024,2024-05,292,,False,False,False,True,True,Small (11-200)
Dibbert-Fahey,Portugal,38.736946,-9.142685,Banking and Finance,Small (11-200),Laura Thompson,2024-03-30,SAAS,Opportunity,5,Opened,1.0,234,40,2024-10-02,,2024,2024-03,186,,False,False,False,True,True,Small (11-200)
Sipes-Kautzer,France,48.864716,2.349014,Energy & Utilities,Small (11-200),Michael Brown,2024-04-06,Services,Opportunity,5,Opened,1.0,1890,100,2024-11-29,,2024,2024-04,237,,False,False,False,True,False,Small (11-200)
Harris-Yost,Belgium,51.260197,4.402771,Entertainment & Media & Hospitality,Small (11-200),Laura Thompson,2024-04-07,Services,Opportunity,5,Opened,1.0,536,20,2024-07-21,,2024,2024-04,105,,False,False,False,True,False,Small (11-200)
Schinner-Daugherty,Belgium,51.260197,4.402771,Banking and Finance,Small (11-200),Jessica Martinez,2024-05-23,SAAS,Opportunity,5,Opened,1.0,1982,30,2024-09-19,,2024,2024-05,119,,False,False,False,True,True,Small (11-200)
"Barrows, Kihn and Bergnaum",Italy,41.902782,12.496366,Banking and Finance,Small (11-200),Jessica Martinez,2024-05-27,SAAS,Opportunity,5,Opened,1.0,769,60,2024-10-23,,2024,2024-05,149,,False,False,False,True,True,Small (11-200)
"Schultz, Lind and Jenkins",Switzerland,46.204391,6.143158,Banking and Finance,Small (11-200),David Wilson,2024-03-16,Services,Opportunity,5,Opened,1.0,1700,20,2025-01-10,,2024,2024-03,300,,False,False,False,True,False,Small (11-200)
Kohler-Boyle,Austria,48.210033,16.363449,Agriculture & Mining,Small (11-200),Laura Thompson,2024-02-11,Services,Opportunity,5,Opened,1.0,1573,30,2024-11-17,,2024,2024-02,280,,False,False,False,True,False,Small (11-200)
Kirlin-Wilderman,Netherlands,52.370216,4.895168,Manufacturing & Production,Small (11-200),Sarah Davis,2024-03-01,Custom solution,Opportunity,5,Opened,1.0,1399,30,2024-11-04,,2024,2024-03,248,,False,False,False,True,False,Small (11-200)
O'Hara-Kihn,Italy,41.902782,12.496366,Education & Science,Small (11-200),Michael Brown,2024-01-24,SAAS,Opportunity,5,Opened,1.0,1567,70,2024-06-08,,2024,2024-01,136,,False,False,False,True,True,Small (11-200)
"Hirthe, Runolfsson and Farrell",Switzerland,46.204391,6.143158,Education & Science,Small (11-200),Jessica Martinez,2024-01-13,SAAS,Opportunity,5,Opened,1.0,1456,20,2024-11-10,,2024,2024-01,302,,False,False,False,True,True,Small (11-200)
"Towne, Mohr and Emard",Italy,41.902782,12.496366,IT & IT Services,Small (11-200),Jessica Martinez,2024-04-28,SAAS,Opportunity,5,Opened,1.0,1134,40,2024-10-02,,2024,2024-04,157,,False,False,False,True,True,Small (11-200)
Wilkinson Inc,Switzerland,46.204391,6.143158,Banking and Finance,Small (11-200),John Smith,2024-01-14,SAAS,Opportunity,5,Opened,1.0,1418,100,2024-11-13,,2024,2024-01,304,,False,False,False,True,True,Small (11-200)
"Goldner, Stracke and Ryan",Austria,48.210033,16.363449,Recreation & Sports,Small (11-200),Laura Thompson,2024-01-22,Services,Opportunity,5,Opened,1.0,1994,70,2024-09-22,,2024,2024-01,244,,False,False,False,True,False,Small (11-200)
"Olson, Runte and Ferry",Austria,48.210033,16.363449,Professional Services  & Consulting,Small (11-200),Sarah Davis,2024-03-10,SAAS,Opportunity,5,Opened,1.0,597,40,2024-04-05,,2024,2024-03,26,,False,False,False,True,True,Small (11-200)
Pacocha-O'Hara,Germany,52.520008,13.404954,Professional Services  & Consulting,Small (11-200),Jessica Martinez,2024-05-01,Services,Opportunity,5,Opened,1.0,1332,90,2024-11-03,,2024,2024-05,186,,False,False,False,True,False,Small (11-200)
"Spinka, Parisian and Daniel",Germany,52.520008,13.404954,IT & IT Services,Small (11-200),Laura Thompson,2024-04-11,Custom solution,Opportunity,5,Opened,1.0,1600,40,2024-09-09,,2024,2024-04,151,,False,False,False,True,False,Small (11-200)
"Bergstrom, Dibbert and Witting",Germany,52.520008,13.404954,Energy & Utilities,Small (11-200),Kevin Anderson,2024-04-03,Services,Opportunity,5,Opened,1.0,462,90,2025-04-01,,2024,2024-04,363,,False,False,False,True,False,Small (11-200)
Bergstrom-Farrell,Germany,52.520008,13.404954,Transportation & Logistics,Small (11-200),Laura Thompson,2024-01-13,SAAS,Opportunity,5,Opened,1.0,404,40,2024-02-14,,2024,2024-01,32,,False,False,False,True,True,Small (11-200)
Kayveo,Portugal,38.736946,-9.142685,Telecommunications,Micro (1-10),Jessica Martinez,2024-04-30,Custom solution,Opportunity,5,Opened,1.0,1000,20,2024-05-23,,2024,2024-04,23,,False,False,False,True,False,Micro (1-10)
Ziemann-Labadie,Belgium,51.260197,4.402771,Construction & Engineering,Micro (1-10),John Smith,2024-04-01,Custom solution,Opportunity,5,Opened,1.0,1153,10,2024-12-24,,2024,2024-04,267,,False,False,False,True,False,Micro (1-10)
VonRueden-Mosciski,Germany,52.520008,13.404954,Professional Services  & Consulting,Micro (1-10),Jessica Martinez,2024-05-01,Services,Opportunity,5,Opened,1.0,207,10,2025-02-12,,2024,2024-05,287,,False,False,False,True,False,Micro (1-10)
"Roberts, Schaefer and Ortiz",Belgium,51.260197,4.402771,Transportation & Logistics,Micro (1-10),Emily Johnson,2024-04-09,Services,Opportunity,5,Opened,1.0,389,50,2024-06-04,,2024,2024-04,56,,False,False,False,True,False,Micro (1-10)
"Hane, Harber and McClure",Italy,41.902782,12.496366,Banking and Finance,Micro (1-10),Sarah Davis,2024-05-08,SAAS,Opportunity,5,Opened,1.0,893,30,2024-12-23,,2024,2024-05,229,,False,False,False,True,True,Micro (1-10)
"Haag, Ziemann and Greenfelder",Italy,41.902782,12.496366,Entertainment & Media & Hospitality,Micro (1-10),John Smith,2024-02-07,SAAS,Opportunity,5,Opened,1.0,1147,30,2024-08-24,,2024,2024-02,199,,False,False,False,True,True,Micro (1-10)
Senger-Quigley,Belgium,51.260197,4.402771,Recreation & Sports,Micro (1-10),Jessica Martinez,2024-04-12,SAAS,Opportunity,5,Opened,1.0,1042,60,2024-11-06,,2024,2024-04,208,,False,False,False,True,True,Micro (1-10)
Carroll-Fahey,Netherlands,52.370216,4.895168,Retail & Distribution,Micro (1-10),Jessica Martinez,2024-01-31,SAAS,Opportunity,5,Opened,1.0,1021,30,2024-10-23,,2024,2024-01,266,,False,False,False,True,True,Micro (1-10)
Schneider Group,Spain,40.416775,-3.70379,Banking and Finance,Micro (1-10),Michael Brown,2024-04-10,SAAS,Opportunity,5,Opened,1.0,729,100,2024-11-15,,2024,2024-04,219,,False,False,False,True,True,Micro (1-10)
"Mertz, Hodkiewicz and Howell",Italy,41.902782,12.496366,Retail & Distribution,Micro (1-10),Jessica Martinez,2024-03-07,Services,Opportunity,5,Opened,1.0,271,20,2024-07-01,,2024,2024-03,116,,False,False,False,True,False,Micro (1-10)
Cartwright and Sons,Switzerland,46.204391,6.143158,Professional Services  & Consulting,Micro (1-10),Jessica Martinez,2024-01-11,SAAS,Opportunity,5,Opened,1.0,386,40,2024-05-02,,2024,2024-01,112,,False,False,False,True,True,Micro (1-10)
"Sauer, Kozey and Mohr",Austria,48.210033,16.363449,Education & Science,Micro (1-10),Laura Thompson,2024-01-28,SAAS,Opportunity,5,Opened,1.0,746,30,2024-07-25,,2024,2024-01,179,,False,False,False,True,True,Micro (1-10)
Yundt-Denesik,Austria,48.210033,16.363449,Professional Services  & Consulting,Micro (1-10),Michael Brown,2024-01-05,Custom solution,Opportunity,5,Opened,1.0,1083,20,2024-07-08,,2024,2024-01,185,,False,False,False,True,False,Micro (1-10)
"Graham, Moen and Mosciski",Italy,41.902782,12.496366,Retail & Distribution,Micro (1-10),Jessica Martinez,2024-04-06,Services,Opportunity,5,Opened,1.0,717,50,2024-08-11,,2024,2024-04,127,,False,False,False,True,False,Micro (1-10)
Adams Inc,France,48.864716,2.349014,IT & IT Services,Micro (1-10),Michael Brown,2024-04-12,SAAS,Opportunity,5,Opened,1.0,385,60,2025-01-13,,2024,2024-04,276,,False,False,False,True,True,Micro (1-10)
"Tillman, Kessler and Bechtelar",Portugal,38.736946,-9.142685,Manufacturing & Production,Micro (1-10),Laura Thompson,2024-01-13,SAAS,Opportunity,5,Opened,1.0,532,100,2024-05-07,,2024,2024-01,115,,False,False,False,True,True,Micro (1-10)
King-Weissnat,Italy,41.902782,12.496366,IT & IT Services,Micro (1-10),Jessica Martinez,2024-03-10,Custom solution,Opportunity,5,Opened,1.0,615,60,2024-12-03,,2024,2024-03,268,,False,False,False,True,False,Micro (1-10)
Bluezoom,Portugal,38.736946,-9.142685,Recreation & Sports,Medium (201-500),David Wilson,2024-03-21,Custom solution,Opportunity,5,Opened,1.0,1042,60,2024-12-20,,2024,2024-03,274,,False,False,False,True,False,Medium (201-500)
Thoughtworks,Switzerland,46.204391,6.143158,Construction & Engineering,Medium (201-500),Michael Brown,2024-02-09,Custom solution,Opportunity,5,Opened,1.0,7375,30,2025-01-19,,2024,2024-02,345,,False,False,False,True,False,Medium (201-500)
Skipstorm,Germany,52.520008,13.404954,Energy & Utilities,Medium (201-500),Michael Brown,2024-03-25,Services,Opportunity,5,Opened,1.0,2976,30,2024-06-01,,2024,2024-03,68,,False,False,False,True,False,Medium (201-500)
Snaptags,Belgium,51.260197,4.402771,Banking and Finance,Medium (201-500),Kevin Anderson,2024-01-04,Services,Opportunity,5,Opened,1.0,1111,20,2024-08-28,,2024,2024-01,237,,False,False,False,True,False,Medium (201-500)
Photofeed,Spain,40.416775,-3.70379,Construction & Engineering,Medium (201-500),Laura Thompson,2024-05-11,SAAS,Opportunity,5,Opened,1.0,1978,20,2024-10-28,,2024,2024-05,170,,False,False,False,True,True,Medium (201-500)
Larkin-Glover,Italy,41.902782,12.496366,Transportation & Logistics,Medium (201-500),Laura Thompson,2024-04-12,SAAS,Opportunity,5,Opened,1.0,2355,20,2024-09-26,,2024,2024-04,167,,False,False,False,True,True,Medium (201-500)
Conroy-Keeling,Netherlands,52.370216,4.895168,Government Administration Healthcare,Medium (201-500),Sarah Davis,2024-03-31,Services,Opportunity,5,Opened,1.0,1935,20,2024-11-01,,2024,2024-03,215,,False,False,False,True,False,Medium (201-500)
Ratke-Abshire,France,48.864716,2.349014,Banking and Finance,Medium (201-500),Emily Johnson,2024-04-09,SAAS,Opportunity,5,Opened,1.0,837,80,2025-03-04,,2024,2024-04,329,,False,False,False,True,True,Medium (201-500)
Quigley and Sons,Germany,52.520008,13.404954,Transportation & Logistics,Medium (201-500),Laura Thompson,2024-03-18,SAAS,Opportunity,5,Opened,1.0,1774,50,2024-05-08,,2024,2024-03,51,,False,False,False,True,True,Medium (201-500)
O'Keefe and Sons,France,48.864716,2.349014,Transportation & Logistics,Medium (201-500),Laura Thompson,2024-02-25,SAAS,Opportunity,5,Opened,1.0,1964,60,2025-02-20,,2024,2024-02,361,,False,False,False,True,True,Medium (201-500)
"Rogahn, Nolan and Bernhard",Italy,41.902782,12.496366,Transportation & Logistics,Medium (201-500),Kevin Anderson,2024-05-15,Services,Opportunity,5,Opened,1.0,3157,100,2024-10-15,,2024,2024-05,153,,False,False,False,True,False,Medium (201-500)
"Braun, Swaniawski and Harris",Italy,41.902782,12.496366,Transportation & Logistics,Medium (201-500),John Smith,2024-04-18,Custom solution,Opportunity,5,Opened,1.0,6618,10,2025-01-31,,2024,2024-04,288,,False,False,False,True,False,Medium (201-500)
Cartwright-Hodkiewicz,Belgium,51.260197,4.402771,Banking and Finance,Medium (201-500),Laura Thompson,2024-03-23,Services,Opportunity,5,Opened,1.0,7091,50,2024-09-05,,2024,2024-03,166,,False,False,False,True,False,Medium (201-500)
Goyette Inc,Belgium,51.260197,4.402771,Manufacturing & Production,Medium (201-500),Kevin Anderson,2024-02-29,SAAS,Opportunity,5,Opened,1.0,1898,40,2025-02-08,,2024,2024-02,345,,False,False,False,True,True,Medium (201-500)
"Halvorson, Walker and White",Portugal,38.736946,-9.142685,Entertainment & Media & Hospitality,Medium (201-500),Michael Brown,2024-03-05,Custom solution,Opportunity,5,Opened,1.0,3098,20,2024-05-20,,2024,2024-03,76,,False,False,False,True,False,Medium (201-500)
McGlynn-Watsica,Portugal,38.736946,-9.142685,Construction & Engineering,Medium (201-500),John Smith,2024-03-02,SAAS,Opportunity,5,Opened,1.0,2741,30,2024-12-05,,2024,2024-03,278,,False,False,False,True,True,Medium (201-500)
Kertzmann Group,Italy,41.902782,12.496366,Transportation & Logistics,Medium (201-500),Michael Brown,2024-01-14,Custom solution,Opportunity,5,Opened,1.0,4042,30,2024-11-19,,2024,2024-01,310,,False,False,False,True,False,Medium (201-500)
"Kirlin, Bruen and Legros",Netherlands,52.370216,4.895168,Transportation & Logistics,Medium (201-500),Jessica Martinez,2024-02-25,Services,Opportunity,5,Opened,1.0,3123,40,2024-07-30,,2024,2024-02,156,,False,False,False,True,False,Medium (201-500)
Okuneva-Gislason,France,48.864716,2.349014,Banking and Finance,Medium (201-500),Kevin Anderson,2024-04-14,Services,Opportunity,5,Opened,1.0,5056,80,2024-05-04,,2024,2024-04,20,,False,False,False,True,False,Medium (201-500)
"Stanton, Mayer and Sauer",Germany,52.520008,13.404954,Transportation & Logistics,Medium (201-500),Jessica Martinez,2024-05-18,SAAS,Opportunity,5,Opened,1.0,1422,30,2024-06-30,,2024,2024-05,43,,False,False,False,True,True,Medium (201-500)
Pagac-Farrell,Spain,40.416775,-3.70379,Agriculture & Mining,Medium (201-500),Kevin Anderson,2024-05-10,Services,Opportunity,5,Opened,1.0,1671,100,2024-10-02,,2024,2024-05,145,,False,False,False,True,False,Medium (201-500)
"Trantow, O'Keefe and Hyatt",France,48.864716,2.349014,Education & Science,Large (501-1000),Laura Thompson,2024-05-21,SAAS,Opportunity,5,Opened,1.0,13700,50,2025-01-20,,2024,2024-05,244,,False,False,False,True,True,Large (501-1000)
Thiel LLC,France,48.864716,2.349014,Professional Services  & Consulting,Enterprise (1001+),Kevin Anderson,2024-02-10,SAAS,Opportunity,5,Opened,1.0,13263,50,2025-01-01,,2024,2024-02,326,,False,False,False,True,True,Enterprise (1001+)
Corkery-Little,Belgium,51.260197,4.402771,Telecommunications,Enterprise (1001+),Sarah Davis,2024-01-07,SAAS,Opportunity,5,Opened,1.0,5197,40,2024-06-08,,2024,2024-01,153,,False,False,False,True,True,Enterprise (1001+)
Youopia,France,48.864716,2.349014,Professional Services  & Consulting,Small (11-200),John Smith,2024-02-14,Services,Opportunity,5,Proposal sent,4.0,1527,40,2024-03-07,,2024,2024-02,22,,False,False,False,True,False,Small (11-200)
Wikizz,Spain,40.416775,-3.70379,Manufacturing & Production,Small (11-200),Kevin Anderson,2024-03-29,Services,Opportunity,5,Proposal sent,4.0,720,100,2024-07-24,,2024,2024-03,117,,False,False,False,True,False,Small (11-200)
Feednation,France,48.864716,2.349014,Transportation & Logistics,Small (11-200),Emily Johnson,2024-02-19,Custom solution,Opportunity,5,Proposal sent,4.0,1310,20,2025-01-13,,2024,2024-02,329,,False,False,False,True,False,Small (11-200)
Fiveclub,Netherlands,52.370216,4.895168,Entertainment & Media & Hospitality,Small (11-200),Jessica Martinez,2024-03-14,Custom solution,Opportunity,5,Proposal sent,4.0,1605,40,2025-01-29,,2024,2024-03,321,,False,False,False,True,False,Small (11-200)
Cassin-Schmeler,France,48.864716,2.349014,Banking and Finance,Small (11-200),Emily Johnson,2024-03-09,Services,Opportunity,5,Proposal sent,4.0,838,100,2024-12-26,,2024,2024-03,292,,False,False,False,True,False,Small (11-200)
"Murazik, Konopelski and McLaughlin",Germany,52.520008,13.404954,Professional Services  & Consulting,Small (11-200),Michael Brown,2024-03-09,Services,Opportunity,5,Proposal sent,4.0,708,40,2025-01-18,,2024,2024-03,315,,False,False,False,True,False,Small (11-200)
"Dibbert, Jacobi and Rippin",Switzerland,46.204391,6.143158,Entertainment & Media & Hospitality,Small (11-200),Michael Brown,2024-01-03,Services,Opportunity,5,Proposal sent,4.0,1391,60,2024-07-08,,2024,2024-01,187,,False,False,False,True,False,Small (11-200)
"Wilderman, Nicolas and Sanford",Germany,52.520008,13.404954,Professional Services  & Consulting,Small (11-200),Jessica Martinez,2024-04-23,SAAS,Opportunity,5,Proposal sent,4.0,826,60,2024-07-23,,2024,2024-04,91,,False,False,False,True,True,Small (11-200)
"Maggio, Sanford and Rodriguez",Netherlands,52.370216,4.895168,Education & Science,Small (11-200),Jessica Martinez,2024-01-16,SAAS,Opportunity,5,Proposal sent,4.0,1174,40,2024-06-16,,2024,2024-01,152,,False,False,False,True,True,Small (11-200)
"Feil, O'Keefe and Skiles",Spain,40.416775,-3.70379,Energy & Utilities,Small (11-200),Laura Thompson,2024-03-05,Services,Opportunity,5,Proposal sent,4.0,1245,20,2024-11-06,,2024,2024-03,246,,False,False,False,True,False,Small (11-200)
Kutch-Weimann,Austria,48.210033,16.363449,Banking and Finance,Small (11-200),Michael Brown,2024-02-02,SAAS,Opportunity,5,Proposal sent,4.0,1215,30,2024-07-16,,2024,2024-02,165,,False,False,False,True,True,Small (11-200)
"Braun, Stroman and Terry",Switzerland,46.204391,6.143158,Banking and Finance,Small (11-200),Laura Thompson,2024-03-19,Custom solution,Opportunity,5,Proposal sent,4.0,1203,40,2024-12-04,,2024,2024-03,260,,False,False,False,True,False,Small (11-200)
Farrell Inc,Spain,40.416775,-3.70379,Manufacturing & Production,Small (11-200),Laura Thompson,2024-02-10,Custom solution,Opportunity,5,Proposal sent,4.0,1325,50,2024-03-04,,2024,2024-02,23,,False,False,False,True,False,Small (11-200)
"Stark, Lueilwitz and Boyle",Switzerland,46.204391,6.143158,IT & IT Services,Small (11-200),Laura Thompson,2024-04-27,SAAS,Opportunity,5,Proposal sent,4.0,1856,20,2025-04-14,,2024,2024-04,352,,False,False,False,True,True,Small (11-200)
Wilderman-Kunze,Italy,41.902782,12.496366,Transportation & Logistics,Small (11-200),Jessica Martinez,2024-03-16,Custom solution,Opportunity,5,Proposal sent,4.0,663,50,2024-10-20,,2024,2024-03,218,,False,False,False,True,False,Small (11-200)
Rowe-Volkman,Netherlands,52.370216,4.895168,IT & IT Services,Small (11-200),Jessica Martinez,2024-02-29,SAAS,Opportunity,5,Proposal sent,4.0,1589,30,2024-10-25,,2024,2024-02,239,,False,False,False,True,True,Small (11-200)
Towne-Mayer,Portugal,38.736946,-9.142685,Agriculture & Mining,Small (11-200),Jessica Martinez,2024-03-14,Services,Opportunity,5,Proposal sent,4.0,1153,20,2025-02-15,,2024,2024-03,338,,False,False,False,True,False,Small (11-200)
"Franecki, Torphy and Hayes",Portugal,38.736946,-9.142685,Recreation & Sports,Small (11-200),Jessica Martinez,2024-03-13,SAAS,Opportunity,5,Proposal sent,4.0,1084,50,2024-11-13,,2024,2024-03,245,,False,False,False,True,True,Small (11-200)
O'Conner-Gibson,Italy,41.902782,12.496366,Transportation & Logistics,Small (11-200),Michael Brown,2024-02-23,SAAS,Opportunity,5,Proposal sent,4.0,541,80,2024-05-04,,2024,2024-02,71,,False,False,False,True,True,Small (11-200)
Adams-Casper,France,48.864716,2.349014,Transportation & Logistics,Small (11-200),Jessica Martinez,2024-02-27,SAAS,Opportunity,5,Proposal sent,4.0,694,40,2024-12-26,,2024,2024-02,303,,False,False,False,True,True,Small (11-200)
Crist LLC,Austria,48.210033,16.363449,Professional Services  & Consulting,Small (11-200),Laura Thompson,2024-03-06,SAAS,Opportunity,5,Proposal sent,4.0,416,20,2024-11-04,,2024,2024-03,243,,False,False,False,True,True,Small (11-200)
Schmeler-Bayer,Austria,48.210033,16.363449,Construction & Engineering,Small (11-200),Michael Brown,2024-01-20,SAAS,Opportunity,5,Proposal sent,4.0,1693,10,2024-09-28,,2024,2024-01,252,,False,False,False,True,True,Small (11-200)
Ferry-Weber,Netherlands,52.370216,4.895168,Banking and Finance,Small (11-200),Laura Thompson,2024-05-06,Services,Opportunity,5,Proposal sent,4.0,1516,20,2024-07-14,,2024,2024-05,69,,False,False,False,True,False,Small (11-200)
Weber Group,Switzerland,46.204391,6.143158,Banking and Finance,Small (11-200),Laura Thompson,2024-05-21,SAAS,Opportunity,5,Proposal sent,4.0,1172,60,2025-04-24,,2024,2024-05,338,,False,False,False,True,True,Small (11-200)
McKenzie Inc,Portugal,38.736946,-9.142685,Entertainment & Media & Hospitality,Small (11-200),Jessica Martinez,2024-03-23,Services,Opportunity,5,Proposal sent,4.0,1829,30,2024-04-26,,2024,2024-03,34,,False,False,False,True,False,Small (11-200)
Hermiston Inc,Germany,52.520008,13.404954,Telecommunications,Small (11-200),Jessica Martinez,2024-02-19,SAAS,Opportunity,5,Proposal sent,4.0,785,30,2024-06-14,,2024,2024-02,116,,False,False,False,True,True,Small (11-200)
Jones Group,Italy,41.902782,12.496366,IT & IT Services,Small (11-200),Michael Brown,2024-03-23,SAAS,Opportunity,5,Proposal sent,4.0,1699,30,2025-03-07,,2024,2024-03,349,,False,False,False,True,True,Small (11-200)
"Bernhard, Stokes and Carroll",Portugal,38.736946,-9.142685,Agriculture & Mining,Small (11-200),David Wilson,2024-02-01,SAAS,Opportunity,5,Proposal sent,4.0,697,70,2024-03-29,,2024,2024-02,57,,False,False,False,True,True,Small (11-200)
O'Connell-Deckow,Switzerland,46.204391,6.143158,Manufacturing & Production,Small (11-200),Laura Thompson,2024-03-24,Custom solution,Opportunity,5,Proposal sent,4.0,1971,40,2024-08-20,,2024,2024-03,149,,False,False,False,True,False,Small (11-200)
Monahan-Turner,Netherlands,52.370216,4.895168,Professional Services  & Consulting,Small (11-200),David Wilson,2024-05-12,SAAS,Opportunity,5,Proposal sent,4.0,1835,30,2025-02-02,,2024,2024-05,266,,False,False,False,True,True,Small (11-200)
"Oberbrunner, Hintz and Frami",Portugal,38.736946,-9.142685,Recreation & Sports,Small (11-200),Laura Thompson,2024-01-19,Custom solution,Opportunity,5,Proposal sent,4.0,402,10,2024-06-19,,2024,2024-01,152,,False,False,False,True,False,Small (11-200)
"Rogahn, Rice and Christiansen",Italy,41.902782,12.496366,Banking and Finance,Small (11-200),Emily Johnson,2024-02-22,SAAS,Opportunity,5,Proposal sent,4.0,280,30,2024-07-18,,2024,2024-02,147,,False,False,False,True,True,Small (11-200)
"Carter, Bayer and Okuneva",Austria,48.210033,16.363449,Transportation & Logistics,Small (11-200),Emily Johnson,2024-04-16,SAAS,Opportunity,5,Proposal sent,4.0,1312,40,2025-04-16,,2024,2024-04,365,,False,False,False,True,True,Small (11-200)
King-Simonis,Italy,41.902782,12.496366,Construction & Engineering,Small (11-200),Kevin Anderson,2024-05-05,Custom solution,Opportunity,5,Proposal sent,4.0,1424,30,2025-01-22,,2024,2024-05,262,,False,False,False,True,False,Small (11-200)
Quitzon-Ruecker,Switzerland,46.204391,6.143158,Agriculture & Mining,Small (11-200),Jessica Martinez,2024-02-07,Services,Opportunity,5,Proposal sent,4.0,801,50,2025-01-10,,2024,2024-02,338,,False,False,False,True,False,Small (11-200)
Turner-Leuschke,France,48.864716,2.349014,Telecommunications,Small (11-200),Laura Thompson,2024-05-09,SAAS,Opportunity,5,Proposal sent,4.0,287,60,2025-01-16,,2024,2024-05,252,,False,False,False,True,True,Small (11-200)
Jazzy,Italy,41.902782,12.496366,Entertainment & Media & Hospitality,Micro (1-10),Laura Thompson,2024-01-13,SAAS,Opportunity,5,Proposal sent,4.0,726,90,2024-12-13,,2024,2024-01,335,,False,False,False,True,True,Micro (1-10)
Trudoo,Italy,41.902782,12.496366,Professional Services  & Consulting,Micro (1-10),Kevin Anderson,2024-01-19,Services,Opportunity,5,Proposal sent,4.0,648,60,2024-09-15,,2024,2024-01,240,,False,False,False,True,False,Micro (1-10)
Devify,Portugal,38.736946,-9.142685,Retail & Distribution,Micro (1-10),Michael Brown,2024-04-29,Custom solution,Opportunity,5,Proposal sent,4.0,379,20,2025-02-03,,2024,2024-04,280,,False,False,False,True,False,Micro (1-10)
Zooveo,Germany,52.520008,13.404954,Banking and Finance,Micro (1-10),Laura Thompson,2024-04-16,Services,Opportunity,5,Proposal sent,4.0,428,50,2024-11-20,,2024,2024-04,218,,False,False,False,True,False,Micro (1-10)
Yamia,Netherlands,52.370216,4.895168,IT & IT Services,Micro (1-10),Michael Brown,2024-04-17,SAAS,Opportunity,5,Proposal sent,4.0,238,10,2025-01-29,,2024,2024-04,287,,False,False,False,True,True,Micro (1-10)
Buzzdog,Belgium,51.260197,4.402771,Energy & Utilities,Micro (1-10),Jessica Martinez,2024-03-17,Services,Opportunity,5,Proposal sent,4.0,396,30,2024-10-03,,2024,2024-03,200,,False,False,False,True,False,Micro (1-10)
"Stamm, Weissnat and Collier",France,48.864716,2.349014,Professional Services  & Consulting,Micro (1-10),John Smith,2024-04-21,SAAS,Opportunity,5,Proposal sent,4.0,559,90,2024-05-13,,2024,2024-04,22,,False,False,False,True,True,Micro (1-10)
"Barton, Hodkiewicz and Hickle",Italy,41.902782,12.496366,Recreation & Sports,Micro (1-10),Michael Brown,2024-04-13,SAAS,Opportunity,5,Proposal sent,4.0,845,40,2024-11-01,,2024,2024-04,202,,False,False,False,True,True,Micro (1-10)
"Jones, Stark and MacGyver",Portugal,38.736946,-9.142685,Recreation & Sports,Micro (1-10),Laura Thompson,2024-02-29,Services,Opportunity,5,Proposal sent,4.0,776,40,2024-09-01,,2024,2024-02,185,,False,False,False,True,False,Micro (1-10)
Walsh and Sons,France,48.864716,2.349014,Transportation & Logistics,Micro (1-10),Emily Johnson,2024-04-27,SAAS,Opportunity,5,Proposal sent,4.0,1100,40,2024-10-11,,2024,2024-04,167,,False,False,False,True,True,Micro (1-10)
"Kulas, Cummings and Bechtelar",Netherlands,52.370216,4.895168,Transportation & Logistics,Micro (1-10),Michael Brown,2024-03-06,Services,Opportunity,5,Proposal sent,4.0,398,10,2024-05-19,,2024,2024-03,74,,False,False,False,True,False,Micro (1-10)
Hessel-McClure,Germany,52.520008,13.404954,Professional Services  & Consulting,Micro (1-10),Jessica Martinez,2024-01-15,Services,Opportunity,5,Proposal sent,4.0,779,40,2024-03-11,,2024,2024-01,56,,False,False,False,True,False,Micro (1-10)
Pagac and Sons,Netherlands,52.370216,4.895168,Government Administration Healthcare,Micro (1-10),Jessica Martinez,2024-03-13,Services,Opportunity,5,Proposal sent,4.0,742,60,2024-07-13,,2024,2024-03,122,,False,False,False,True,False,Micro (1-10)
"White, Murazik and Larkin",Italy,41.902782,12.496366,IT & IT Services,Micro (1-10),Laura Thompson,2024-04-03,SAAS,Opportunity,5,Proposal sent,4.0,396,60,2024-11-25,,2024,2024-04,236,,False,False,False,True,True,Micro (1-10)
Pfeffer-Prohaska,Italy,41.902782,12.496366,Telecommunications,Micro (1-10),Kevin Anderson,2024-04-06,SAAS,Opportunity,5,Proposal sent,4.0,1128,60,2025-03-17,,2024,2024-04,345,,False,False,False,True,True,Micro (1-10)
"Hyatt, Hudson and Predovic",Germany,52.520008,13.404954,Transportation & Logistics,Micro (1-10),Kevin Anderson,2024-01-25,Services,Opportunity,5,Proposal sent,4.0,525,20,2024-05-13,,2024,2024-01,109,,False,False,False,True,False,Micro (1-10)
"Maggio, Bartoletti and Hoppe",France,48.864716,2.349014,Professional Services  & Consulting,Micro (1-10),Laura Thompson,2024-02-18,SAAS,Opportunity,5,Proposal sent,4.0,1157,100,2024-09-05,,2024,2024-02,200,,False,False,False,True,True,Micro (1-10)
"Schimmel, Denesik and Schmeler",Germany,52.520008,13.404954,Agriculture & Mining,Micro (1-10),Michael Brown,2024-05-06,Services,Opportunity,5,Proposal sent,4.0,1102,50,2024-07-05,,2024,2024-05,60,,False,False,False,True,False,Micro (1-10)
Schmitt-Bradtke,Portugal,38.736946,-9.142685,Transportation & Logistics,Micro (1-10),Emily Johnson,2024-05-05,SAAS,Opportunity,5,Proposal sent,4.0,1057,20,2024-08-08,,2024,2024-05,95,,False,False,False,True,True,Micro (1-10)
"Wilkinson, Balistreri and Beier",Italy,41.902782,12.496366,Transportation & Logistics,Micro (1-10),Sarah Davis,2024-04-23,SAAS,Opportunity,5,Proposal sent,4.0,595,60,2025-03-17,,2024,2024-04,328,,False,False,False,True,True,Micro (1-10)
Leannon-Romaguera,Portugal,38.736946,-9.142685,Education & Science,Micro (1-10),Michael Brown,2024-04-24,SAAS,Opportunity,5,Proposal sent,4.0,690,10,2024-09-14,,2024,2024-04,143,,False,False,False,True,True,Micro (1-10)
"Jakubowski, Effertz and Lemke",Italy,41.902782,12.496366,IT & IT Services,Micro (1-10),John Smith,2024-05-05,SAAS,Opportunity,5,Proposal sent,4.0,1133,20,2025-01-24,,2024,2024-05,264,,False,False,False,True,True,Micro (1-10)
"Hirthe, Fisher and Dooley",Germany,52.520008,13.404954,Education & Science,Micro (1-10),Laura Thompson,2024-01-30,Custom solution,Opportunity,5,Proposal sent,4.0,507,40,2024-12-20,,2024,2024-01,325,,False,False,False,True,False,Micro (1-10)
Tremblay Inc,Italy,41.902782,12.496366,Energy & Utilities,Micro (1-10),Laura Thompson,2024-05-14,SAAS,Opportunity,5,Proposal sent,4.0,1059,100,2025-03-31,,2024,2024-05,321,,False,False,False,True,True,Micro (1-10)
"Mertz, Adams and Bradtke",Belgium,51.260197,4.402771,IT & IT Services,Micro (1-10),Michael Brown,2024-02-19,Services,Opportunity,5,Proposal sent,4.0,288,30,2024-12-12,,2024,2024-02,297,,False,False,False,True,False,Micro (1-10)
Hermiston LLC,Netherlands,52.370216,4.895168,Government Administration Healthcare,Micro (1-10),Laura Thompson,2024-05-12,Services,Opportunity,5,Proposal sent,4.0,595,60,2024-09-08,,2024,2024-05,119,,False,False,False,True,False,Micro (1-10)
Mayer Group,Netherlands,52.370216,4.895168,Government Administration Healthcare,Micro (1-10),Sarah Davis,2024-05-31,Custom solution,Opportunity,5,Proposal sent,4.0,335,40,2025-02-08,,2024,2024-05,253,,False,False,False,True,False,Micro (1-10)
Wolf-Deckow,Italy,41.902782,12.496366,Telecommunications,Micro (1-10),Sarah Davis,2024-05-02,Services,Opportunity,5,Proposal sent,4.0,314,80,2024-08-19,,2024,2024-05,109,,False,False,False,True,False,Micro (1-10)
"Franecki, Grant and Prosacco",France,48.864716,2.349014,Transportation & Logistics,Micro (1-10),Laura Thompson,2024-01-22,SAAS,Opportunity,5,Proposal sent,4.0,1031,30,2024-03-27,,2024,2024-01,65,,False,False,False,True,True,Micro (1-10)
Batz-Russel,Netherlands,52.370216,4.895168,IT & IT Services,Micro (1-10),Laura Thompson,2024-03-12,Services,Opportunity,5,Proposal sent,4.0,219,40,2024-08-05,,2024,2024-03,146,,False,False,False,True,False,Micro (1-10)
Russel-Stiedemann,Austria,48.210033,16.363449,Transportation & Logistics,Micro (1-10),Kevin Anderson,2024-02-24,Services,Opportunity,5,Proposal sent,4.0,878,40,2025-02-15,,2024,2024-02,357,,False,False,False,True,False,Micro (1-10)
"Zemlak, O'Reilly and Schowalter",Italy,41.902782,12.496366,Banking and Finance,Micro (1-10),Laura Thompson,2024-04-10,SAAS,Opportunity,5,Proposal sent,4.0,646,40,2024-10-01,,2024,2024-04,174,,False,False,False,True,True,Micro (1-10)
Douglas-Wiza,France,48.864716,2.349014,Retail & Distribution,Micro (1-10),Michael Brown,2024-04-05,SAAS,Opportunity,5,Proposal sent,4.0,1132,50,2024-12-10,,2024,2024-04,249,,False,False,False,True,True,Micro (1-10)
"Heidenreich, Murazik and Walsh",Netherlands,52.370216,4.895168,Transportation & Logistics,Micro (1-10),Sarah Davis,2024-02-22,Services,Opportunity,5,Proposal sent,4.0,970,20,2024-08-22,,2024,2024-02,182,,False,False,False,True,False,Micro (1-10)
"Konopelski, McDermott and Wunsch",Portugal,38.736946,-9.142685,Transportation & Logistics,Micro (1-10),Michael Brown,2024-05-25,Services,Opportunity,5,Proposal sent,4.0,721,90,2024-08-16,,2024,2024-05,83,,False,False,False,True,False,Micro (1-10)
"Greenholt, Kirlin and Torphy",Portugal,38.736946,-9.142685,IT & IT Services,Micro (1-10),Laura Thompson,2024-02-22,SAAS,Opportunity,5,Proposal sent,4.0,788,100,2024-06-13,,2024,2024-02,112,,False,False,False,True,True,Micro (1-10)
Skipfire,Spain,40.416775,-3.70379,Transportation & Logistics,Medium (201-500),Kevin Anderson,2024-05-30,Services,Opportunity,5,Proposal sent,4.0,7039,50,2024-07-07,,2024,2024-05,38,,False,False,False,True,False,Medium (201-500)
Buzzshare,Germany,52.520008,13.404954,Telecommunications,Medium (201-500),Laura Thompson,2024-05-08,Services,Opportunity,5,Proposal sent,4.0,771,30,2025-02-03,,2024,2024-05,271,,False,False,False,True,False,Medium (201-500)
Photobean,Germany,52.520008,13.404954,Agriculture & Mining,Medium (201-500),Sarah Davis,2024-04-04,Services,Opportunity,5,Proposal sent,4.0,5565,30,2024-10-12,,2024,2024-04,191,,False,False,False,True,False,Medium (201-500)
Agimba,Austria,48.210033,16.363449,Manufacturing & Production,Medium (201-500),Kevin Anderson,2024-01-09,Custom solution,Opportunity,5,Proposal sent,4.0,5451,90,2024-04-27,,2024,2024-01,109,,False,False,False,True,False,Medium (201-500)
Twitterbridge,France,48.864716,2.349014,Energy & Utilities,Medium (201-500),Emily Johnson,2024-02-03,Custom solution,Opportunity,5,Proposal sent,4.0,1667,30,2024-04-19,,2024,2024-02,76,,False,False,False,True,False,Medium (201-500)
Quamba,Spain,40.416775,-3.70379,Government Administration Healthcare,Medium (201-500),David Wilson,2024-03-23,Custom solution,Opportunity,5,Proposal sent,4.0,2685,60,2024-08-07,,2024,2024-03,137,,False,False,False,True,False,Medium (201-500)
Topiclounge,Italy,41.902782,12.496366,Banking and Finance,Medium (201-500),Michael Brown,2024-02-08,Services,Opportunity,5,Proposal sent,4.0,6080,100,2024-05-10,,2024,2024-02,92,,False,False,False,True,False,Medium (201-500)
Meezzy,Spain,40.416775,-3.70379,Manufacturing & Production,Medium (201-500),Laura Thompson,2024-04-12,SAAS,Opportunity,5,Proposal sent,4.0,1099,60,2024-11-28,,2024,2024-04,230,,False,False,False,True,True,Medium (201-500)
"Nicolas, Champlin and Dietrich",Switzerland,46.204391,6.143158,Education & Science,Medium (201-500),Jessica Martinez,2024-01-27,SAAS,Opportunity,5,Proposal sent,4.0,7919,30,2024-04-14,,2024,2024-01,78,,False,False,False,True,True,Medium (201-500)
"Shanahan, Gislason and Vandervort",Italy,41.902782,12.496366,Professional Services  & Consulting,Medium (201-500),Laura Thompson,2024-05-26,Services,Opportunity,5,Proposal sent,4.0,5268,90,2025-05-10,,2024,2024-05,349,,False,False,False,True,False,Medium (201-500)
"Bogan, Weimann and Rath",Italy,41.902782,12.496366,IT & IT Services,Medium (201-500),Laura Thompson,2024-02-17,Custom solution,Opportunity,5,Proposal sent,4.0,5597,50,2024-05-05,,2024,2024-02,78,,False,False,False,True,False,Medium (201-500)
"Kemmer, O'Hara and DuBuque",Portugal,38.736946,-9.142685,Entertainment & Media & Hospitality,Medium (201-500),David Wilson,2024-03-15,SAAS,Opportunity,5,Proposal sent,4.0,6927,20,2024-11-28,,2024,2024-03,258,,False,False,False,True,True,Medium (201-500)
Kerluke-McKenzie,Austria,48.210033,16.363449,Transportation & Logistics,Medium (201-500),Laura Thompson,2024-05-26,Services,Opportunity,5,Proposal sent,4.0,7711,20,2024-10-03,,2024,2024-05,130,,False,False,False,True,False,Medium (201-500)
"Green, Kuhn and O'Connell",Belgium,51.260197,4.402771,Banking and Finance,Medium (201-500),Jessica Martinez,2024-05-13,SAAS,Opportunity,5,Proposal sent,4.0,5878,30,2025-03-01,,2024,2024-05,292,,False,False,False,True,True,Medium (201-500)
Conroy-Bartoletti,Italy,41.902782,12.496366,Telecommunications,Medium (201-500),Kevin Anderson,2024-05-24,Services,Opportunity,5,Proposal sent,4.0,7387,60,2025-05-22,,2024,2024-05,363,,False,False,False,True,False,Medium (201-500)
Schamberger LLC,Germany,52.520008,13.404954,Entertainment & Media & Hospitality,Medium (201-500),David Wilson,2024-05-26,SAAS,Opportunity,5,Proposal sent,4.0,3342,40,2024-06-27,,2024,2024-05,32,,False,False,False,True,True,Medium (201-500)
Renner Inc,Portugal,38.736946,-9.142685,Manufacturing & Production,Medium (201-500),Sarah Davis,2024-02-13,SAAS,Opportunity,5,Proposal sent,4.0,771,20,2024-10-11,,2024,2024-02,241,,False,False,False,True,True,Medium (201-500)
"McKenzie, Reynolds and Hane",Spain,40.416775,-3.70379,IT & IT Services,Medium (201-500),Sarah Davis,2024-04-03,Services,Opportunity,5,Proposal sent,4.0,6323,40,2024-06-11,,2024,2024-04,69,,False,False,False,True,False,Medium (201-500)
"Schmidt, Hahn and Frami",France,48.864716,2.349014,Manufacturing & Production,Medium (201-500),John Smith,2024-02-19,SAAS,Opportunity,5,Proposal sent,4.0,2662,40,2024-10-06,,2024,2024-02,230,,False,False,False,True,True,Medium (201-500)
Adams Group,France,48.864716,2.349014,Retail & Distribution,Medium (201-500),Laura Thompson,2024-04-12,Services,Opportunity,5,Proposal sent,4.0,2879,30,2025-04-02,,2024,2024-04,355,,False,False,False,True,False,Medium (201-500)
"Beier, Wolf and Schuster",Italy,41.902782,12.496366,Manufacturing & Production,Medium (201-500),Jessica Martinez,2024-03-31,SAAS,Opportunity,5,Proposal sent,4.0,1235,100,2025-03-04,,2024,2024-03,338,,False,False,False,True,True,Medium (201-500)
Flatley Group,France,48.864716,2.349014,Entertainment & Media & Hospitality,Medium (201-500),John Smith,2024-04-10,Services,Opportunity,5,Proposal sent,4.0,7496,30,2025-01-29,,2024,2024-04,294,,False,False,False,True,False,Medium (201-500)
Barton Inc,France,48.864716,2.349014,Banking and Finance,Medium (201-500),Michael Brown,2024-01-09,Services,Opportunity,5,Proposal sent,4.0,7008,30,2024-08-13,,2024,2024-01,217,,False,False,False,True,False,Medium (201-500)
"Skiles, Deckow and Hintz",Italy,41.902782,12.496366,Transportation & Logistics,Medium (201-500),John Smith,2024-02-27,Services,Opportunity,5,Proposal sent,4.0,613,30,2024-07-31,,2024,2024-02,155,,False,False,False,True,False,Medium (201-500)
Upton-Parisian,Italy,41.902782,12.496366,Retail & Distribution,Medium (201-500),Emily Johnson,2024-05-31,SAAS,Opportunity,5,Proposal sent,4.0,5859,30,2024-12-16,,2024,2024-05,199,,False,False,False,True,True,Medium (201-500)
Quigley-Kling,France,48.864716,2.349014,Retail & Distribution,Medium (201-500),Jessica Martinez,2024-03-22,Services,Opportunity,5,Proposal sent,4.0,5386,40,2025-01-09,,2024,2024-03,293,,False,False,False,True,False,Medium (201-500)
Reilly and Sons,Austria,48.210033,16.363449,Education & Science,Medium (201-500),Laura Thompson,2024-04-06,Services,Opportunity,5,Proposal sent,4.0,5955,20,2024-05-11,,2024,2024-04,35,,False,False,False,True,False,Medium (201-500)
Kassulke-Keebler,Spain,40.416775,-3.70379,Entertainment & Media & Hospitality,Medium (201-500),Jessica Martinez,2024-04-07,Services,Opportunity,5,Proposal sent,4.0,4031,20,2025-01-17,,2024,2024-04,285,,False,False,False,True,False,Medium (201-500)
Morar-Berge,Italy,41.902782,12.496366,Manufacturing & Production,Medium (201-500),Jessica Martinez,2024-02-28,SAAS,Opportunity,5,Proposal sent,4.0,7020,40,2024-05-11,,2024,2024-02,73,,False,False,False,True,True,Medium (201-500)
Emard Group,Italy,41.902782,12.496366,Manufacturing & Production,Medium (201-500),Jessica Martinez,2024-02-29,SAAS,Opportunity,5,Proposal sent,4.0,5759,40,2025-02-08,,2024,2024-02,345,,False,False,False,True,True,Medium (201-500)
Nolan Group,Portugal,38.736946,-9.142685,Manufacturing & Production,Medium (201-500),Michael Brown,2024-02-15,SAAS,Opportunity,5,Proposal sent,4.0,5029,40,2024-08-09,,2024,2024-02,176,,False,False,False,True,True,Medium (201-500)
"Stroman, Wehner and Stamm",Italy,41.902782,12.496366,Government Administration Healthcare,Medium (201-500),Laura Thompson,2024-05-11,Custom solution,Opportunity,5,Proposal sent,4.0,1737,80,2024-06-22,,2024,2024-05,42,,False,False,False,True,False,Medium (201-500)
"Doyle, Osinski and Gleichner",France,48.864716,2.349014,Transportation & Logistics,Medium (201-500),David Wilson,2024-05-29,Services,Opportunity,5,Proposal sent,4.0,5878,100,2025-05-04,,2024,2024-05,340,,False,False,False,True,False,Medium (201-500)
"Nader, Steuber and Kulas",Portugal,38.736946,-9.142685,Transportation & Logistics,Medium (201-500),Sarah Davis,2024-03-12,SAAS,Opportunity,5,Proposal sent,4.0,467,40,2024-08-27,,2024,2024-03,168,,False,False,False,True,True,Medium (201-500)
Schmidt-Kunze,Italy,41.902782,12.496366,Manufacturing & Production,Medium (201-500),John Smith,2024-04-25,Custom solution,Opportunity,5,Proposal sent,4.0,1148,60,2025-02-24,,2024,2024-04,305,,False,False,False,True,False,Medium (201-500)
"MacGyver, Moore and Smith",Switzerland,46.204391,6.143158,Banking and Finance,Medium (201-500),Jessica Martinez,2024-02-29,SAAS,Opportunity,5,Proposal sent,4.0,6322,50,2024-08-10,,2024,2024-02,163,,False,False,False,True,True,Medium (201-500)
Quigley Group,Germany,52.520008,13.404954,Government Administration Healthcare,Medium (201-500),Jessica Martinez,2024-04-08,SAAS,Opportunity,5,Proposal sent,4.0,7667,80,2024-06-01,,2024,2024-04,54,,False,False,False,True,True,Medium (201-500)
Lockman Inc,Switzerland,46.204391,6.143158,Professional Services  & Consulting,Medium (201-500),Jessica Martinez,2024-04-05,SAAS,Opportunity,5,Proposal sent,4.0,4290,30,2024-07-06,,2024,2024-04,92,,False,False,False,True,True,Medium (201-500)
"Schmidt, Skiles and Dare",France,48.864716,2.349014,Banking and Finance,Medium (201-500),Laura Thompson,2024-04-04,Services,Opportunity,5,Proposal sent,4.0,4707,70,2024-12-02,,2024,2024-04,242,,False,False,False,True,False,Medium (201-500)
Von LLC,Austria,48.210033,16.363449,Banking and Finance,Medium (201-500),David Wilson,2024-03-10,SAAS,Opportunity,5,Proposal sent,4.0,459,60,2024-07-29,,2024,2024-03,141,,False,False,False,True,True,Medium (201-500)
Ruecker Inc,Germany,52.520008,13.404954,Construction & Engineering,Medium (201-500),Jessica Martinez,2024-02-21,SAAS,Opportunity,5,Proposal sent,4.0,220,40,2024-08-15,,2024,2024-02,176,,False,False,False,True,True,Medium (201-500)
"Heaney, Fadel and Wiegand",Italy,41.902782,12.496366,IT & IT Services,Medium (201-500),Jessica Martinez,2024-03-23,SAAS,Opportunity,5,Proposal sent,4.0,4663,20,2024-07-30,,2024,2024-03,129,,False,False,False,True,True,Medium (201-500)
"Kohler, Dietrich and Bosco",Italy,41.902782,12.496366,IT & IT Services,Medium (201-500),Michael Brown,2024-05-22,Custom solution,Opportunity,5,Proposal sent,4.0,7228,50,2024-06-23,,2024,2024-05,32,,False,False,False,True,False,Medium (201-500)
Stoltenberg-Fahey,Italy,41.902782,12.496366,Retail & Distribution,Medium (201-500),David Wilson,2024-04-26,SAAS,Opportunity,5,Proposal sent,4.0,1156,20,2024-07-05,,2024,2024-04,70,,False,False,False,True,True,Medium (201-500)
Ledner-Lindgren,Italy,41.902782,12.496366,Transportation & Logistics,Medium (201-500),Sarah Davis,2024-03-21,Services,Opportunity,5,Proposal sent,4.0,4305,90,2024-08-31,,2024,2024-03,163,,False,False,False,True,False,Medium (201-500)
Olson LLC,Italy,41.902782,12.496366,Entertainment & Media & Hospitality,Medium (201-500),Sarah Davis,2024-03-06,SAAS,Opportunity,5,Proposal sent,4.0,3479,10,2025-02-02,,2024,2024-03,333,,False,False,False,True,True,Medium (201-500)
"Wunsch, Hegmann and Bradtke",Portugal,38.736946,-9.142685,Government Administration Healthcare,Medium (201-500),Emily Johnson,2024-03-05,Services,Opportunity,5,Proposal sent,4.0,3733,40,2024-07-27,,2024,2024-03,144,,False,False,False,True,False,Medium (201-500)
"Bernier, Stamm and Lemke",Belgium,51.260197,4.402771,Transportation & Logistics,Medium (201-500),Laura Thompson,2024-02-18,Custom solution,Opportunity,5,Proposal sent,4.0,2926,20,2025-01-23,,2024,2024-02,340,,False,False,False,True,False,Medium (201-500)
Mitchell-Veum,Germany,52.520008,13.404954,Energy & Utilities,Medium (201-500),Emily Johnson,2024-04-10,Services,Opportunity,5,Proposal sent,4.0,6552,40,2024-08-06,,2024,2024-04,118,,False,False,False,True,False,Medium (201-500)
"Hayes, Christiansen and Bahringer",France,48.864716,2.349014,Education & Science,Medium (201-500),Laura Thompson,2024-02-15,SAAS,Opportunity,5,Proposal sent,4.0,2036,80,2024-10-06,,2024,2024-02,234,,False,False,False,True,True,Medium (201-500)
Lang and Sons,Portugal,38.736946,-9.142685,Government Administration Healthcare,Medium (201-500),Jessica Martinez,2024-03-30,Services,Opportunity,5,Proposal sent,4.0,4525,30,2024-06-20,,2024,2024-03,82,,False,False,False,True,False,Medium (201-500)
Mills-Ziemann,Austria,48.210033,16.363449,Construction & Engineering,Medium (201-500),Michael Brown,2024-04-27,Services,Opportunity,5,Proposal sent,4.0,3490,40,2024-11-24,,2024,2024-04,211,,False,False,False,True,False,Medium (201-500)
"Hoppe, Becker and Jacobs",Italy,41.902782,12.496366,Education & Science,Medium (201-500),Kevin Anderson,2024-03-06,Custom solution,Opportunity,5,Proposal sent,4.0,2425,70,2024-08-01,,2024,2024-03,148,,False,False,False,True,False,Medium (201-500)
Christiansen-Bechtelar,Germany,52.520008,13.404954,Education & Science,Medium (201-500),Laura Thompson,2024-05-27,SAAS,Opportunity,5,Proposal sent,4.0,4625,40,2024-07-27,,2024,2024-05,61,,False,False,False,True,True,Medium (201-500)
Bartoletti Group,Belgium,51.260197,4.402771,Education & Science,Medium (201-500),Michael Brown,2024-02-20,Services,Opportunity,5,Proposal sent,4.0,1138,20,2024-10-25,,2024,2024-02,248,,False,False,False,True,False,Medium (201-500)
Rippin and Sons,Belgium,51.260197,4.402771,Construction & Engineering,Medium (201-500),David Wilson,2024-04-02,Custom solution,Opportunity,5,Proposal sent,4.0,3276,100,2024-08-08,,2024,2024-04,128,,False,False,False,True,False,Medium (201-500)
Sauer-Huels,Italy,41.902782,12.496366,Transportation & Logistics,Medium (201-500),Jessica Martinez,2024-03-25,SAAS,Opportunity,5,Proposal sent,4.0,7195,100,2024-06-09,,2024,2024-03,76,,False,False,False,True,True,Medium (201-500)
Kerluke-Schuster,Switzerland,46.204391,6.143158,Transportation & Logistics,Medium (201-500),Laura Thompson,2024-05-25,Services,Opportunity,5,Proposal sent,4.0,4718,50,2025-02-25,,2024,2024-05,276,,False,False,False,True,False,Medium (201-500)
King-McKenzie,Italy,41.902782,12.496366,Agriculture & Mining,Medium (201-500),Laura Thompson,2024-01-25,Services,Opportunity,5,Proposal sent,4.0,729,20,2024-09-29,,2024,2024-01,248,,False,False,False,True,False,Medium (201-500)
Langosh-Stark,Germany,52.520008,13.404954,IT & IT Services,Medium (201-500),Laura Thompson,2024-01-31,Services,Opportunity,5,Proposal sent,4.0,7735,80,2024-03-16,,2024,2024-01,45,,False,False,False,True,False,Medium (201-500)
Kreiger Group,Switzerland,46.204391,6.143158,IT & IT Services,Medium (201-500),Jessica Martinez,2024-01-13,Custom solution,Opportunity,5,Proposal sent,4.0,3872,30,2024-10-03,,2024,2024-01,264,,False,False,False,True,False,Medium (201-500)
Livetube,Italy,41.902782,12.496366,IT & IT Services,Large (501-1000),John Smith,2024-04-13,Custom solution,Opportunity,5,Proposal sent,4.0,9742,40,2024-10-25,,2024,2024-04,195,,False,False,False,True,False,Large (501-1000)
Rowe-Jacobs,Portugal,38.736946,-9.142685,Government Administration Healthcare,Large (501-1000),Laura Thompson,2024-04-08,Custom solution,Opportunity,5,Proposal sent,4.0,3294,50,2024-11-30,,2024,2024-04,236,,False,False,False,True,False,Large (501-1000)
Donnelly-Kunze,Spain,40.416775,-3.70379,Professional Services  & Consulting,Large (501-1000),Laura Thompson,2024-03-25,SAAS,Opportunity,5,Proposal sent,4.0,5135,40,2024-12-26,,2024,2024-03,276,,False,False,False,True,True,Large (501-1000)
Batz-Gleichner,Switzerland,46.204391,6.143158,Agriculture & Mining,Large (501-1000),Kevin Anderson,2024-03-31,Services,Opportunity,5,Proposal sent,4.0,5645,20,2024-06-24,,2024,2024-03,85,,False,False,False,True,False,Large (501-1000)
Borer-Aufderhar,Switzerland,46.204391,6.143158,Energy & Utilities,Enterprise (1001+),Michael Brown,2024-03-30,SAAS,Opportunity,5,Proposal sent,4.0,4228,60,2024-07-24,,2024,2024-03,116,,False,False,False,True,True,Enterprise (1001+)
"Hirthe, Parisian and Pouros",Belgium,51.260197,4.402771,Transportation & Logistics,Enterprise (1001+),Emily Johnson,2024-02-21,Custom solution,Opportunity,5,Proposal sent,4.0,2633,40,2024-12-02,,2024,2024-02,285,,False,False,False,True,False,Enterprise (1001+)
Murphy Inc,Spain,40.416775,-3.70379,Government Administration Healthcare,Enterprise (1001+),Kevin Anderson,2024-04-02,Services,Opportunity,5,Proposal sent,4.0,19246,40,2024-10-12,,2024,2024-04,193,,False,False,False,True,False,Enterprise (1001+)
Jabberstorm,France,48.864716,2.349014,IT & IT Services,Small (11-200),Laura Thompson,2024-01-05,Services,Opportunity,5,Won,5.0,1226,20,2024-02-25,,2024,2024-01,51,,True,False,True,False,False,Small (11-200)
Thoughtsphere,Spain,40.416775,-3.70379,Construction & Engineering,Small (11-200),Kevin Anderson,2024-03-18,SAAS,Opportunity,5,Won,5.0,1744,20,2024-08-21,,2024,2024-03,156,,True,False,True,False,True,Small (11-200)
Fivebridge,Spain,40.416775,-3.70379,IT & IT Services,Small (11-200),John Smith,2024-01-08,Services,Opportunity,5,Won,5.0,287,20,2024-02-12,,2024,2024-01,35,,True,False,True,False,False,Small (11-200)
Dabtype,Portugal,38.736946,-9.142685,Transportation & Logistics,Small (11-200),Laura Thompson,2024-05-14,Custom solution,Opportunity,5,Won,5.0,1501,40,2024-12-10,,2024,2024-05,210,,True,False,True,False,False,Small (11-200)
Corkery LLC,France,48.864716,2.349014,Agriculture & Mining,Small (11-200),Michael Brown,2024-02-19,SAAS,Opportunity,5,Won,5.0,1440,10,2024-12-17,,2024,2024-02,302,,True,False,True,False,True,Small (11-200)
"Ledner, Koelpin and Rath",Switzerland,46.204391,6.143158,IT & IT Services,Small (11-200),Laura Thompson,2024-04-25,Services,Opportunity,5,Won,5.0,1915,20,2024-07-23,,2024,2024-04,89,,True,False,True,False,False,Small (11-200)
Walter LLC,Germany,52.520008,13.404954,Entertainment & Media & Hospitality,Small (11-200),Jessica Martinez,2024-04-15,Custom solution,Opportunity,5,Won,5.0,1029,20,2025-02-05,,2024,2024-04,296,,True,False,True,False,False,Small (11-200)
Runolfsdottir-Kulas,Italy,41.902782,12.496366,Banking and Finance,Small (11-200),John Smith,2024-05-23,Custom solution,Opportunity,5,Won,5.0,641,60,2025-03-11,,2024,2024-05,292,,True,False,True,False,False,Small (11-200)
Senger LLC,Netherlands,52.370216,4.895168,Transportation & Logistics,Small (11-200),Michael Brown,2024-05-27,Custom solution,Opportunity,5,Won,5.0,1776,60,2024-11-05,,2024,2024-05,162,,True,False,True,False,False,Small (11-200)
Legros-DuBuque,France,48.864716,2.349014,IT & IT Services,Small (11-200),Emily Johnson,2024-03-20,SAAS,Opportunity,5,Won,5.0,1464,60,2024-09-09,,2024,2024-03,173,,True,False,True,False,True,Small (11-200)
Mertz Group,Italy,41.902782,12.496366,Transportation & Logistics,Small (11-200),Michael Brown,2024-05-22,SAAS,Opportunity,5,Won,5.0,1236,90,2024-07-30,,2024,2024-05,69,,True,False,True,False,True,Small (11-200)
Harber Inc,Germany,52.520008,13.404954,Professional Services  & Consulting,Small (11-200),Sarah Davis,2024-03-20,SAAS,Opportunity,5,Won,5.0,200,30,2025-02-14,,2024,2024-03,331,,True,False,True,False,True,Small (11-200)
"Borer, Durgan and Weber",France,48.864716,2.349014,Entertainment & Media & Hospitality,Small (11-200),Sarah Davis,2024-04-11,Services,Opportunity,5,Won,5.0,698,40,2025-03-20,,2024,2024-04,343,,True,False,True,False,False,Small (11-200)
Davis-Waelchi,Italy,41.902782,12.496366,Energy & Utilities,Small (11-200),Michael Brown,2024-01-21,SAAS,Opportunity,5,Won,5.0,1712,60,2024-02-28,,2024,2024-01,38,,True,False,True,False,True,Small (11-200)
"Hessel, Zboncak and Rath",Netherlands,52.370216,4.895168,Entertainment & Media & Hospitality,Small (11-200),John Smith,2024-04-29,SAAS,Opportunity,5,Won,5.0,726,60,2025-03-29,,2024,2024-04,334,,True,False,True,False,True,Small (11-200)
Harvey Group,Switzerland,46.204391,6.143158,Banking and Finance,Small (11-200),Jessica Martinez,2024-05-07,Custom solution,Opportunity,5,Won,5.0,292,10,2024-06-07,,2024,2024-05,31,,True,False,True,False,False,Small (11-200)
"Stoltenberg, Gulgowski and Murazik",Belgium,51.260197,4.402771,Transportation & Logistics,Small (11-200),Laura Thompson,2024-05-05,SAAS,Opportunity,5,Won,5.0,265,20,2025-02-27,,2024,2024-05,298,,True,False,True,False,True,Small (11-200)
Hickle LLC,Portugal,38.736946,-9.142685,Recreation & Sports,Small (11-200),Michael Brown,2024-05-22,SAAS,Opportunity,5,Won,5.0,424,20,2024-11-21,,2024,2024-05,183,,True,False,True,False,True,Small (11-200)
Miller-Goyette,Netherlands,52.370216,4.895168,Entertainment & Media & Hospitality,Small (11-200),Jessica Martinez,2024-05-26,SAAS,Opportunity,5,Won,5.0,865,20,2024-07-21,,2024,2024-05,56,,True,False,True,False,True,Small (11-200)
"Ankunding, Mayer and Sanford",Belgium,51.260197,4.402771,Transportation & Logistics,Small (11-200),John Smith,2024-02-02,SAAS,Opportunity,5,Won,5.0,1284,30,2025-01-07,,2024,2024-02,340,,True,False,True,False,True,Small (11-200)
Anderson Inc,Belgium,51.260197,4.402771,IT & IT Services,Small (11-200),Jessica Martinez,2024-03-08,SAAS,Opportunity,5,Won,5.0,1573,50,2024-09-27,,2024,2024-03,203,,True,False,True,False,True,Small (11-200)
"Sanford, Koch and Kulas",Netherlands,52.370216,4.895168,Government Administration Healthcare,Small (11-200),John Smith,2024-01-12,SAAS,Opportunity,5,Won,5.0,799,10,2024-07-24,,2024,2024-01,194,,True,False,True,False,True,Small (11-200)
Champlin LLC,Belgium,51.260197,4.402771,IT & IT Services,Small (11-200),Michael Brown,2024-02-03,SAAS,Opportunity,5,Won,5.0,1108,60,2024-06-27,,2024,2024-02,145,,True,False,True,False,True,Small (11-200)
"Beer, Toy and Reichert",Austria,48.210033,16.363449,Transportation & Logistics,Small (11-200),Kevin Anderson,2024-05-18,SAAS,Opportunity,5,Won,5.0,1859,40,2025-02-12,,2024,2024-05,270,,True,False,True,False,True,Small (11-200)
Langworth-Conn,Portugal,38.736946,-9.142685,Transportation & Logistics,Small (11-200),David Wilson,2024-05-09,SAAS,Opportunity,5,Won,5.0,1979,100,2024-12-22,,2024,2024-05,227,,True,False,True,False,True,Small (11-200)
"Ankunding, Kozey and Hauck",Austria,48.210033,16.363449,Banking and Finance,Small (11-200),Michael Brown,2024-01-16,Custom solution,Opportunity,5,Won,5.0,272,20,2024-03-20,,2024,2024-01,64,,True,False,True,False,False,Small (11-200)
"Kuhic, Abernathy and Ward",Spain,40.416775,-3.70379,Government Administration Healthcare,Small (11-200),David Wilson,2024-03-21,SAAS,Opportunity,5,Won,5.0,320,40,2024-12-26,,2024,2024-03,280,,True,False,True,False,True,Small (11-200)
Monahan-Reinger,France,48.864716,2.349014,IT & IT Services,Small (11-200),Jessica Martinez,2024-03-02,SAAS,Opportunity,5,Won,5.0,1097,80,2024-09-15,,2024,2024-03,197,,True,False,True,False,True,Small (11-200)
"Kilback, Klein and Lemke",Switzerland,46.204391,6.143158,Retail & Distribution,Small (11-200),Laura Thompson,2024-05-05,Services,Opportunity,5,Won,5.0,1443,40,2024-10-31,,2024,2024-05,179,,True,False,True,False,False,Small (11-200)
Huel Inc,Italy,41.902782,12.496366,Transportation & Logistics,Small (11-200),John Smith,2024-04-22,SAAS,Opportunity,5,Won,5.0,254,50,2025-03-28,,2024,2024-04,340,,True,False,True,False,True,Small (11-200)
"Reinger, Price and Zemlak",Belgium,51.260197,4.402771,Professional Services  & Consulting,Small (11-200),Michael Brown,2024-04-01,Custom solution,Opportunity,5,Won,5.0,424,40,2025-01-16,,2024,2024-04,290,,True,False,True,False,False,Small (11-200)
Rogahn Group,Italy,41.902782,12.496366,Telecommunications,Small (11-200),Emily Johnson,2024-04-06,Custom solution,Opportunity,5,Won,5.0,847,60,2024-05-22,,2024,2024-04,46,,True,False,True,False,False,Small (11-200)
Jacobson-Bogan,Germany,52.520008,13.404954,Transportation & Logistics,Small (11-200),David Wilson,2024-05-27,Custom solution,Opportunity,5,Won,5.0,1431,30,2025-01-25,,2024,2024-05,243,,True,False,True,False,False,Small (11-200)
Kreiger-Stroman,Belgium,51.260197,4.402771,Banking and Finance,Small (11-200),Sarah Davis,2024-01-02,Services,Opportunity,5,Won,5.0,719,40,2024-02-14,,2024,2024-01,43,,True,False,True,False,False,Small (11-200)
"Wilderman, Kulas and Emard",Germany,52.520008,13.404954,IT & IT Services,Micro (1-10),Michael Brown,2024-04-20,SAAS,Opportunity,5,Won,5.0,938,80,2025-03-20,,2024,2024-04,334,,True,False,True,False,True,Micro (1-10)
"Mohr, Feil and Fisher",Switzerland,46.204391,6.143158,Retail & Distribution,Micro (1-10),Sarah Davis,2024-02-21,SAAS,Opportunity,5,Won,5.0,1159,30,2024-08-11,,2024,2024-02,172,,True,False,True,False,True,Micro (1-10)
"Hagenes, Schuppe and Homenick",Spain,40.416775,-3.70379,Transportation & Logistics,Micro (1-10),John Smith,2024-05-03,Services,Opportunity,5,Won,5.0,643,40,2024-11-19,,2024,2024-05,200,,True,False,True,False,False,Micro (1-10)
Senger Inc,Portugal,38.736946,-9.142685,IT & IT Services,Micro (1-10),John Smith,2024-03-09,Services,Opportunity,5,Won,5.0,540,60,2024-07-30,,2024,2024-03,143,,True,False,True,False,False,Micro (1-10)
Bernier-Denesik,France,48.864716,2.349014,Professional Services  & Consulting,Micro (1-10),Laura Thompson,2024-01-31,Custom solution,Opportunity,5,Won,5.0,523,10,2024-08-27,,2024,2024-01,209,,True,False,True,False,False,Micro (1-10)
Bergnaum Group,Germany,52.520008,13.404954,Banking and Finance,Micro (1-10),Laura Thompson,2024-05-28,Services,Opportunity,5,Won,5.0,391,90,2025-02-04,,2024,2024-05,252,,True,False,True,False,False,Micro (1-10)
Johnson-Zieme,Spain,40.416775,-3.70379,Banking and Finance,Micro (1-10),Emily Johnson,2024-05-05,SAAS,Opportunity,5,Won,5.0,448,30,2024-07-10,,2024,2024-05,66,,True,False,True,False,True,Micro (1-10)
Lesch-Ryan,France,48.864716,2.349014,Professional Services  & Consulting,Micro (1-10),Jessica Martinez,2024-02-02,SAAS,Opportunity,5,Won,5.0,1143,40,2024-10-12,,2024,2024-02,253,,True,False,True,False,True,Micro (1-10)
Rutherford-Doyle,Belgium,51.260197,4.402771,Telecommunications,Micro (1-10),Laura Thompson,2024-01-05,SAAS,Opportunity,5,Won,5.0,235,60,2024-11-30,,2024,2024-01,330,,True,False,True,False,True,Micro (1-10)
Swaniawski and Sons,France,48.864716,2.349014,Transportation & Logistics,Micro (1-10),Laura Thompson,2024-04-04,Services,Opportunity,5,Won,5.0,626,20,2024-05-06,,2024,2024-04,32,,True,False,True,False,False,Micro (1-10)
Auer-Donnelly,Switzerland,46.204391,6.143158,Transportation & Logistics,Micro (1-10),Laura Thompson,2024-04-17,SAAS,Opportunity,5,Won,5.0,1171,50,2024-10-12,,2024,2024-04,178,,True,False,True,False,True,Micro (1-10)
"Lockman, Kris and Hansen",Italy,41.902782,12.496366,Transportation & Logistics,Micro (1-10),Laura Thompson,2024-03-24,Services,Opportunity,5,Won,5.0,354,50,2024-08-07,,2024,2024-03,136,,True,False,True,False,False,Micro (1-10)
Cronin-Dare,Switzerland,46.204391,6.143158,Entertainment & Media & Hospitality,Micro (1-10),Jessica Martinez,2024-01-31,SAAS,Opportunity,5,Won,5.0,373,20,2024-11-30,,2024,2024-01,304,,True,False,True,False,True,Micro (1-10)
"Effertz, Kuhlman and Koch",Belgium,51.260197,4.402771,Professional Services  & Consulting,Micro (1-10),Emily Johnson,2024-03-04,SAAS,Opportunity,5,Won,5.0,396,70,2024-10-11,,2024,2024-03,221,,True,False,True,False,True,Micro (1-10)
Simonis-Beahan,Italy,41.902782,12.496366,Manufacturing & Production,Micro (1-10),Laura Thompson,2024-04-06,SAAS,Opportunity,5,Won,5.0,723,40,2024-11-01,,2024,2024-04,209,,True,False,True,False,True,Micro (1-10)
Crona-Smitham,Italy,41.902782,12.496366,IT & IT Services,Micro (1-10),Kevin Anderson,2024-01-08,Services,Opportunity,5,Won,5.0,707,90,2024-06-06,,2024,2024-01,150,,True,False,True,False,False,Micro (1-10)
Eimbee,Italy,41.902782,12.496366,Telecommunications,Medium (201-500),Kevin Anderson,2024-01-14,SAAS,Opportunity,5,Won,5.0,1607,70,2025-01-10,,2024,2024-01,362,,True,False,True,False,True,Medium (201-500)
Jaloo,Portugal,38.736946,-9.142685,Banking and Finance,Medium (201-500),Emily Johnson,2024-03-26,Services,Opportunity,5,Won,5.0,2560,20,2024-10-09,,2024,2024-03,197,,True,False,True,False,False,Medium (201-500)
Fivespan,Portugal,38.736946,-9.142685,Government Administration Healthcare,Medium (201-500),David Wilson,2024-02-27,Services,Opportunity,5,Won,5.0,2942,40,2025-01-15,,2024,2024-02,323,,True,False,True,False,False,Medium (201-500)
Digitube,France,48.864716,2.349014,Recreation & Sports,Medium (201-500),Jessica Martinez,2024-03-19,Services,Opportunity,5,Won,5.0,7428,30,2024-11-24,,2024,2024-03,250,,True,False,True,False,False,Medium (201-500)
"Wisozk, Hickle and Olson",Italy,41.902782,12.496366,Entertainment & Media & Hospitality,Medium (201-500),Jessica Martinez,2024-01-02,SAAS,Opportunity,5,Won,5.0,3161,50,2024-10-20,,2024,2024-01,292,,True,False,True,False,True,Medium (201-500)
Donnelly-Bergnaum,Germany,52.520008,13.404954,Professional Services  & Consulting,Medium (201-500),Laura Thompson,2024-02-27,Services,Opportunity,5,Won,5.0,4558,40,2024-06-25,,2024,2024-02,119,,True,False,True,False,False,Medium (201-500)
Jacobs-Cruickshank,Germany,52.520008,13.404954,Professional Services  & Consulting,Medium (201-500),Kevin Anderson,2024-03-02,Services,Opportunity,5,Won,5.0,5279,30,2024-08-13,,2024,2024-03,164,,True,False,True,False,False,Medium (201-500)
Walter-Altenwerth,Italy,41.902782,12.496366,IT & IT Services,Medium (201-500),John Smith,2024-03-24,Services,Opportunity,5,Won,5.0,6644,50,2025-01-27,,2024,2024-03,309,,True,False,True,False,False,Medium (201-500)
Schinner-Leannon,Germany,52.520008,13.404954,Banking and Finance,Medium (201-500),John Smith,2024-03-01,SAAS,Opportunity,5,Won,5.0,1953,70,2024-11-21,,2024,2024-03,265,,True,False,True,False,True,Medium (201-500)
Torp-Goldner,Switzerland,46.204391,6.143158,IT & IT Services,Medium (201-500),Emily Johnson,2024-01-21,SAAS,Opportunity,5,Won,5.0,7787,60,2024-05-16,,2024,2024-01,116,,True,False,True,False,True,Medium (201-500)
Dooley-Feest,Germany,52.520008,13.404954,Agriculture & Mining,Medium (201-500),Laura Thompson,2024-01-31,SAAS,Opportunity,5,Won,5.0,4665,40,2024-07-05,,2024,2024-01,156,,True,False,True,False,True,Medium (201-500)
Ondricka-Beer,France,48.864716,2.349014,IT & IT Services,Medium (201-500),Michael Brown,2024-05-27,SAAS,Opportunity,5,Won,5.0,2470,20,2024-10-15,,2024,2024-05,141,,True,False,True,False,True,Medium (201-500)
Hansen Group,Portugal,38.736946,-9.142685,Government Administration Healthcare,Medium (201-500),Sarah Davis,2024-04-26,Services,Opportunity,5,Won,5.0,5258,60,2024-08-16,,2024,2024-04,112,,True,False,True,False,False,Medium (201-500)
"Kris, Hartmann and Mraz",Germany,52.520008,13.404954,Banking and Finance,Medium (201-500),Laura Thompson,2024-05-04,SAAS,Opportunity,5,Won,5.0,1859,20,2025-03-15,,2024,2024-05,315,,True,False,True,False,True,Medium (201-500)
Klein LLC,France,48.864716,2.349014,Banking and Finance,Medium (201-500),Michael Brown,2024-04-28,SAAS,Opportunity,5,Won,5.0,2792,30,2025-01-30,,2024,2024-04,277,,True,False,True,False,True,Medium (201-500)
Simonis and Sons,Switzerland,46.204391,6.143158,Banking and Finance,Medium (201-500),John Smith,2024-01-11,Custom solution,Opportunity,5,Won,5.0,7714,60,2024-11-11,,2024,2024-01,305,,True,False,True,False,False,Medium (201-500)
Schinner-Paucek,Germany,52.520008,13.404954,Education & Science,Medium (201-500),John Smith,2024-04-09,Services,Opportunity,5,Won,5.0,774,30,2024-09-09,,2024,2024-04,153,,True,False,True,False,False,Medium (201-500)
"Hirthe, Keebler and Beahan",Italy,41.902782,12.496366,Government Administration Healthcare,Medium (201-500),Laura Thompson,2024-05-08,SAAS,Opportunity,5,Won,5.0,4719,60,2025-04-27,,2024,2024-05,354,,True,False,True,False,True,Medium (201-500)
Koch-Swaniawski,Belgium,51.260197,4.402771,Banking and Finance,Medium (201-500),Laura Thompson,2024-05-23,SAAS,Opportunity,5,Won,5.0,984,30,2024-06-17,,2024,2024-05,25,,True,False,True,False,True,Medium (201-500)
"Abbott, Greenholt and Schimmel",Belgium,51.260197,4.402771,Telecommunications,Medium (201-500),John Smith,2024-02-26,SAAS,Opportunity,5,Won,5.0,2665,40,2024-12-06,,2024,2024-02,284,,True,False,True,False,True,Medium (201-500)
Shields-Corkery,Italy,41.902782,12.496366,Transportation & Logistics,Medium (201-500),Jessica Martinez,2024-03-12,Services,Opportunity,5,Won,5.0,225,40,2024-04-07,,2024,2024-03,26,,True,False,True,False,False,Medium (201-500)
"Terry, Miller and Daugherty",Italy,41.902782,12.496366,Government Administration Healthcare,Medium (201-500),Jessica Martinez,2024-02-21,Custom solution,Opportunity,5,Won,5.0,412,30,2024-12-11,,2024,2024-02,294,,True,False,True,False,False,Medium (201-500)
"Kshlerin, Monahan and Jerde",Germany,52.520008,13.404954,Banking and Finance,Medium (201-500),Michael Brown,2024-03-23,SAAS,Opportunity,5,Won,5.0,5878,40,2024-09-27,,2024,2024-03,188,,True,False,True,False,True,Medium (201-500)
"Heaney, Mayer and Tromp",Italy,41.902782,12.496366,Entertainment & Media & Hospitality,Medium (201-500),Laura Thompson,2024-03-30,Custom solution,Opportunity,5,Won,5.0,5193,70,2024-11-17,,2024,2024-03,232,,True,False,True,False,False,Medium (201-500)
Becker-Mann,Portugal,38.736946,-9.142685,IT & IT Services,Medium (201-500),Laura Thompson,2024-03-05,SAAS,Opportunity,5,Won,5.0,3104,20,2025-02-18,,2024,2024-03,350,,True,False,True,False,True,Medium (201-500)
Ziemann-Becker,France,48.864716,2.349014,Transportation & Logistics,Medium (201-500),Emily Johnson,2024-04-28,SAAS,Opportunity,5,Won,5.0,369,60,2024-06-28,,2024,2024-04,61,,True,False,True,False,True,Medium (201-500)
"Klocko, Sanford and Mertz",Netherlands,52.370216,4.895168,IT & IT Services,Medium (201-500),Laura Thompson,2024-04-18,Services,Opportunity,5,Won,5.0,7428,90,2024-05-24,,2024,2024-04,36,,True,False,True,False,False,Medium (201-500)
"Hand, Gutmann and Ruecker",Belgium,51.260197,4.402771,Transportation & Logistics,Medium (201-500),Laura Thompson,2024-04-10,Services,Opportunity,5,Won,5.0,5810,50,2024-05-21,,2024,2024-04,41,,True,False,True,False,False,Medium (201-500)
Balistreri Inc,Italy,41.902782,12.496366,IT & IT Services,Medium (201-500),Sarah Davis,2024-03-20,SAAS,Opportunity,5,Won,5.0,3930,20,2024-06-20,,2024,2024-03,92,,True,False,True,False,True,Medium (201-500)
Medhurst-Wintheiser,Italy,41.902782,12.496366,IT & IT Services,Medium (201-500),Emily Johnson,2024-05-07,SAAS,Opportunity,5,Won,5.0,225,50,2024-06-27,,2024,2024-05,51,,True,False,True,False,True,Medium (201-500)
"Braun, Schamberger and McKenzie",Italy,41.902782,12.496366,Energy & Utilities,Large (501-1000),Sarah Davis,2024-02-08,Services,Opportunity,5,Won,5.0,16393,50,2024-05-31,,2024,2024-02,113,,True,False,True,False,False,Large (501-1000)
Gutkowski Inc,Switzerland,46.204391,6.143158,Banking and Finance,Enterprise (1001+),Sarah Davis,2024-02-08,Custom solution,Opportunity,5,Won,5.0,6516,90,2024-12-01,,2024,2024-02,297,,True,False,True,False,False,Enterprise (1001+)
Wunsch Group,Germany,52.520008,13.404954,Banking and Finance,Enterprise (1001+),Michael Brown,2024-02-10,Custom solution,Opportunity,5,Won,5.0,5433,30,2024-05-02,,2024,2024-02,82,,True,False,True,False,False,Enterprise (1001+)
Twitterworks,Germany,52.520008,13.404954,Transportation & Logistics,Small (11-200),Kevin Anderson,2024-03-29,Services,Qualified,2,,,1044,40,2025-03-02,,2024,2024-03,338,,False,False,False,False,False,Small (11-200)
Demizz,Germany,52.520008,13.404954,Government Administration Healthcare,Small (11-200),Michael Brown,2024-04-15,Custom solution,Qualified,2,,,1251,30,2024-07-21,,2024,2024-04,97,,False,False,False,False,False,Small (11-200)
Voomm,Spain,40.416775,-3.70379,IT & IT Services,Small (11-200),Laura Thompson,2024-02-02,SAAS,Qualified,2,,,1825,60,2024-06-24,,2024,2024-02,143,,False,False,False,False,True,Small (11-200)
Zazio,Italy,41.902782,12.496366,IT & IT Services,Small (11-200),Michael Brown,2024-01-02,Services,Qualified,2,,,1812,80,2024-03-29,,2024,2024-01,87,,False,False,False,False,False,Small (11-200)
Bubblebox,France,48.864716,2.349014,Government Administration Healthcare,Small (11-200),Jessica Martinez,2024-04-29,SAAS,Qualified,2,,,1948,70,2025-03-24,,2024,2024-04,329,,False,False,False,False,True,Small (11-200)
Chatterbridge,Portugal,38.736946,-9.142685,IT & IT Services,Small (11-200),Jessica Martinez,2024-01-22,SAAS,Qualified,2,,,978,20,2024-08-31,,2024,2024-01,222,,False,False,False,False,True,Small (11-200)
Linkbridge,Portugal,38.736946,-9.142685,Telecommunications,Small (11-200),Jessica Martinez,2024-03-12,SAAS,Qualified,2,,,1815,70,2025-01-28,,2024,2024-03,322,,False,False,False,False,True,Small (11-200)
DabZ,Italy,41.902782,12.496366,Telecommunications,Small (11-200),Jessica Martinez,2024-01-20,SAAS,Qualified,2,,,879,100,2024-06-27,,2024,2024-01,159,,False,False,False,False,True,Small (11-200)
Gabvine,France,48.864716,2.349014,Telecommunications,Small (11-200),John Smith,2024-03-01,Services,Qualified,2,,,665,40,2024-07-01,,2024,2024-03,122,,False,False,False,False,False,Small (11-200)
Voolith,Italy,41.902782,12.496366,Transportation & Logistics,Small (11-200),Laura Thompson,2024-05-31,SAAS,Qualified,2,,,268,40,2024-06-23,,2024,2024-05,23,,False,False,False,False,True,Small (11-200)
Eire,Italy,41.902782,12.496366,Manufacturing & Production,Small (11-200),Kevin Anderson,2024-04-24,Custom solution,Qualified,2,,,1387,50,2025-02-14,,2024,2024-04,296,,False,False,False,False,False,Small (11-200)
Devpoint,Belgium,51.260197,4.402771,Education & Science,Small (11-200),David Wilson,2024-03-01,SAAS,Qualified,2,,,207,40,2024-09-04,,2024,2024-03,187,,False,False,False,False,True,Small (11-200)
Twimbo,Spain,40.416775,-3.70379,Education & Science,Small (11-200),Laura Thompson,2024-02-10,Services,Qualified,2,,,1239,20,2024-07-27,,2024,2024-02,168,,False,False,False,False,False,Small (11-200)
Youfeed,Germany,52.520008,13.404954,Transportation & Logistics,Small (11-200),Laura Thompson,2024-04-17,SAAS,Qualified,2,,,588,20,2024-12-29,,2024,2024-04,256,,False,False,False,False,True,Small (11-200)
Realcube,Germany,52.520008,13.404954,Government Administration Healthcare,Small (11-200),Jessica Martinez,2024-01-15,SAAS,Qualified,2,,,900,50,2024-10-20,,2024,2024-01,279,,False,False,False,False,True,Small (11-200)
Mycat,Germany,52.520008,13.404954,Transportation & Logistics,Small (11-200),David Wilson,2024-05-03,SAAS,Qualified,2,,,1326,60,2025-04-03,,2024,2024-05,335,,False,False,False,False,True,Small (11-200)
Innojam,Italy,41.902782,12.496366,Transportation & Logistics,Small (11-200),Emily Johnson,2024-04-03,SAAS,Qualified,2,,,1553,40,2025-02-10,,2024,2024-04,313,,False,False,False,False,True,Small (11-200)
Twinder,Spain,40.416775,-3.70379,Manufacturing & Production,Small (11-200),Jessica Martinez,2024-01-31,Services,Qualified,2,,,1888,30,2024-08-17,,2024,2024-01,199,,False,False,False,False,False,Small (11-200)
Reallinks,Switzerland,46.204391,6.143158,Transportation & Logistics,Small (11-200),Michael Brown,2024-02-29,Custom solution,Qualified,2,,,382,100,2024-07-31,,2024,2024-02,153,,False,False,False,False,False,Small (11-200)
Einti,Spain,40.416775,-3.70379,Construction & Engineering,Small (11-200),Michael Brown,2024-03-17,SAAS,Qualified,2,,,931,40,2024-06-01,,2024,2024-03,76,,False,False,False,False,True,Small (11-200)
Meevee,Italy,41.902782,12.496366,Energy & Utilities,Small (11-200),Kevin Anderson,2024-02-01,Services,Qualified,2,,,382,60,2024-11-25,,2024,2024-02,298,,False,False,False,False,False,Small (11-200)
Zoomcast,Germany,52.520008,13.404954,Banking and Finance,Small (11-200),Sarah Davis,2024-02-10,Services,Qualified,2,,,547,50,2024-08-06,,2024,2024-02,178,,False,False,False,False,False,Small (11-200)
Demimbu,Germany,52.520008,13.404954,Energy & Utilities,Small (11-200),Jessica Martinez,2024-04-01,Services,Qualified,2,,,1545,90,2024-08-19,,2024,2024-04,140,,False,False,False,False,False,Small (11-200)
Vipe,Italy,41.902782,12.496366,IT & IT Services,Small (11-200),Laura Thompson,2024-01-13,SAAS,Qualified,2,,,1779,80,2024-09-05,,2024,2024-01,236,,False,False,False,False,True,Small (11-200)
Twitterbeat,Germany,52.520008,13.404954,Professional Services  & Consulting,Small (11-200),Laura Thompson,2024-03-30,SAAS,Qualified,2,,,332,30,2024-07-14,,2024,2024-03,106,,False,False,False,False,True,Small (11-200)
Topicshots,Switzerland,46.204391,6.143158,Banking and Finance,Small (11-200),Kevin Anderson,2024-01-29,Custom solution,Qualified,2,,,655,10,2025-01-11,,2024,2024-01,348,,False,False,False,False,False,Small (11-200)
Quire,Italy,41.902782,12.496366,Transportation & Logistics,Small (11-200),Michael Brown,2024-05-25,SAAS,Qualified,2,,,955,20,2024-09-09,,2024,2024-05,107,,False,False,False,False,True,Small (11-200)
Emmerich and Sons,Switzerland,46.204391,6.143158,Manufacturing & Production,Small (11-200),Sarah Davis,2024-03-06,Services,Qualified,2,,,923,60,2024-07-03,,2024,2024-03,119,,False,False,False,False,False,Small (11-200)
McKenzie LLC,Italy,41.902782,12.496366,Transportation & Logistics,Small (11-200),Laura Thompson,2024-05-01,SAAS,Qualified,2,,,581,40,2024-06-18,,2024,2024-05,48,,False,False,False,False,True,Small (11-200)
Lueilwitz-Cole,Germany,52.520008,13.404954,IT & IT Services,Small (11-200),Sarah Davis,2024-01-19,SAAS,Qualified,2,,,1911,90,2024-05-27,,2024,2024-01,129,,False,False,False,False,True,Small (11-200)
Casper-Flatley,Germany,52.520008,13.404954,Banking and Finance,Small (11-200),Jessica Martinez,2024-04-21,SAAS,Qualified,2,,,1605,50,2024-12-07,,2024,2024-04,230,,False,False,False,False,True,Small (11-200)
"Paucek, Pouros and Wunsch",Germany,52.520008,13.404954,IT & IT Services,Small (11-200),John Smith,2024-04-16,SAAS,Qualified,2,,,311,50,2025-01-26,,2024,2024-04,285,,False,False,False,False,True,Small (11-200)
Crona Inc,Portugal,38.736946,-9.142685,Banking and Finance,Small (11-200),Laura Thompson,2024-01-14,SAAS,Qualified,2,,,589,20,2024-05-23,,2024,2024-01,130,,False,False,False,False,True,Small (11-200)
Waters LLC,Switzerland,46.204391,6.143158,Government Administration Healthcare,Small (11-200),Laura Thompson,2024-02-05,SAAS,Qualified,2,,,1416,20,2024-05-27,,2024,2024-02,112,,False,False,False,False,True,Small (11-200)
Wyman-Jast,Italy,41.902782,12.496366,Entertainment & Media & Hospitality,Small (11-200),John Smith,2024-01-28,Services,Qualified,2,,,1873,40,2024-05-14,,2024,2024-01,107,,False,False,False,False,False,Small (11-200)
Kuhic-Parker,Austria,48.210033,16.363449,Banking and Finance,Small (11-200),Laura Thompson,2024-02-10,SAAS,Qualified,2,,,282,20,2024-04-02,,2024,2024-02,52,,False,False,False,False,True,Small (11-200)
Swaniawski-McCullough,France,48.864716,2.349014,Transportation & Logistics,Small (11-200),Jessica Martinez,2024-03-19,SAAS,Qualified,2,,,1434,40,2024-06-10,,2024,2024-03,83,,False,False,False,False,True,Small (11-200)
DuBuque-Hartmann,Switzerland,46.204391,6.143158,Retail & Distribution,Small (11-200),Michael Brown,2024-03-17,Services,Qualified,2,,,349,50,2024-10-07,,2024,2024-03,204,,False,False,False,False,False,Small (11-200)
Spencer-Bauch,France,48.864716,2.349014,Recreation & Sports,Small (11-200),John Smith,2024-03-28,Services,Qualified,2,,,994,20,2024-06-27,,2024,2024-03,91,,False,False,False,False,False,Small (11-200)
Hand-Bernhard,Italy,41.902782,12.496366,IT & IT Services,Small (11-200),John Smith,2024-01-02,Services,Qualified,2,,,1969,20,2024-09-26,,2024,2024-01,268,,False,False,False,False,False,Small (11-200)
McLaughlin Group,Italy,41.902782,12.496366,Banking and Finance,Small (11-200),Kevin Anderson,2024-05-12,SAAS,Qualified,2,,,406,40,2024-10-18,,2024,2024-05,159,,False,False,False,False,True,Small (11-200)
Mertz-Dare,France,48.864716,2.349014,Professional Services  & Consulting,Small (11-200),Jessica Martinez,2024-05-18,Services,Qualified,2,,,1985,50,2025-01-11,,2024,2024-05,238,,False,False,False,False,False,Small (11-200)
"Simonis, Wyman and Connelly",Austria,48.210033,16.363449,Professional Services  & Consulting,Small (11-200),Sarah Davis,2024-05-22,SAAS,Qualified,2,,,668,40,2024-10-26,,2024,2024-05,157,,False,False,False,False,True,Small (11-200)
Turner LLC,France,48.864716,2.349014,IT & IT Services,Small (11-200),Kevin Anderson,2024-03-04,SAAS,Qualified,2,,,596,10,2024-06-24,,2024,2024-03,112,,False,False,False,False,True,Small (11-200)
Herzog-Kub,Belgium,51.260197,4.402771,IT & IT Services,Small (11-200),Emily Johnson,2024-03-15,Services,Qualified,2,,,1691,40,2024-12-29,,2024,2024-03,289,,False,False,False,False,False,Small (11-200)
Kris Inc,Portugal,38.736946,-9.142685,Transportation & Logistics,Small (11-200),Michael Brown,2024-01-14,Services,Qualified,2,,,1303,40,2024-07-29,,2024,2024-01,197,,False,False,False,False,False,Small (11-200)
Thompson and Sons,Switzerland,46.204391,6.143158,Transportation & Logistics,Small (11-200),Jessica Martinez,2024-05-22,Custom solution,Qualified,2,,,1520,30,2024-08-22,,2024,2024-05,92,,False,False,False,False,False,Small (11-200)
Morar-Johns,Germany,52.520008,13.404954,Recreation & Sports,Small (11-200),Jessica Martinez,2024-04-15,Custom solution,Qualified,2,,,834,30,2024-10-11,,2024,2024-04,179,,False,False,False,False,False,Small (11-200)
Hessel Inc,Italy,41.902782,12.496366,Construction & Engineering,Small (11-200),Emily Johnson,2024-01-20,SAAS,Qualified,2,,,444,20,2024-11-17,,2024,2024-01,302,,False,False,False,False,True,Small (11-200)
Wiegand-Braun,France,48.864716,2.349014,IT & IT Services,Small (11-200),David Wilson,2024-03-02,SAAS,Qualified,2,,,1067,40,2024-07-23,,2024,2024-03,143,,False,False,False,False,True,Small (11-200)
"VonRueden, Kreiger and McGlynn",Italy,41.902782,12.496366,Professional Services  & Consulting,Small (11-200),Emily Johnson,2024-05-31,SAAS,Qualified,2,,,958,40,2025-05-11,,2024,2024-05,345,,False,False,False,False,True,Small (11-200)
Schmitt-Vandervort,Austria,48.210033,16.363449,Agriculture & Mining,Small (11-200),John Smith,2024-05-01,Services,Qualified,2,,,1017,30,2024-10-27,,2024,2024-05,179,,False,False,False,False,False,Small (11-200)
Nicolas and Sons,Italy,41.902782,12.496366,IT & IT Services,Small (11-200),John Smith,2024-01-15,SAAS,Qualified,2,,,1621,40,2024-08-23,,2024,2024-01,221,,False,False,False,False,True,Small (11-200)
"Stanton, Stracke and Hegmann",France,48.864716,2.349014,Transportation & Logistics,Small (11-200),Laura Thompson,2024-04-08,SAAS,Qualified,2,,,604,20,2024-09-14,,2024,2024-04,159,,False,False,False,False,True,Small (11-200)
"Kuvalis, McClure and Leannon",Austria,48.210033,16.363449,Construction & Engineering,Small (11-200),Laura Thompson,2024-01-27,SAAS,Qualified,2,,,1943,90,2025-01-13,,2024,2024-01,352,,False,False,False,False,True,Small (11-200)
"Berge, Tremblay and Langworth",Portugal,38.736946,-9.142685,Professional Services  & Consulting,Small (11-200),Jessica Martinez,2024-01-13,SAAS,Qualified,2,,,1019,20,2024-09-21,,2024,2024-01,252,,False,False,False,False,True,Small (11-200)
Schiller Group,Austria,48.210033,16.363449,Banking and Finance,Small (11-200),Michael Brown,2024-05-05,Custom solution,Qualified,2,,,1623,20,2024-08-31,,2024,2024-05,118,,False,False,False,False,False,Small (11-200)
Considine Group,Switzerland,46.204391,6.143158,IT & IT Services,Small (11-200),Emily Johnson,2024-05-23,Services,Qualified,2,,,466,30,2024-12-31,,2024,2024-05,222,,False,False,False,False,False,Small (11-200)
Hammes Group,Germany,52.520008,13.404954,Energy & Utilities,Small (11-200),Laura Thompson,2024-01-29,Services,Qualified,2,,,444,50,2024-10-06,,2024,2024-01,251,,False,False,False,False,False,Small (11-200)
O'Reilly-Ruecker,Portugal,38.736946,-9.142685,Banking and Finance,Small (11-200),Laura Thompson,2024-02-23,Services,Qualified,2,,,1748,50,2024-11-29,,2024,2024-02,280,,False,False,False,False,False,Small (11-200)
"Kreiger, Pfannerstill and Spencer",Italy,41.902782,12.496366,Government Administration Healthcare,Small (11-200),John Smith,2024-02-10,SAAS,Qualified,2,,,1276,50,2024-07-09,,2024,2024-02,150,,False,False,False,False,True,Small (11-200)
"Schoen, Langworth and Howe",Belgium,51.260197,4.402771,Banking and Finance,Small (11-200),Michael Brown,2024-05-01,SAAS,Qualified,2,,,1968,100,2024-07-26,,2024,2024-05,86,,False,False,False,False,True,Small (11-200)
Hartmann Group,Portugal,38.736946,-9.142685,Banking and Finance,Small (11-200),Laura Thompson,2024-03-23,SAAS,Qualified,2,,,500,40,2025-01-06,,2024,2024-03,289,,False,False,False,False,True,Small (11-200)
"Swaniawski, Stokes and Beatty",Germany,52.520008,13.404954,Transportation & Logistics,Small (11-200),Kevin Anderson,2024-01-08,Custom solution,Qualified,2,,,494,20,2024-04-11,,2024,2024-01,94,,False,False,False,False,False,Small (11-200)
"Rohan, Bogisich and Herman",Belgium,51.260197,4.402771,Recreation & Sports,Small (11-200),Emily Johnson,2024-05-12,Services,Qualified,2,,,1307,20,2024-12-16,,2024,2024-05,218,,False,False,False,False,False,Small (11-200)
Toy LLC,Italy,41.902782,12.496366,IT & IT Services,Small (11-200),Michael Brown,2024-04-18,SAAS,Qualified,2,,,1913,40,2024-05-27,,2024,2024-04,39,,False,False,False,False,True,Small (11-200)
"Raynor, Hand and Grady",France,48.864716,2.349014,Construction & Engineering,Small (11-200),Sarah Davis,2024-02-24,SAAS,Qualified,2,,,1519,90,2024-10-15,,2024,2024-02,234,,False,False,False,False,True,Small (11-200)
Corwin-Nolan,Germany,52.520008,13.404954,Construction & Engineering,Small (11-200),Laura Thompson,2024-03-31,Services,Qualified,2,,,1323,40,2025-02-10,,2024,2024-03,316,,False,False,False,False,False,Small (11-200)
Green-Jenkins,Spain,40.416775,-3.70379,Retail & Distribution,Small (11-200),David Wilson,2024-01-10,Custom solution,Qualified,2,,,304,30,2024-05-04,,2024,2024-01,115,,False,False,False,False,False,Small (11-200)
"Bogan, Schmeler and Schimmel",Italy,41.902782,12.496366,Energy & Utilities,Small (11-200),Michael Brown,2024-02-14,SAAS,Qualified,2,,,762,20,2024-06-29,,2024,2024-02,136,,False,False,False,False,True,Small (11-200)
Mitchell Inc,Germany,52.520008,13.404954,Professional Services  & Consulting,Small (11-200),Emily Johnson,2024-04-04,SAAS,Qualified,2,,,834,30,2024-05-16,,2024,2024-04,42,,False,False,False,False,True,Small (11-200)
"Reichel, Spencer and Rau",Switzerland,46.204391,6.143158,IT & IT Services,Small (11-200),Michael Brown,2024-02-26,Services,Qualified,2,,,1973,50,2024-12-21,,2024,2024-02,299,,False,False,False,False,False,Small (11-200)
"Feeney, Schneider and Boyle",France,48.864716,2.349014,IT & IT Services,Small (11-200),Michael Brown,2024-02-29,Services,Qualified,2,,,1850,30,2024-10-02,,2024,2024-02,216,,False,False,False,False,False,Small (11-200)
Sipes Group,Italy,41.902782,12.496366,Professional Services  & Consulting,Small (11-200),Laura Thompson,2024-01-11,SAAS,Qualified,2,,,1222,40,2024-05-07,,2024,2024-01,117,,False,False,False,False,True,Small (11-200)
Kunze and Sons,Spain,40.416775,-3.70379,Banking and Finance,Small (11-200),Laura Thompson,2024-02-03,SAAS,Qualified,2,,,992,30,2024-09-04,,2024,2024-02,214,,False,False,False,False,True,Small (11-200)
Schaden-Rau,Austria,48.210033,16.363449,Banking and Finance,Small (11-200),Kevin Anderson,2024-05-24,Services,Qualified,2,,,1488,40,2024-08-02,,2024,2024-05,70,,False,False,False,False,False,Small (11-200)
Jenkins and Sons,Netherlands,52.370216,4.895168,Professional Services  & Consulting,Small (11-200),Kevin Anderson,2024-01-27,SAAS,Qualified,2,,,1636,20,2024-04-17,,2024,2024-01,81,,False,False,False,False,True,Small (11-200)
"Dibbert, Parisian and Stiedemann",Italy,41.902782,12.496366,IT & IT Services,Small (11-200),Sarah Davis,2024-03-01,Custom solution,Qualified,2,,,296,40,2024-09-14,,2024,2024-03,197,,False,False,False,False,False,Small (11-200)
Daniel and Sons,Portugal,38.736946,-9.142685,Government Administration Healthcare,Small (11-200),Laura Thompson,2024-05-02,SAAS,Qualified,2,,,1927,10,2024-09-05,,2024,2024-05,126,,False,False,False,False,True,Small (11-200)
Ullrich-Runte,Italy,41.902782,12.496366,Transportation & Logistics,Small (11-200),Laura Thompson,2024-04-23,Services,Qualified,2,,,1958,50,2025-04-07,,2024,2024-04,349,,False,False,False,False,False,Small (11-200)
Gorczany LLC,Germany,52.520008,13.404954,Agriculture & Mining,Small (11-200),David Wilson,2024-03-12,SAAS,Qualified,2,,,1396,10,2024-09-09,,2024,2024-03,181,,False,False,False,False,True,Small (11-200)
Mayert-Heller,France,48.864716,2.349014,Transportation & Logistics,Small (11-200),Kevin Anderson,2024-05-21,SAAS,Qualified,2,,,205,20,2024-11-07,,2024,2024-05,170,,False,False,False,False,True,Small (11-200)
Schoen-Gutmann,Switzerland,46.204391,6.143158,IT & IT Services,Small (11-200),Emily Johnson,2024-01-22,SAAS,Qualified,2,,,951,100,2024-03-02,,2024,2024-01,40,,False,False,False,False,True,Small (11-200)
Langosh-Kunde,Italy,41.902782,12.496366,Government Administration Healthcare,Small (11-200),John Smith,2024-01-29,SAAS,Qualified,2,,,271,80,2024-10-04,,2024,2024-01,249,,False,False,False,False,True,Small (11-200)
Harvey and Sons,Italy,41.902782,12.496366,Construction & Engineering,Small (11-200),Laura Thompson,2024-03-29,Services,Qualified,2,,,740,30,2024-12-06,,2024,2024-03,252,,False,False,False,False,False,Small (11-200)
Shanahan-Emard,Germany,52.520008,13.404954,Telecommunications,Small (11-200),Emily Johnson,2024-05-11,SAAS,Qualified,2,,,1520,40,2025-05-07,,2024,2024-05,361,,False,False,False,False,True,Small (11-200)
Goldner-Carter,Belgium,51.260197,4.402771,Professional Services  & Consulting,Small (11-200),Laura Thompson,2024-04-02,Services,Qualified,2,,,774,20,2024-05-22,,2024,2024-04,50,,False,False,False,False,False,Small (11-200)
McClure and Sons,Italy,41.902782,12.496366,IT & IT Services,Small (11-200),Michael Brown,2024-01-12,SAAS,Qualified,2,,,373,70,2024-12-10,,2024,2024-01,333,,False,False,False,False,True,Small (11-200)
Nicolas Group,Spain,40.416775,-3.70379,Recreation & Sports,Small (11-200),Jessica Martinez,2024-02-07,Services,Qualified,2,,,1382,40,2024-09-06,,2024,2024-02,212,,False,False,False,False,False,Small (11-200)
"Stanton, Gislason and Mosciski",Italy,41.902782,12.496366,Construction & Engineering,Small (11-200),John Smith,2024-01-31,Custom solution,Qualified,2,,,1247,30,2025-01-13,,2024,2024-01,348,,False,False,False,False,False,Small (11-200)
Ward-DuBuque,France,48.864716,2.349014,Professional Services  & Consulting,Small (11-200),Sarah Davis,2024-01-22,Services,Qualified,2,,,1780,40,2025-01-02,,2024,2024-01,346,,False,False,False,False,False,Small (11-200)
Willms Group,Switzerland,46.204391,6.143158,IT & IT Services,Small (11-200),John Smith,2024-03-24,Services,Qualified,2,,,1589,10,2024-11-28,,2024,2024-03,249,,False,False,False,False,False,Small (11-200)
"Towne, Koss and Romaguera",Italy,41.902782,12.496366,Telecommunications,Small (11-200),David Wilson,2024-02-29,SAAS,Qualified,2,,,303,20,2024-12-30,,2024,2024-02,305,,False,False,False,False,True,Small (11-200)
"Treutel, Carter and Daniel",Netherlands,52.370216,4.895168,Banking and Finance,Small (11-200),Laura Thompson,2024-02-23,SAAS,Qualified,2,,,348,20,2024-07-06,,2024,2024-02,134,,False,False,False,False,True,Small (11-200)
Brekke LLC,Portugal,38.736946,-9.142685,IT & IT Services,Small (11-200),Laura Thompson,2024-02-08,SAAS,Qualified,2,,,1908,40,2024-04-17,,2024,2024-02,69,,False,False,False,False,True,Small (11-200)
Franecki and Sons,Germany,52.520008,13.404954,Banking and Finance,Small (11-200),John Smith,2024-01-06,Services,Qualified,2,,,433,50,2024-04-11,,2024,2024-01,96,,False,False,False,False,False,Small (11-200)
Ondricka-Heller,France,48.864716,2.349014,Transportation & Logistics,Small (11-200),Kevin Anderson,2024-03-26,Custom solution,Qualified,2,,,325,40,2024-06-18,,2024,2024-03,84,,False,False,False,False,False,Small (11-200)
"Heidenreich, Hirthe and Kohler",Belgium,51.260197,4.402771,Banking and Finance,Small (11-200),Emily Johnson,2024-01-29,SAAS,Qualified,2,,,970,20,2024-11-21,,2024,2024-01,297,,False,False,False,False,True,Small (11-200)
Donnelly-O'Keefe,Italy,41.902782,12.496366,IT & IT Services,Small (11-200),Michael Brown,2024-02-26,SAAS,Qualified,2,,,325,20,2024-06-08,,2024,2024-02,103,,False,False,False,False,True,Small (11-200)
Johnston LLC,Switzerland,46.204391,6.143158,Banking and Finance,Small (11-200),Laura Thompson,2024-05-19,Services,Qualified,2,,,206,20,2025-01-15,,2024,2024-05,241,,False,False,False,False,False,Small (11-200)
Runolfsdottir Inc,Germany,52.520008,13.404954,Manufacturing & Production,Small (11-200),Jessica Martinez,2024-01-15,Services,Qualified,2,,,1001,50,2025-01-03,,2024,2024-01,354,,False,False,False,False,False,Small (11-200)
Glover Inc,Switzerland,46.204391,6.143158,IT & IT Services,Small (11-200),Laura Thompson,2024-03-23,Services,Qualified,2,,,842,30,2024-05-08,,2024,2024-03,46,,False,False,False,False,False,Small (11-200)
Swaniawski-DuBuque,Germany,52.520008,13.404954,Recreation & Sports,Small (11-200),Laura Thompson,2024-04-01,Services,Qualified,2,,,300,60,2025-03-18,,2024,2024-04,351,,False,False,False,False,False,Small (11-200)
"Schneider, Lowe and O'Kon",Italy,41.902782,12.496366,Energy & Utilities,Small (11-200),Jessica Martinez,2024-01-04,Services,Qualified,2,,,1204,50,2024-06-10,,2024,2024-01,158,,False,False,False,False,False,Small (11-200)
Bergstrom and Sons,Austria,48.210033,16.363449,Transportation & Logistics,Small (11-200),Kevin Anderson,2024-05-03,SAAS,Qualified,2,,,1834,40,2024-11-27,,2024,2024-05,208,,False,False,False,False,True,Small (11-200)
"Lueilwitz, Rodriguez and Wiegand",Italy,41.902782,12.496366,Professional Services  & Consulting,Small (11-200),Sarah Davis,2024-05-17,Services,Qualified,2,,,444,30,2025-05-07,,2024,2024-05,355,,False,False,False,False,False,Small (11-200)
"Nitzsche, Howe and Anderson",France,48.864716,2.349014,IT & IT Services,Small (11-200),Sarah Davis,2024-02-13,Services,Qualified,2,,,1107,20,2024-10-19,,2024,2024-02,249,,False,False,False,False,False,Small (11-200)
"Durgan, McLaughlin and Will",Italy,41.902782,12.496366,Education & Science,Small (11-200),Michael Brown,2024-03-07,Services,Qualified,2,,,322,50,2024-09-16,,2024,2024-03,193,,False,False,False,False,False,Small (11-200)
"Terry, Mayer and Wehner",Portugal,38.736946,-9.142685,Government Administration Healthcare,Small (11-200),Michael Brown,2024-02-11,Custom solution,Qualified,2,,,1872,100,2024-12-15,,2024,2024-02,308,,False,False,False,False,False,Small (11-200)
"Metz, Heaney and Hand",Belgium,51.260197,4.402771,Transportation & Logistics,Small (11-200),Michael Brown,2024-05-04,SAAS,Qualified,2,,,1774,90,2024-12-26,,2024,2024-05,236,,False,False,False,False,True,Small (11-200)
Wilderman Group,France,48.864716,2.349014,Recreation & Sports,Small (11-200),Jessica Martinez,2024-03-26,SAAS,Qualified,2,,,1981,30,2025-03-01,,2024,2024-03,340,,False,False,False,False,True,Small (11-200)
"MacGyver, McGlynn and Buckridge",Portugal,38.736946,-9.142685,Manufacturing & Production,Small (11-200),Laura Thompson,2024-01-27,Custom solution,Qualified,2,,,1478,20,2024-05-30,,2024,2024-01,124,,False,False,False,False,False,Small (11-200)
Veum-Friesen,Germany,52.520008,13.404954,Professional Services  & Consulting,Small (11-200),David Wilson,2024-02-21,Custom solution,Qualified,2,,,1199,40,2024-11-08,,2024,2024-02,261,,False,False,False,False,False,Small (11-200)
"Dibbert, Hayes and Doyle",Germany,52.520008,13.404954,Banking and Finance,Small (11-200),Emily Johnson,2024-01-08,SAAS,Qualified,2,,,1042,20,2024-03-26,,2024,2024-01,78,,False,False,False,False,True,Small (11-200)
Bechtelar LLC,Germany,52.520008,13.404954,IT & IT Services,Small (11-200),Kevin Anderson,2024-05-14,SAAS,Qualified,2,,,299,40,2025-03-06,,2024,2024-05,296,,False,False,False,False,True,Small (11-200)
"Crist, Cole and Hegmann",Switzerland,46.204391,6.143158,Government Administration Healthcare,Small (11-200),Jessica Martinez,2024-01-21,SAAS,Qualified,2,,,1361,100,2024-07-05,,2024,2024-01,166,,False,False,False,False,True,Small (11-200)
"Kihn, Gusikowski and Kris",Switzerland,46.204391,6.143158,IT & IT Services,Small (11-200),Michael Brown,2024-01-23,Services,Qualified,2,,,1946,90,2024-03-18,,2024,2024-01,55,,False,False,False,False,False,Small (11-200)
Farrell and Sons,Portugal,38.736946,-9.142685,Telecommunications,Small (11-200),Laura Thompson,2024-02-09,Custom solution,Qualified,2,,,1528,50,2024-09-20,,2024,2024-02,224,,False,False,False,False,False,Small (11-200)
Cummings-Williamson,Italy,41.902782,12.496366,Transportation & Logistics,Small (11-200),Laura Thompson,2024-03-29,SAAS,Qualified,2,,,1513,50,2025-03-25,,2024,2024-03,361,,False,False,False,False,True,Small (11-200)
Ritchie LLC,Italy,41.902782,12.496366,Telecommunications,Small (11-200),Laura Thompson,2024-01-20,Services,Qualified,2,,,1901,10,2024-04-18,,2024,2024-01,89,,False,False,False,False,False,Small (11-200)
Ritchie-Luettgen,France,48.864716,2.349014,Retail & Distribution,Small (11-200),Laura Thompson,2024-04-30,Custom solution,Qualified,2,,,1584,60,2024-11-25,,2024,2024-04,209,,False,False,False,False,False,Small (11-200)
Davis-Keebler,Italy,41.902782,12.496366,Transportation & Logistics,Small (11-200),Michael Brown,2024-03-29,Services,Qualified,2,,,226,20,2025-03-24,,2024,2024-03,360,,False,False,False,False,False,Small (11-200)
Tremblay-Will,Italy,41.902782,12.496366,Professional Services  & Consulting,Small (11-200),Laura Thompson,2024-03-26,Custom solution,Qualified,2,,,383,30,2024-07-30,,2024,2024-03,126,,False,False,False,False,False,Small (11-200)
Runte-O'Connell,Portugal,38.736946,-9.142685,Professional Services  & Consulting,Small (11-200),Emily Johnson,2024-02-13,SAAS,Qualified,2,,,728,60,2024-06-06,,2024,2024-02,114,,False,False,False,False,True,Small (11-200)
Ziemann Group,Spain,40.416775,-3.70379,Transportation & Logistics,Small (11-200),Emily Johnson,2024-02-05,Services,Qualified,2,,,258,30,2025-01-30,,2024,2024-02,360,,False,False,False,False,False,Small (11-200)
Pacocha Group,Portugal,38.736946,-9.142685,Education & Science,Small (11-200),Laura Thompson,2024-03-22,Services,Qualified,2,,,466,30,2024-11-15,,2024,2024-03,238,,False,False,False,False,False,Small (11-200)
Runte-Feeney,Portugal,38.736946,-9.142685,Manufacturing & Production,Small (11-200),Jessica Martinez,2024-05-06,SAAS,Qualified,2,,,1459,80,2024-08-22,,2024,2024-05,108,,False,False,False,False,True,Small (11-200)
Zemlak-Brekke,France,48.864716,2.349014,IT & IT Services,Small (11-200),Kevin Anderson,2024-02-20,SAAS,Qualified,2,,,568,100,2024-12-23,,2024,2024-02,307,,False,False,False,False,True,Small (11-200)
Conn LLC,Austria,48.210033,16.363449,Government Administration Healthcare,Small (11-200),Jessica Martinez,2024-01-27,SAAS,Qualified,2,,,1826,30,2024-06-01,,2024,2024-01,126,,False,False,False,False,True,Small (11-200)
Gibson-Ullrich,Germany,52.520008,13.404954,Banking and Finance,Small (11-200),John Smith,2024-02-03,SAAS,Qualified,2,,,1939,70,2024-08-11,,2024,2024-02,190,,False,False,False,False,True,Small (11-200)
"Parker, Spencer and O'Conner",Italy,41.902782,12.496366,IT & IT Services,Small (11-200),Laura Thompson,2024-05-24,Custom solution,Qualified,2,,,1039,40,2024-12-15,,2024,2024-05,205,,False,False,False,False,False,Small (11-200)
Maggio-Lehner,Italy,41.902782,12.496366,Banking and Finance,Small (11-200),Laura Thompson,2024-02-29,SAAS,Qualified,2,,,247,30,2024-10-23,,2024,2024-02,237,,False,False,False,False,True,Small (11-200)
Yost-Ratke,France,48.864716,2.349014,Transportation & Logistics,Small (11-200),Laura Thompson,2024-05-23,Custom solution,Qualified,2,,,274,20,2025-01-13,,2024,2024-05,235,,False,False,False,False,False,Small (11-200)
McGlynn-Nitzsche,Italy,41.902782,12.496366,Construction & Engineering,Small (11-200),Laura Thompson,2024-03-27,Custom solution,Qualified,2,,,686,90,2024-08-15,,2024,2024-03,141,,False,False,False,False,False,Small (11-200)
Schuster-Pfeffer,Germany,52.520008,13.404954,Recreation & Sports,Small (11-200),Emily Johnson,2024-01-28,Services,Qualified,2,,,1568,20,2024-04-21,,2024,2024-01,84,,False,False,False,False,False,Small (11-200)
"Hagenes, Schinner and Leannon",Germany,52.520008,13.404954,Transportation & Logistics,Small (11-200),Laura Thompson,2024-01-08,Services,Qualified,2,,,1191,80,2024-07-06,,2024,2024-01,180,,False,False,False,False,False,Small (11-200)
Fahey-Kozey,Austria,48.210033,16.363449,Transportation & Logistics,Small (11-200),Emily Johnson,2024-03-30,Services,Qualified,2,,,386,50,2025-01-21,,2024,2024-03,297,,False,False,False,False,False,Small (11-200)
Harber LLC,Germany,52.520008,13.404954,IT & IT Services,Small (11-200),Jessica Martinez,2024-01-02,Services,Qualified,2,,,535,20,2024-08-23,,2024,2024-01,234,,False,False,False,False,False,Small (11-200)
"Wunsch, Spencer and Baumbach",Switzerland,46.204391,6.143158,Manufacturing & Production,Small (11-200),Laura Thompson,2024-04-22,Custom solution,Qualified,2,,,1832,50,2025-03-11,,2024,2024-04,323,,False,False,False,False,False,Small (11-200)
Lindgren Group,Portugal,38.736946,-9.142685,Construction & Engineering,Small (11-200),Michael Brown,2024-03-20,Services,Qualified,2,,,1175,40,2024-04-26,,2024,2024-03,37,,False,False,False,False,False,Small (11-200)
"Moore, Emard and Larkin",Germany,52.520008,13.404954,Telecommunications,Small (11-200),Jessica Martinez,2024-05-13,Services,Qualified,2,,,894,50,2024-11-12,,2024,2024-05,183,,False,False,False,False,False,Small (11-200)
Bahringer LLC,Switzerland,46.204391,6.143158,IT & IT Services,Small (11-200),Emily Johnson,2024-05-12,SAAS,Qualified,2,,,291,50,2024-08-27,,2024,2024-05,107,,False,False,False,False,True,Small (11-200)
"Koepp, Zemlak and Ortiz",Netherlands,52.370216,4.895168,Manufacturing & Production,Small (11-200),Sarah Davis,2024-03-03,Custom solution,Qualified,2,,,1118,20,2024-10-04,,2024,2024-03,215,,False,False,False,False,False,Small (11-200)
Jacobson Group,Italy,41.902782,12.496366,Agriculture & Mining,Small (11-200),Emily Johnson,2024-05-19,Services,Qualified,2,,,427,30,2024-12-21,,2024,2024-05,216,,False,False,False,False,False,Small (11-200)
Fritsch-Greenfelder,Netherlands,52.370216,4.895168,Banking and Finance,Small (11-200),Emily Johnson,2024-05-28,Custom solution,Qualified,2,,,1236,20,2025-03-20,,2024,2024-05,296,,False,False,False,False,False,Small (11-200)
"Balistreri, Mosciski and Emmerich",Switzerland,46.204391,6.143158,Banking and Finance,Small (11-200),David Wilson,2024-01-18,Services,Qualified,2,,,707,100,2024-08-03,,2024,2024-01,198,,False,False,False,False,False,Small (11-200)
Schumm and Sons,Switzerland,46.204391,6.143158,Government Administration Healthcare,Small (11-200),Laura Thompson,2024-01-28,Custom solution,Qualified,2,,,420,20,2024-05-21,,2024,2024-01,114,,False,False,False,False,False,Small (11-200)
O'Keefe LLC,Belgium,51.260197,4.402771,IT & IT Services,Small (11-200),Michael Brown,2024-05-26,SAAS,Qualified,2,,,1986,60,2025-01-30,,2024,2024-05,249,,False,False,False,False,True,Small (11-200)
"Reinger, Wiegand and O'Reilly",Spain,40.416775,-3.70379,IT & IT Services,Small (11-200),Michael Brown,2024-04-27,SAAS,Qualified,2,,,901,50,2024-07-30,,2024,2024-04,94,,False,False,False,False,True,Small (11-200)
McDermott-Jenkins,Portugal,38.736946,-9.142685,IT & IT Services,Small (11-200),Sarah Davis,2024-05-16,Services,Qualified,2,,,1164,60,2025-03-30,,2024,2024-05,318,,False,False,False,False,False,Small (11-200)
Trantow LLC,Italy,41.902782,12.496366,Entertainment & Media & Hospitality,Small (11-200),Emily Johnson,2024-05-21,SAAS,Qualified,2,,,1661,40,2025-04-06,,2024,2024-05,320,,False,False,False,False,True,Small (11-200)
Gutmann and Sons,Italy,41.902782,12.496366,Banking and Finance,Small (11-200),Michael Brown,2024-05-16,Services,Qualified,2,,,1096,20,2025-01-24,,2024,2024-05,253,,False,False,False,False,False,Small (11-200)
"Goyette, D'Amore and Murphy",France,48.864716,2.349014,IT & IT Services,Small (11-200),Emily Johnson,2024-02-10,Services,Qualified,2,,,379,40,2024-11-30,,2024,2024-02,294,,False,False,False,False,False,Small (11-200)
Beier Group,Italy,41.902782,12.496366,Education & Science,Small (11-200),John Smith,2024-04-28,SAAS,Qualified,2,,,1368,20,2024-10-30,,2024,2024-04,185,,False,False,False,False,True,Small (11-200)
McGlynn-Shanahan,Italy,41.902782,12.496366,Energy & Utilities,Small (11-200),Jessica Martinez,2024-03-26,SAAS,Qualified,2,,,1691,60,2025-02-23,,2024,2024-03,334,,False,False,False,False,True,Small (11-200)
Kuvalis-Casper,Spain,40.416775,-3.70379,Transportation & Logistics,Small (11-200),Emily Johnson,2024-05-21,Services,Qualified,2,,,543,40,2024-12-07,,2024,2024-05,200,,False,False,False,False,False,Small (11-200)
Hintz LLC,Belgium,51.260197,4.402771,IT & IT Services,Small (11-200),Emily Johnson,2024-01-06,SAAS,Qualified,2,,,231,40,2024-07-05,,2024,2024-01,181,,False,False,False,False,True,Small (11-200)
Boehm-Yundt,Italy,41.902782,12.496366,Construction & Engineering,Small (11-200),Emily Johnson,2024-05-21,SAAS,Qualified,2,,,1295,20,2024-09-03,,2024,2024-05,105,,False,False,False,False,True,Small (11-200)
"Borer, Cassin and Fahey",France,48.864716,2.349014,IT & IT Services,Small (11-200),Laura Thompson,2024-01-10,Custom solution,Qualified,2,,,730,80,2024-09-12,,2024,2024-01,246,,False,False,False,False,False,Small (11-200)
"Pfannerstill, Turcotte and Stokes",Portugal,38.736946,-9.142685,Entertainment & Media & Hospitality,Small (11-200),John Smith,2024-01-09,Custom solution,Qualified,2,,,1201,20,2024-07-30,,2024,2024-01,203,,False,False,False,False,False,Small (11-200)
Rogahn-Ward,Italy,41.902782,12.496366,Retail & Distribution,Small (11-200),Jessica Martinez,2024-02-12,SAAS,Qualified,2,,,1687,90,2025-02-06,,2024,2024-02,360,,False,False,False,False,True,Small (11-200)
Gutmann LLC,Portugal,38.736946,-9.142685,Agriculture & Mining,Small (11-200),Jessica Martinez,2024-05-28,Services,Qualified,2,,,822,30,2025-04-30,,2024,2024-05,337,,False,False,False,False,False,Small (11-200)
"Morar, Lueilwitz and Brekke",Spain,40.416775,-3.70379,Energy & Utilities,Small (11-200),David Wilson,2024-03-05,SAAS,Qualified,2,,,1008,30,2025-01-04,,2024,2024-03,305,,False,False,False,False,True,Small (11-200)
Green Inc,Portugal,38.736946,-9.142685,Manufacturing & Production,Small (11-200),Laura Thompson,2024-04-15,SAAS,Qualified,2,,,1973,30,2024-11-21,,2024,2024-04,220,,False,False,False,False,True,Small (11-200)
Beer-Schowalter,France,48.864716,2.349014,Energy & Utilities,Small (11-200),Emily Johnson,2024-04-26,Services,Qualified,2,,,1811,50,2025-03-25,,2024,2024-04,333,,False,False,False,False,False,Small (11-200)
Swift LLC,Portugal,38.736946,-9.142685,Professional Services  & Consulting,Small (11-200),Emily Johnson,2024-01-10,Custom solution,Qualified,2,,,934,40,2024-04-04,,2024,2024-01,85,,False,False,False,False,False,Small (11-200)
"Heathcote, Price and Morar",Germany,52.520008,13.404954,Transportation & Logistics,Small (11-200),John Smith,2024-05-24,Custom solution,Qualified,2,,,262,90,2024-09-24,,2024,2024-05,123,,False,False,False,False,False,Small (11-200)
"Mayert, Dicki and Boehm",Germany,52.520008,13.404954,IT & IT Services,Small (11-200),Kevin Anderson,2024-01-15,Custom solution,Qualified,2,,,879,90,2025-01-02,,2024,2024-01,353,,False,False,False,False,False,Small (11-200)
Kassulke-Kunde,France,48.864716,2.349014,Agriculture & Mining,Small (11-200),Sarah Davis,2024-04-20,SAAS,Qualified,2,,,1305,50,2025-02-01,,2024,2024-04,287,,False,False,False,False,True,Small (11-200)
Bauch and Sons,Portugal,38.736946,-9.142685,Professional Services  & Consulting,Small (11-200),Sarah Davis,2024-05-20,Services,Qualified,2,,,1704,100,2024-11-17,,2024,2024-05,181,,False,False,False,False,False,Small (11-200)
Mayert-Gleason,France,48.864716,2.349014,Construction & Engineering,Small (11-200),Emily Johnson,2024-05-06,SAAS,Qualified,2,,,261,40,2024-07-04,,2024,2024-05,59,,False,False,False,False,True,Small (11-200)
Sporer-Hermann,Netherlands,52.370216,4.895168,Government Administration Healthcare,Small (11-200),Laura Thompson,2024-02-02,Custom solution,Qualified,2,,,1268,20,2024-09-12,,2024,2024-02,223,,False,False,False,False,False,Small (11-200)
Zoomzone,Belgium,51.260197,4.402771,IT & IT Services,Micro (1-10),Michael Brown,2024-04-19,SAAS,Qualified,2,,,327,40,2025-03-20,,2024,2024-04,335,,False,False,False,False,True,Micro (1-10)
Talane,Portugal,38.736946,-9.142685,Recreation & Sports,Micro (1-10),Sarah Davis,2024-03-10,Custom solution,Qualified,2,,,911,40,2025-01-30,,2024,2024-03,326,,False,False,False,False,False,Micro (1-10)
Realmix,France,48.864716,2.349014,Transportation & Logistics,Micro (1-10),Laura Thompson,2024-05-20,Services,Qualified,2,,,632,60,2025-01-20,,2024,2024-05,245,,False,False,False,False,False,Micro (1-10)
Riffpedia,Switzerland,46.204391,6.143158,Government Administration Healthcare,Micro (1-10),Laura Thompson,2024-01-16,SAAS,Qualified,2,,,331,30,2024-04-17,,2024,2024-01,92,,False,False,False,False,True,Micro (1-10)
Devshare,Switzerland,46.204391,6.143158,Banking and Finance,Micro (1-10),Emily Johnson,2024-01-31,SAAS,Qualified,2,,,1012,50,2024-09-14,,2024,2024-01,227,,False,False,False,False,True,Micro (1-10)
Livefish,Switzerland,46.204391,6.143158,Retail & Distribution,Micro (1-10),Jessica Martinez,2024-01-19,Custom solution,Qualified,2,,,600,30,2024-11-19,,2024,2024-01,305,,False,False,False,False,False,Micro (1-10)
Jamia,Italy,41.902782,12.496366,Education & Science,Micro (1-10),Emily Johnson,2024-04-22,SAAS,Qualified,2,,,338,30,2025-02-08,,2024,2024-04,292,,False,False,False,False,True,Micro (1-10)
Gigabox,Italy,41.902782,12.496366,Retail & Distribution,Micro (1-10),Michael Brown,2024-01-28,Custom solution,Qualified,2,,,410,30,2024-05-29,,2024,2024-01,122,,False,False,False,False,False,Micro (1-10)
Eare,Belgium,51.260197,4.402771,Construction & Engineering,Micro (1-10),Jessica Martinez,2024-04-24,Services,Qualified,2,,,830,20,2024-09-03,,2024,2024-04,132,,False,False,False,False,False,Micro (1-10)
Linktype,France,48.864716,2.349014,Government Administration Healthcare,Micro (1-10),Jessica Martinez,2024-03-22,Services,Qualified,2,,,417,40,2024-05-08,,2024,2024-03,47,,False,False,False,False,False,Micro (1-10)
Thoughtmix,Germany,52.520008,13.404954,Banking and Finance,Micro (1-10),Laura Thompson,2024-01-02,Services,Qualified,2,,,801,10,2024-11-26,,2024,2024-01,329,,False,False,False,False,False,Micro (1-10)
Wolf-Dooley,Italy,41.902782,12.496366,Transportation & Logistics,Micro (1-10),David Wilson,2024-03-13,SAAS,Qualified,2,,,632,60,2025-03-07,,2024,2024-03,359,,False,False,False,False,True,Micro (1-10)
"Jacobs, Abernathy and Bernier",Austria,48.210033,16.363449,Education & Science,Micro (1-10),Laura Thompson,2024-03-10,SAAS,Qualified,2,,,720,40,2024-04-17,,2024,2024-03,38,,False,False,False,False,True,Micro (1-10)
Renner LLC,Austria,48.210033,16.363449,Entertainment & Media & Hospitality,Micro (1-10),Laura Thompson,2024-04-21,Custom solution,Qualified,2,,,815,20,2024-08-05,,2024,2024-04,106,,False,False,False,False,False,Micro (1-10)
Connelly-Jaskolski,Switzerland,46.204391,6.143158,Education & Science,Micro (1-10),Emily Johnson,2024-01-18,Services,Qualified,2,,,1026,10,2024-12-11,,2024,2024-01,328,,False,False,False,False,False,Micro (1-10)
Dooley LLC,France,48.864716,2.349014,Government Administration Healthcare,Micro (1-10),Jessica Martinez,2024-03-01,Custom solution,Qualified,2,,,308,30,2024-07-17,,2024,2024-03,138,,False,False,False,False,False,Micro (1-10)
Rempel Inc,Belgium,51.260197,4.402771,IT & IT Services,Micro (1-10),Kevin Anderson,2024-03-05,SAAS,Qualified,2,,,1199,30,2024-08-22,,2024,2024-03,170,,False,False,False,False,True,Micro (1-10)
Schaden Group,France,48.864716,2.349014,Government Administration Healthcare,Micro (1-10),Jessica Martinez,2024-05-13,SAAS,Qualified,2,,,984,90,2024-07-05,,2024,2024-05,53,,False,False,False,False,True,Micro (1-10)
Dickens-Franecki,Belgium,51.260197,4.402771,Telecommunications,Micro (1-10),Jessica Martinez,2024-01-27,SAAS,Qualified,2,,,991,20,2024-08-25,,2024,2024-01,211,,False,False,False,False,True,Micro (1-10)
"Champlin, Hamill and Olson",Italy,41.902782,12.496366,Transportation & Logistics,Micro (1-10),Michael Brown,2024-01-31,Services,Qualified,2,,,1141,20,2024-05-06,,2024,2024-01,96,,False,False,False,False,False,Micro (1-10)
Kirlin-Volkman,Austria,48.210033,16.363449,Transportation & Logistics,Micro (1-10),Kevin Anderson,2024-05-11,Services,Qualified,2,,,1186,90,2025-02-12,,2024,2024-05,277,,False,False,False,False,False,Micro (1-10)
Grant LLC,Austria,48.210033,16.363449,IT & IT Services,Micro (1-10),Michael Brown,2024-05-25,SAAS,Qualified,2,,,1054,80,2025-03-22,,2024,2024-05,301,,False,False,False,False,True,Micro (1-10)
"Hamill, Gleason and Padberg",Germany,52.520008,13.404954,Agriculture & Mining,Micro (1-10),John Smith,2024-02-19,SAAS,Qualified,2,,,816,40,2024-08-28,,2024,2024-02,191,,False,False,False,False,True,Micro (1-10)
Bauch-Wintheiser,Germany,52.520008,13.404954,Retail & Distribution,Micro (1-10),Jessica Martinez,2024-02-17,Services,Qualified,2,,,415,10,2024-09-08,,2024,2024-02,204,,False,False,False,False,False,Micro (1-10)
Torp-Rohan,Switzerland,46.204391,6.143158,Banking and Finance,Micro (1-10),Michael Brown,2024-03-28,Services,Qualified,2,,,349,60,2024-11-09,,2024,2024-03,226,,False,False,False,False,False,Micro (1-10)
Vandervort-Barton,Portugal,38.736946,-9.142685,Telecommunications,Micro (1-10),Laura Thompson,2024-05-11,Custom solution,Qualified,2,,,284,100,2024-11-05,,2024,2024-05,178,,False,False,False,False,False,Micro (1-10)
Corwin Group,France,48.864716,2.349014,Professional Services  & Consulting,Micro (1-10),John Smith,2024-01-24,SAAS,Qualified,2,,,540,60,2024-10-27,,2024,2024-01,277,,False,False,False,False,True,Micro (1-10)
Tillman-Herman,Switzerland,46.204391,6.143158,IT & IT Services,Micro (1-10),Michael Brown,2024-05-14,Services,Qualified,2,,,751,40,2025-01-02,,2024,2024-05,233,,False,False,False,False,False,Micro (1-10)
"Nader, Kozey and Sawayn",Germany,52.520008,13.404954,Government Administration Healthcare,Micro (1-10),Sarah Davis,2024-05-19,SAAS,Qualified,2,,,316,50,2025-03-16,,2024,2024-05,301,,False,False,False,False,True,Micro (1-10)
Kohler-Rice,Netherlands,52.370216,4.895168,Education & Science,Micro (1-10),Laura Thompson,2024-02-20,SAAS,Qualified,2,,,1185,20,2024-05-23,,2024,2024-02,93,,False,False,False,False,True,Micro (1-10)
Oberbrunner Group,Italy,41.902782,12.496366,IT & IT Services,Micro (1-10),John Smith,2024-04-10,SAAS,Qualified,2,,,927,40,2024-09-25,,2024,2024-04,168,,False,False,False,False,True,Micro (1-10)
Parisian-Schoen,Switzerland,46.204391,6.143158,IT & IT Services,Micro (1-10),Emily Johnson,2024-05-16,SAAS,Qualified,2,,,1175,50,2025-03-10,,2024,2024-05,298,,False,False,False,False,True,Micro (1-10)
"Orn, Bogan and Schowalter",Switzerland,46.204391,6.143158,Education & Science,Micro (1-10),Jessica Martinez,2024-01-04,Services,Qualified,2,,,309,60,2024-12-03,,2024,2024-01,334,,False,False,False,False,False,Micro (1-10)
"Pfannerstill, Cummings and Cormier",Italy,41.902782,12.496366,Banking and Finance,Micro (1-10),Laura Thompson,2024-04-24,SAAS,Qualified,2,,,684,30,2025-02-06,,2024,2024-04,288,,False,False,False,False,True,Micro (1-10)
Yost-Larkin,Switzerland,46.204391,6.143158,Manufacturing & Production,Micro (1-10),David Wilson,2024-01-20,SAAS,Qualified,2,,,221,20,2024-07-13,,2024,2024-01,175,,False,False,False,False,True,Micro (1-10)
Von-O'Hara,France,48.864716,2.349014,Education & Science,Micro (1-10),Sarah Davis,2024-04-20,Services,Qualified,2,,,856,50,2025-02-06,,2024,2024-04,292,,False,False,False,False,False,Micro (1-10)
Pollich LLC,Germany,52.520008,13.404954,Banking and Finance,Micro (1-10),Emily Johnson,2024-03-21,SAAS,Qualified,2,,,366,30,2025-03-18,,2024,2024-03,362,,False,False,False,False,True,Micro (1-10)
Murazik Group,Portugal,38.736946,-9.142685,Transportation & Logistics,Micro (1-10),John Smith,2024-03-14,SAAS,Qualified,2,,,983,60,2025-03-12,,2024,2024-03,363,,False,False,False,False,True,Micro (1-10)
Hettinger-Cummings,Portugal,38.736946,-9.142685,Professional Services  & Consulting,Micro (1-10),Jessica Martinez,2024-03-08,Services,Qualified,2,,,1068,30,2024-05-04,,2024,2024-03,57,,False,False,False,False,False,Micro (1-10)
"Wilkinson, Dickens and Mills",Portugal,38.736946,-9.142685,Telecommunications,Micro (1-10),Sarah Davis,2024-01-26,SAAS,Qualified,2,,,322,40,2024-05-23,,2024,2024-01,118,,False,False,False,False,True,Micro (1-10)
Schmitt Inc,Italy,41.902782,12.496366,Education & Science,Micro (1-10),Laura Thompson,2024-02-06,Custom solution,Qualified,2,,,242,70,2024-07-02,,2024,2024-02,147,,False,False,False,False,False,Micro (1-10)
"Rogahn, Gusikowski and Lehner",Germany,52.520008,13.404954,Construction & Engineering,Micro (1-10),Laura Thompson,2024-03-22,SAAS,Qualified,2,,,752,60,2024-08-20,,2024,2024-03,151,,False,False,False,False,True,Micro (1-10)
Schaden-Davis,Netherlands,52.370216,4.895168,Banking and Finance,Micro (1-10),Laura Thompson,2024-04-29,SAAS,Qualified,2,,,608,70,2024-12-25,,2024,2024-04,240,,False,False,False,False,True,Micro (1-10)
"Pagac, Crona and Dare",Italy,41.902782,12.496366,IT & IT Services,Micro (1-10),Laura Thompson,2024-05-15,SAAS,Qualified,2,,,571,40,2024-06-28,,2024,2024-05,44,,False,False,False,False,True,Micro (1-10)
"Macejkovic, Kemmer and Sawayn",Austria,48.210033,16.363449,IT & IT Services,Micro (1-10),Kevin Anderson,2024-02-27,Services,Qualified,2,,,970,30,2024-08-02,,2024,2024-02,157,,False,False,False,False,False,Micro (1-10)
Luettgen Group,Spain,40.416775,-3.70379,Transportation & Logistics,Micro (1-10),Emily Johnson,2024-05-29,Custom solution,Qualified,2,,,351,80,2024-11-07,,2024,2024-05,162,,False,False,False,False,False,Micro (1-10)
Fisher Inc,Italy,41.902782,12.496366,Professional Services  & Consulting,Micro (1-10),Laura Thompson,2024-02-10,Custom solution,Qualified,2,,,1029,40,2024-06-03,,2024,2024-02,114,,False,False,False,False,False,Micro (1-10)
Greenholt and Sons,France,48.864716,2.349014,Agriculture & Mining,Micro (1-10),David Wilson,2024-03-31,Custom solution,Qualified,2,,,866,30,2024-12-17,,2024,2024-03,261,,False,False,False,False,False,Micro (1-10)
McDermott Inc,Austria,48.210033,16.363449,Professional Services  & Consulting,Micro (1-10),Jessica Martinez,2024-03-23,Services,Qualified,2,,,478,30,2024-06-04,,2024,2024-03,73,,False,False,False,False,False,Micro (1-10)
"Collins, Bruen and Hahn",Switzerland,46.204391,6.143158,IT & IT Services,Micro (1-10),Laura Thompson,2024-03-28,SAAS,Qualified,2,,,936,30,2024-07-14,,2024,2024-03,108,,False,False,False,False,True,Micro (1-10)
Beier LLC,Germany,52.520008,13.404954,Telecommunications,Micro (1-10),Laura Thompson,2024-01-05,SAAS,Qualified,2,,,280,80,2024-04-12,,2024,2024-01,98,,False,False,False,False,True,Micro (1-10)
Mraz-Smitham,Switzerland,46.204391,6.143158,Government Administration Healthcare,Micro (1-10),Jessica Martinez,2024-01-27,SAAS,Qualified,2,,,398,50,2024-11-22,,2024,2024-01,300,,False,False,False,False,True,Micro (1-10)
Jacobs and Sons,Germany,52.520008,13.404954,Telecommunications,Micro (1-10),John Smith,2024-04-18,SAAS,Qualified,2,,,931,70,2024-10-06,,2024,2024-04,171,,False,False,False,False,True,Micro (1-10)
Sanford and Sons,France,48.864716,2.349014,Retail & Distribution,Micro (1-10),John Smith,2024-02-22,SAAS,Qualified,2,,,807,40,2024-12-31,,2024,2024-02,313,,False,False,False,False,True,Micro (1-10)
Gislason Group,Germany,52.520008,13.404954,Entertainment & Media & Hospitality,Micro (1-10),Jessica Martinez,2024-03-25,SAAS,Qualified,2,,,262,20,2024-08-27,,2024,2024-03,155,,False,False,False,False,True,Micro (1-10)
"Littel, Leuschke and Bernier",Austria,48.210033,16.363449,Manufacturing & Production,Micro (1-10),Jessica Martinez,2024-01-02,Services,Qualified,2,,,710,40,2024-10-30,,2024,2024-01,302,,False,False,False,False,False,Micro (1-10)
Collier Inc,Portugal,38.736946,-9.142685,Construction & Engineering,Micro (1-10),Jessica Martinez,2024-05-04,SAAS,Qualified,2,,,853,60,2025-01-26,,2024,2024-05,267,,False,False,False,False,True,Micro (1-10)
Towne Group,France,48.864716,2.349014,Education & Science,Micro (1-10),Laura Thompson,2024-03-02,SAAS,Qualified,2,,,345,70,2024-04-21,,2024,2024-03,50,,False,False,False,False,True,Micro (1-10)
Kris and Sons,Germany,52.520008,13.404954,Energy & Utilities,Micro (1-10),Sarah Davis,2024-03-21,Custom solution,Qualified,2,,,263,20,2024-05-16,,2024,2024-03,56,,False,False,False,False,False,Micro (1-10)
Wolf-Boyle,Portugal,38.736946,-9.142685,Energy & Utilities,Micro (1-10),Jessica Martinez,2024-04-08,SAAS,Qualified,2,,,461,60,2024-08-13,,2024,2024-04,127,,False,False,False,False,True,Micro (1-10)
Schuppe-Roberts,Portugal,38.736946,-9.142685,Entertainment & Media & Hospitality,Micro (1-10),Laura Thompson,2024-02-13,SAAS,Qualified,2,,,1082,80,2025-01-02,,2024,2024-02,324,,False,False,False,False,True,Micro (1-10)
Morar-Towne,Switzerland,46.204391,6.143158,Government Administration Healthcare,Micro (1-10),John Smith,2024-01-26,SAAS,Qualified,2,,,1145,60,2024-12-05,,2024,2024-01,314,,False,False,False,False,True,Micro (1-10)
Kris LLC,Austria,48.210033,16.363449,Education & Science,Micro (1-10),Emily Johnson,2024-03-22,SAAS,Qualified,2,,,300,20,2024-05-15,,2024,2024-03,54,,False,False,False,False,True,Micro (1-10)
"McGlynn, VonRueden and Stanton",Germany,52.520008,13.404954,Transportation & Logistics,Micro (1-10),David Wilson,2024-04-10,Services,Qualified,2,,,497,80,2025-02-06,,2024,2024-04,302,,False,False,False,False,False,Micro (1-10)
Witting LLC,Portugal,38.736946,-9.142685,Transportation & Logistics,Micro (1-10),Emily Johnson,2024-02-26,Services,Qualified,2,,,423,10,2024-03-27,,2024,2024-02,30,,False,False,False,False,False,Micro (1-10)
Stehr-Schultz,Austria,48.210033,16.363449,Retail & Distribution,Micro (1-10),Laura Thompson,2024-04-28,SAAS,Qualified,2,,,1077,20,2025-01-24,,2024,2024-04,271,,False,False,False,False,True,Micro (1-10)
Hartmann-Upton,Belgium,51.260197,4.402771,Banking and Finance,Micro (1-10),Laura Thompson,2024-05-21,Services,Qualified,2,,,1156,70,2024-06-19,,2024,2024-05,29,,False,False,False,False,False,Micro (1-10)
"Orn, Langosh and Adams",Germany,52.520008,13.404954,Banking and Finance,Micro (1-10),Laura Thompson,2024-05-10,SAAS,Qualified,2,,,348,60,2025-04-04,,2024,2024-05,329,,False,False,False,False,True,Micro (1-10)
Graham-Lueilwitz,France,48.864716,2.349014,Construction & Engineering,Micro (1-10),Michael Brown,2024-04-17,Custom solution,Qualified,2,,,933,70,2024-12-20,,2024,2024-04,247,,False,False,False,False,False,Micro (1-10)
Morissette-Witting,Switzerland,46.204391,6.143158,Professional Services  & Consulting,Micro (1-10),Jessica Martinez,2024-01-28,SAAS,Qualified,2,,,576,80,2024-12-17,,2024,2024-01,324,,False,False,False,False,True,Micro (1-10)
"Christiansen, Ondricka and Cummings",Portugal,38.736946,-9.142685,Retail & Distribution,Micro (1-10),David Wilson,2024-02-12,Services,Qualified,2,,,617,40,2024-06-11,,2024,2024-02,120,,False,False,False,False,False,Micro (1-10)
Dicki Group,Portugal,38.736946,-9.142685,Professional Services  & Consulting,Micro (1-10),John Smith,2024-04-13,Services,Qualified,2,,,602,30,2025-03-04,,2024,2024-04,325,,False,False,False,False,False,Micro (1-10)
Pouros-Ferry,France,48.864716,2.349014,Transportation & Logistics,Micro (1-10),Kevin Anderson,2024-04-05,Services,Qualified,2,,,708,50,2024-11-23,,2024,2024-04,232,,False,False,False,False,False,Micro (1-10)
"Gutkowski, Dibbert and Brekke",France,48.864716,2.349014,Banking and Finance,Micro (1-10),Emily Johnson,2024-03-30,Custom solution,Qualified,2,,,418,30,2024-05-11,,2024,2024-03,42,,False,False,False,False,False,Micro (1-10)
"Ratke, Considine and Dicki",Portugal,38.736946,-9.142685,Retail & Distribution,Micro (1-10),Laura Thompson,2024-02-05,SAAS,Qualified,2,,,269,70,2024-11-21,,2024,2024-02,290,,False,False,False,False,True,Micro (1-10)
"Schamberger, Wolff and Strosin",Netherlands,52.370216,4.895168,Entertainment & Media & Hospitality,Micro (1-10),Emily Johnson,2024-02-25,SAAS,Qualified,2,,,945,40,2024-07-17,,2024,2024-02,143,,False,False,False,False,True,Micro (1-10)
"Jacobson, White and Murray",Portugal,38.736946,-9.142685,Transportation & Logistics,Micro (1-10),Jessica Martinez,2024-04-22,Custom solution,Qualified,2,,,432,40,2024-08-22,,2024,2024-04,122,,False,False,False,False,False,Micro (1-10)
Carroll-Kulas,Switzerland,46.204391,6.143158,IT & IT Services,Micro (1-10),Kevin Anderson,2024-03-14,SAAS,Qualified,2,,,1096,40,2024-11-11,,2024,2024-03,242,,False,False,False,False,True,Micro (1-10)
Kuhic-Lebsack,Italy,41.902782,12.496366,IT & IT Services,Micro (1-10),Michael Brown,2024-01-19,SAAS,Qualified,2,,,566,20,2024-12-19,,2024,2024-01,335,,False,False,False,False,True,Micro (1-10)
"Hilpert, Robel and Conn",Switzerland,46.204391,6.143158,Transportation & Logistics,Micro (1-10),Michael Brown,2024-03-20,SAAS,Qualified,2,,,1146,20,2024-08-16,,2024,2024-03,149,,False,False,False,False,True,Micro (1-10)
Windler-Vandervort,Italy,41.902782,12.496366,Retail & Distribution,Micro (1-10),David Wilson,2024-01-22,SAAS,Qualified,2,,,1140,30,2024-06-01,,2024,2024-01,131,,False,False,False,False,True,Micro (1-10)
"Champlin, Mueller and Nader",Germany,52.520008,13.404954,Transportation & Logistics,Micro (1-10),Jessica Martinez,2024-05-08,SAAS,Qualified,2,,,632,40,2024-11-28,,2024,2024-05,204,,False,False,False,False,True,Micro (1-10)
Feest-Flatley,Portugal,38.736946,-9.142685,Government Administration Healthcare,Micro (1-10),Emily Johnson,2024-01-23,Custom solution,Qualified,2,,,487,30,2024-06-05,,2024,2024-01,134,,False,False,False,False,False,Micro (1-10)
"Kozey, Wiegand and Balistreri",Spain,40.416775,-3.70379,Energy & Utilities,Micro (1-10),Kevin Anderson,2024-05-15,SAAS,Qualified,2,,,469,70,2025-04-08,,2024,2024-05,328,,False,False,False,False,True,Micro (1-10)
"Cartwright, Deckow and Hettinger",Switzerland,46.204391,6.143158,Transportation & Logistics,Micro (1-10),Michael Brown,2024-02-01,SAAS,Qualified,2,,,316,60,2024-11-29,,2024,2024-02,302,,False,False,False,False,True,Micro (1-10)
"Funk, Orn and Ziemann",Italy,41.902782,12.496366,IT & IT Services,Micro (1-10),Michael Brown,2024-01-02,SAAS,Qualified,2,,,1134,70,2024-11-07,,2024,2024-01,310,,False,False,False,False,True,Micro (1-10)
"Lind, Kris and Dach",Netherlands,52.370216,4.895168,Telecommunications,Micro (1-10),Jessica Martinez,2024-01-23,SAAS,Qualified,2,,,1183,40,2024-06-19,,2024,2024-01,148,,False,False,False,False,True,Micro (1-10)
Von Inc,Italy,41.902782,12.496366,Entertainment & Media & Hospitality,Micro (1-10),Emily Johnson,2024-01-04,SAAS,Qualified,2,,,521,80,2024-04-30,,2024,2024-01,117,,False,False,False,False,True,Micro (1-10)
"Kuhic, Kiehn and Satterfield",Germany,52.520008,13.404954,Retail & Distribution,Micro (1-10),Kevin Anderson,2024-01-26,Custom solution,Qualified,2,,,510,40,2024-06-17,,2024,2024-01,143,,False,False,False,False,False,Micro (1-10)
"Ratke, Schowalter and Hilpert",Italy,41.902782,12.496366,Transportation & Logistics,Micro (1-10),Sarah Davis,2024-03-14,Services,Qualified,2,,,219,70,2024-09-01,,2024,2024-03,171,,False,False,False,False,False,Micro (1-10)
"Lakin, Langworth and Kozey",Switzerland,46.204391,6.143158,Manufacturing & Production,Micro (1-10),Emily Johnson,2024-05-06,SAAS,Qualified,2,,,1163,10,2025-01-18,,2024,2024-05,257,,False,False,False,False,True,Micro (1-10)
"Ankunding, Nienow and Larson",Belgium,51.260197,4.402771,Manufacturing & Production,Micro (1-10),Laura Thompson,2024-04-19,SAAS,Qualified,2,,,578,80,2024-11-30,,2024,2024-04,225,,False,False,False,False,True,Micro (1-10)
"Parisian, Breitenberg and Prohaska",Germany,52.520008,13.404954,Energy & Utilities,Micro (1-10),Jessica Martinez,2024-04-22,SAAS,Qualified,2,,,701,30,2025-02-04,,2024,2024-04,288,,False,False,False,False,True,Micro (1-10)
Stoltenberg and Sons,Switzerland,46.204391,6.143158,Professional Services  & Consulting,Micro (1-10),Michael Brown,2024-04-21,SAAS,Qualified,2,,,779,100,2024-07-27,,2024,2024-04,97,,False,False,False,False,True,Micro (1-10)
Haag-Fisher,Italy,41.902782,12.496366,Transportation & Logistics,Micro (1-10),Michael Brown,2024-05-02,SAAS,Qualified,2,,,1083,40,2024-07-28,,2024,2024-05,87,,False,False,False,False,True,Micro (1-10)
Ledner-Kessler,Switzerland,46.204391,6.143158,Transportation & Logistics,Micro (1-10),Laura Thompson,2024-05-06,Custom solution,Qualified,2,,,414,60,2025-04-07,,2024,2024-05,336,,False,False,False,False,False,Micro (1-10)
Hodkiewicz-Greenfelder,France,48.864716,2.349014,Transportation & Logistics,Micro (1-10),Emily Johnson,2024-02-01,SAAS,Qualified,2,,,472,20,2024-06-21,,2024,2024-02,141,,False,False,False,False,True,Micro (1-10)
"Bode, Ritchie and Koss",Germany,52.520008,13.404954,Professional Services  & Consulting,Micro (1-10),Laura Thompson,2024-05-14,SAAS,Qualified,2,,,212,100,2025-03-22,,2024,2024-05,312,,False,False,False,False,True,Micro (1-10)
"Yundt, Stokes and Effertz",Germany,52.520008,13.404954,Professional Services  & Consulting,Micro (1-10),Laura Thompson,2024-01-25,Services,Qualified,2,,,911,50,2024-09-22,,2024,2024-01,241,,False,False,False,False,False,Micro (1-10)
"Mills, Hilll and Strosin",Belgium,51.260197,4.402771,Banking and Finance,Micro (1-10),Jessica Martinez,2024-05-01,Custom solution,Qualified,2,,,907,60,2024-12-25,,2024,2024-05,238,,False,False,False,False,False,Micro (1-10)
Rodriguez-Cummings,Germany,52.520008,13.404954,Professional Services  & Consulting,Micro (1-10),Laura Thompson,2024-03-25,Services,Qualified,2,,,588,20,2024-05-03,,2024,2024-03,39,,False,False,False,False,False,Micro (1-10)
Spencer LLC,France,48.864716,2.349014,IT & IT Services,Micro (1-10),Kevin Anderson,2024-05-26,SAAS,Qualified,2,,,593,60,2025-01-19,,2024,2024-05,238,,False,False,False,False,True,Micro (1-10)
Mayert-Reinger,Italy,41.902782,12.496366,Transportation & Logistics,Micro (1-10),David Wilson,2024-03-07,Services,Qualified,2,,,615,30,2025-01-11,,2024,2024-03,310,,False,False,False,False,False,Micro (1-10)
"Hand, Strosin and Toy",France,48.864716,2.349014,Telecommunications,Micro (1-10),Jessica Martinez,2024-04-12,Custom solution,Qualified,2,,,1138,20,2025-01-30,,2024,2024-04,293,,False,False,False,False,False,Micro (1-10)
"Hegmann, Bergnaum and White",Spain,40.416775,-3.70379,IT & IT Services,Micro (1-10),Laura Thompson,2024-04-06,SAAS,Qualified,2,,,273,20,2024-12-22,,2024,2024-04,260,,False,False,False,False,True,Micro (1-10)
"Heathcote, Thiel and Aufderhar",Belgium,51.260197,4.402771,Government Administration Healthcare,Micro (1-10),Michael Brown,2024-04-10,SAAS,Qualified,2,,,585,90,2024-06-10,,2024,2024-04,61,,False,False,False,False,True,Micro (1-10)
White-Davis,Italy,41.902782,12.496366,Transportation & Logistics,Micro (1-10),Jessica Martinez,2024-02-04,Services,Qualified,2,,,414,30,2024-05-18,,2024,2024-02,104,,False,False,False,False,False,Micro (1-10)
Nader-Stroman,France,48.864716,2.349014,IT & IT Services,Micro (1-10),Laura Thompson,2024-05-17,SAAS,Qualified,2,,,944,30,2025-03-27,,2024,2024-05,314,,False,False,False,False,True,Micro (1-10)
Crooks-Schimmel,France,48.864716,2.349014,IT & IT Services,Micro (1-10),John Smith,2024-03-04,SAAS,Qualified,2,,,922,100,2024-07-27,,2024,2024-03,145,,False,False,False,False,True,Micro (1-10)
Stroman-Yundt,Spain,40.416775,-3.70379,Construction & Engineering,Micro (1-10),Sarah Davis,2024-02-10,SAAS,Qualified,2,,,499,30,2024-11-14,,2024,2024-02,278,,False,False,False,False,True,Micro (1-10)
"Reinger, Marquardt and Durgan",Switzerland,46.204391,6.143158,Education & Science,Micro (1-10),Jessica Martinez,2024-04-21,Services,Qualified,2,,,971,10,2025-04-21,,2024,2024-04,365,,False,False,False,False,False,Micro (1-10)
Hermann and Sons,Switzerland,46.204391,6.143158,Transportation & Logistics,Micro (1-10),Emily Johnson,2024-05-05,Services,Qualified,2,,,334,30,2024-05-27,,2024,2024-05,22,,False,False,False,False,False,Micro (1-10)
Robel Inc,Switzerland,46.204391,6.143158,IT & IT Services,Micro (1-10),Michael Brown,2024-02-09,SAAS,Qualified,2,,,662,30,2025-02-07,,2024,2024-02,364,,False,False,False,False,True,Micro (1-10)
Hilll-Skiles,Switzerland,46.204391,6.143158,Transportation & Logistics,Micro (1-10),Laura Thompson,2024-03-05,SAAS,Qualified,2,,,618,40,2024-04-09,,2024,2024-03,35,,False,False,False,False,True,Micro (1-10)
"Pagac, Huel and Emmerich",Switzerland,46.204391,6.143158,Transportation & Logistics,Micro (1-10),Michael Brown,2024-04-28,SAAS,Qualified,2,,,567,30,2025-03-30,,2024,2024-04,336,,False,False,False,False,True,Micro (1-10)
"Klein, Wintheiser and Macejkovic",Italy,41.902782,12.496366,IT & IT Services,Micro (1-10),Kevin Anderson,2024-03-18,Services,Qualified,2,,,604,40,2025-02-18,,2024,2024-03,337,,False,False,False,False,False,Micro (1-10)
"Swift, Kunze and Schumm",Netherlands,52.370216,4.895168,Professional Services  & Consulting,Micro (1-10),Jessica Martinez,2024-03-12,Services,Qualified,2,,,473,70,2024-05-12,,2024,2024-03,61,,False,False,False,False,False,Micro (1-10)
"Lubowitz, Padberg and Romaguera",Italy,41.902782,12.496366,IT & IT Services,Micro (1-10),John Smith,2024-05-21,Services,Qualified,2,,,633,50,2025-02-08,,2024,2024-05,263,,False,False,False,False,False,Micro (1-10)
Flatley-Huels,Portugal,38.736946,-9.142685,Banking and Finance,Micro (1-10),Laura Thompson,2024-01-27,SAAS,Qualified,2,,,536,40,2024-02-16,,2024,2024-01,20,,False,False,False,False,True,Micro (1-10)
"McDermott, Balistreri and Effertz",Germany,52.520008,13.404954,Recreation & Sports,Micro (1-10),Michael Brown,2024-05-26,SAAS,Qualified,2,,,854,60,2024-07-02,,2024,2024-05,37,,False,False,False,False,True,Micro (1-10)
Wordify,Portugal,38.736946,-9.142685,Entertainment & Media & Hospitality,Medium (201-500),Michael Brown,2024-05-20,Services,Qualified,2,,,1839,80,2024-06-09,,2024,2024-05,20,,False,False,False,False,False,Medium (201-500)
Fivechat,Germany,52.520008,13.404954,Banking and Finance,Medium (201-500),Laura Thompson,2024-02-05,SAAS,Qualified,2,,,1689,40,2024-04-29,,2024,2024-02,84,,False,False,False,False,True,Medium (201-500)
Dazzlesphere,France,48.864716,2.349014,Education & Science,Medium (201-500),Jessica Martinez,2024-04-23,Custom solution,Qualified,2,,,984,30,2025-02-09,,2024,2024-04,292,,False,False,False,False,False,Medium (201-500)
Meejo,France,48.864716,2.349014,Government Administration Healthcare,Medium (201-500),Laura Thompson,2024-03-11,SAAS,Qualified,2,,,5945,20,2024-04-22,,2024,2024-03,42,,False,False,False,False,True,Medium (201-500)
Ozu,Portugal,38.736946,-9.142685,Transportation & Logistics,Medium (201-500),Kevin Anderson,2024-03-15,Services,Qualified,2,,,992,20,2024-05-18,,2024,2024-03,64,,False,False,False,False,False,Medium (201-500)
Voonte,Netherlands,52.370216,4.895168,Transportation & Logistics,Medium (201-500),Jessica Martinez,2024-03-15,SAAS,Qualified,2,,,1516,40,2024-07-05,,2024,2024-03,112,,False,False,False,False,True,Medium (201-500)
Jabbersphere,Spain,40.416775,-3.70379,Transportation & Logistics,Medium (201-500),David Wilson,2024-02-01,Services,Qualified,2,,,1937,60,2024-05-11,,2024,2024-02,100,,False,False,False,False,False,Medium (201-500)
Gabcube,Italy,41.902782,12.496366,Banking and Finance,Medium (201-500),Sarah Davis,2024-02-19,SAAS,Qualified,2,,,377,40,2024-04-08,,2024,2024-02,49,,False,False,False,False,True,Medium (201-500)
Zoombox,Spain,40.416775,-3.70379,Banking and Finance,Medium (201-500),Laura Thompson,2024-01-10,SAAS,Qualified,2,,,7200,40,2024-07-28,,2024,2024-01,200,,False,False,False,False,True,Medium (201-500)
Oyope,Netherlands,52.370216,4.895168,Entertainment & Media & Hospitality,Medium (201-500),Emily Johnson,2024-04-05,SAAS,Qualified,2,,,6884,100,2024-11-09,,2024,2024-04,218,,False,False,False,False,True,Medium (201-500)
Topicstorm,Spain,40.416775,-3.70379,Telecommunications,Medium (201-500),Laura Thompson,2024-03-01,Services,Qualified,2,,,3935,70,2024-07-19,,2024,2024-03,140,,False,False,False,False,False,Medium (201-500)
Vidoo,Switzerland,46.204391,6.143158,Banking and Finance,Medium (201-500),Sarah Davis,2024-02-14,SAAS,Qualified,2,,,5401,30,2025-01-07,,2024,2024-02,328,,False,False,False,False,True,Medium (201-500)
Gabtype,Germany,52.520008,13.404954,Manufacturing & Production,Medium (201-500),Emily Johnson,2024-02-14,SAAS,Qualified,2,,,3336,40,2025-02-10,,2024,2024-02,362,,False,False,False,False,True,Medium (201-500)
Skyba,Germany,52.520008,13.404954,Banking and Finance,Medium (201-500),Laura Thompson,2024-01-21,SAAS,Qualified,2,,,2944,30,2024-04-24,,2024,2024-01,94,,False,False,False,False,True,Medium (201-500)
Dynava,France,48.864716,2.349014,Recreation & Sports,Medium (201-500),Michael Brown,2024-01-05,Services,Qualified,2,,,2186,30,2024-06-14,,2024,2024-01,161,,False,False,False,False,False,Medium (201-500)
Oyoyo,Italy,41.902782,12.496366,Education & Science,Medium (201-500),Emily Johnson,2024-03-24,Custom solution,Qualified,2,,,6479,100,2024-11-25,,2024,2024-03,246,,False,False,False,False,False,Medium (201-500)
Roombo,France,48.864716,2.349014,Transportation & Logistics,Medium (201-500),Jessica Martinez,2024-01-19,SAAS,Qualified,2,,,6526,10,2024-11-24,,2024,2024-01,310,,False,False,False,False,True,Medium (201-500)
Jabberbean,Switzerland,46.204391,6.143158,Energy & Utilities,Medium (201-500),Laura Thompson,2024-04-22,SAAS,Qualified,2,,,4638,40,2024-10-12,,2024,2024-04,173,,False,False,False,False,True,Medium (201-500)
Yakijo,Italy,41.902782,12.496366,Banking and Finance,Medium (201-500),Jessica Martinez,2024-01-05,SAAS,Qualified,2,,,4652,60,2024-02-04,,2024,2024-01,30,,False,False,False,False,True,Medium (201-500)
Mudo,Italy,41.902782,12.496366,Telecommunications,Medium (201-500),Kevin Anderson,2024-01-06,Services,Qualified,2,,,5941,50,2024-07-08,,2024,2024-01,184,,False,False,False,False,False,Medium (201-500)
Avavee,Portugal,38.736946,-9.142685,Retail & Distribution,Medium (201-500),Laura Thompson,2024-04-14,SAAS,Qualified,2,,,3370,50,2024-07-17,,2024,2024-04,94,,False,False,False,False,True,Medium (201-500)
Zoomdog,Germany,52.520008,13.404954,Recreation & Sports,Medium (201-500),Laura Thompson,2024-04-01,Services,Qualified,2,,,7093,40,2025-03-31,,2024,2024-04,364,,False,False,False,False,False,Medium (201-500)
Latz,France,48.864716,2.349014,Energy & Utilities,Medium (201-500),Michael Brown,2024-05-30,Services,Qualified,2,,,4407,40,2025-04-10,,2024,2024-05,315,,False,False,False,False,False,Medium (201-500)
Voonder,Spain,40.416775,-3.70379,Construction & Engineering,Medium (201-500),Jessica Martinez,2024-04-22,Services,Qualified,2,,,2950,30,2025-03-03,,2024,2024-04,315,,False,False,False,False,False,Medium (201-500)
Heller-Sanford,Portugal,38.736946,-9.142685,Government Administration Healthcare,Medium (201-500),David Wilson,2024-05-26,Services,Qualified,2,,,2431,20,2024-11-09,,2024,2024-05,167,,False,False,False,False,False,Medium (201-500)
"Aufderhar, Crona and Wilkinson",France,48.864716,2.349014,Telecommunications,Medium (201-500),Jessica Martinez,2024-05-11,SAAS,Qualified,2,,,2924,30,2025-03-09,,2024,2024-05,302,,False,False,False,False,True,Medium (201-500)
"Smitham, Russel and O'Connell",Austria,48.210033,16.363449,Banking and Finance,Medium (201-500),Michael Brown,2024-01-26,Services,Qualified,2,,,7400,30,2024-06-10,,2024,2024-01,136,,False,False,False,False,False,Medium (201-500)
"Boehm, Rosenbaum and Beahan",Spain,40.416775,-3.70379,Government Administration Healthcare,Medium (201-500),Laura Thompson,2024-02-23,SAAS,Qualified,2,,,3191,40,2024-11-21,,2024,2024-02,272,,False,False,False,False,True,Medium (201-500)
"Parisian, MacGyver and Moen",Spain,40.416775,-3.70379,Education & Science,Medium (201-500),Laura Thompson,2024-02-10,Services,Qualified,2,,,7968,20,2024-08-31,,2024,2024-02,203,,False,False,False,False,False,Medium (201-500)
Reichert-Howe,France,48.864716,2.349014,Banking and Finance,Medium (201-500),Michael Brown,2024-05-12,Services,Qualified,2,,,5251,20,2024-08-23,,2024,2024-05,103,,False,False,False,False,False,Medium (201-500)
Beahan Group,Switzerland,46.204391,6.143158,Transportation & Logistics,Medium (201-500),Laura Thompson,2024-02-24,Services,Qualified,2,,,7458,40,2024-12-07,,2024,2024-02,287,,False,False,False,False,False,Medium (201-500)
Fahey-Pouros,Belgium,51.260197,4.402771,IT & IT Services,Medium (201-500),Emily Johnson,2024-01-16,SAAS,Qualified,2,,,2346,10,2024-07-25,,2024,2024-01,191,,False,False,False,False,True,Medium (201-500)
"Zemlak, O'Hara and Wilderman",Italy,41.902782,12.496366,Professional Services  & Consulting,Medium (201-500),Michael Brown,2024-04-23,Services,Qualified,2,,,354,30,2025-04-13,,2024,2024-04,355,,False,False,False,False,False,Medium (201-500)
"Rempel, King and Wehner",Portugal,38.736946,-9.142685,Recreation & Sports,Medium (201-500),Michael Brown,2024-03-15,Custom solution,Qualified,2,,,3855,60,2024-06-17,,2024,2024-03,94,,False,False,False,False,False,Medium (201-500)
Schmidt Group,Italy,41.902782,12.496366,Transportation & Logistics,Medium (201-500),Kevin Anderson,2024-03-29,SAAS,Qualified,2,,,4368,20,2024-10-18,,2024,2024-03,203,,False,False,False,False,True,Medium (201-500)
"Gottlieb, Jakubowski and Rowe",Italy,41.902782,12.496366,Banking and Finance,Medium (201-500),John Smith,2024-02-25,Services,Qualified,2,,,449,20,2025-02-15,,2024,2024-02,356,,False,False,False,False,False,Medium (201-500)
Wilkinson and Sons,Italy,41.902782,12.496366,Construction & Engineering,Medium (201-500),Emily Johnson,2024-04-30,SAAS,Qualified,2,,,5205,30,2024-06-16,,2024,2024-04,47,,False,False,False,False,True,Medium (201-500)
"Ankunding, Casper and Leuschke",Italy,41.902782,12.496366,IT & IT Services,Medium (201-500),Michael Brown,2024-01-20,Services,Qualified,2,,,5539,100,2024-07-20,,2024,2024-01,182,,False,False,False,False,False,Medium (201-500)
Kulas Inc,France,48.864716,2.349014,Banking and Finance,Medium (201-500),David Wilson,2024-03-07,Custom solution,Qualified,2,,,4855,50,2024-11-27,,2024,2024-03,265,,False,False,False,False,False,Medium (201-500)
Olson-Lakin,Italy,41.902782,12.496366,IT & IT Services,Medium (201-500),Kevin Anderson,2024-05-21,SAAS,Qualified,2,,,7008,70,2024-12-16,,2024,2024-05,209,,False,False,False,False,True,Medium (201-500)
"Cartwright, Bosco and Schuppe",France,48.864716,2.349014,Recreation & Sports,Medium (201-500),Jessica Martinez,2024-05-22,Services,Qualified,2,,,5121,20,2024-08-08,,2024,2024-05,78,,False,False,False,False,False,Medium (201-500)
"VonRueden, Murray and Mosciski",Portugal,38.736946,-9.142685,Banking and Finance,Medium (201-500),Kevin Anderson,2024-03-17,Services,Qualified,2,,,6482,30,2024-05-06,,2024,2024-03,50,,False,False,False,False,False,Medium (201-500)
Kiehn Inc,Switzerland,46.204391,6.143158,Retail & Distribution,Medium (201-500),Laura Thompson,2024-05-23,Custom solution,Qualified,2,,,2686,70,2025-02-16,,2024,2024-05,269,,False,False,False,False,False,Medium (201-500)
"Daugherty, Keeling and Leannon",Germany,52.520008,13.404954,Professional Services  & Consulting,Medium (201-500),Emily Johnson,2024-04-12,Services,Qualified,2,,,7610,40,2024-12-07,,2024,2024-04,239,,False,False,False,False,False,Medium (201-500)
"Brakus, Huel and Hamill",Portugal,38.736946,-9.142685,Banking and Finance,Medium (201-500),Emily Johnson,2024-02-06,SAAS,Qualified,2,,,5020,30,2024-11-02,,2024,2024-02,270,,False,False,False,False,True,Medium (201-500)
Legros-Effertz,Germany,52.520008,13.404954,Government Administration Healthcare,Medium (201-500),Jessica Martinez,2024-05-22,SAAS,Qualified,2,,,5132,30,2025-05-09,,2024,2024-05,352,,False,False,False,False,True,Medium (201-500)
Lueilwitz-Spencer,Switzerland,46.204391,6.143158,Telecommunications,Medium (201-500),Michael Brown,2024-04-29,SAAS,Qualified,2,,,4531,30,2024-06-20,,2024,2024-04,52,,False,False,False,False,True,Medium (201-500)
"Waters, Gislason and Auer",France,48.864716,2.349014,Transportation & Logistics,Medium (201-500),Michael Brown,2024-01-06,SAAS,Qualified,2,,,5617,40,2024-09-06,,2024,2024-01,244,,False,False,False,False,True,Medium (201-500)
"Schamberger, Runte and Lehner",Portugal,38.736946,-9.142685,IT & IT Services,Medium (201-500),Laura Thompson,2024-01-31,Services,Qualified,2,,,1250,50,2024-05-07,,2024,2024-01,97,,False,False,False,False,False,Medium (201-500)
Carter-Sanford,France,48.864716,2.349014,Construction & Engineering,Medium (201-500),Sarah Davis,2024-04-12,Services,Qualified,2,,,3831,60,2024-10-03,,2024,2024-04,174,,False,False,False,False,False,Medium (201-500)
Mann-Braun,France,48.864716,2.349014,Agriculture & Mining,Medium (201-500),Laura Thompson,2024-03-02,Custom solution,Qualified,2,,,3962,50,2024-07-23,,2024,2024-03,143,,False,False,False,False,False,Medium (201-500)
"Terry, Cole and Zemlak",Italy,41.902782,12.496366,Transportation & Logistics,Medium (201-500),Laura Thompson,2024-01-24,Services,Qualified,2,,,3657,40,2024-04-14,,2024,2024-01,81,,False,False,False,False,False,Medium (201-500)
Christiansen-Hartmann,Germany,52.520008,13.404954,Energy & Utilities,Medium (201-500),Jessica Martinez,2024-02-23,Custom solution,Qualified,2,,,3597,50,2024-05-04,,2024,2024-02,71,,False,False,False,False,False,Medium (201-500)
"Mraz, Bernier and Satterfield",Spain,40.416775,-3.70379,Recreation & Sports,Medium (201-500),Sarah Davis,2024-01-13,SAAS,Qualified,2,,,5065,100,2024-11-10,,2024,2024-01,302,,False,False,False,False,True,Medium (201-500)
"Nader, Bednar and Macejkovic",Switzerland,46.204391,6.143158,Professional Services  & Consulting,Medium (201-500),Michael Brown,2024-04-19,Services,Qualified,2,,,6487,20,2024-09-21,,2024,2024-04,155,,False,False,False,False,False,Medium (201-500)
Schimmel-Denesik,Italy,41.902782,12.496366,IT & IT Services,Medium (201-500),Emily Johnson,2024-04-12,Custom solution,Qualified,2,,,4611,90,2024-06-04,,2024,2024-04,53,,False,False,False,False,False,Medium (201-500)
"Cummings, Weimann and Zulauf",Italy,41.902782,12.496366,Professional Services  & Consulting,Medium (201-500),Sarah Davis,2024-04-19,Custom solution,Qualified,2,,,2657,30,2024-10-06,,2024,2024-04,170,,False,False,False,False,False,Medium (201-500)
Aufderhar Inc,Belgium,51.260197,4.402771,Telecommunications,Medium (201-500),John Smith,2024-02-06,SAAS,Qualified,2,,,5314,10,2024-07-29,,2024,2024-02,174,,False,False,False,False,True,Medium (201-500)
Watsica-Pollich,Germany,52.520008,13.404954,Telecommunications,Medium (201-500),Sarah Davis,2024-02-25,Services,Qualified,2,,,7450,70,2024-05-01,,2024,2024-02,66,,False,False,False,False,False,Medium (201-500)
Hilll-Stehr,Portugal,38.736946,-9.142685,Energy & Utilities,Medium (201-500),Kevin Anderson,2024-03-27,SAAS,Qualified,2,,,5717,60,2024-09-29,,2024,2024-03,186,,False,False,False,False,True,Medium (201-500)
Dooley Group,Germany,52.520008,13.404954,Telecommunications,Medium (201-500),Michael Brown,2024-03-06,SAAS,Qualified,2,,,1475,20,2024-05-06,,2024,2024-03,61,,False,False,False,False,True,Medium (201-500)
Lebsack-Carroll,Switzerland,46.204391,6.143158,Transportation & Logistics,Medium (201-500),Laura Thompson,2024-01-28,Services,Qualified,2,,,623,20,2024-04-30,,2024,2024-01,93,,False,False,False,False,False,Medium (201-500)
Tremblay and Sons,France,48.864716,2.349014,IT & IT Services,Medium (201-500),David Wilson,2024-05-17,Custom solution,Qualified,2,,,4917,20,2025-01-13,,2024,2024-05,241,,False,False,False,False,False,Medium (201-500)
Wiegand-Schroeder,Switzerland,46.204391,6.143158,Telecommunications,Medium (201-500),Michael Brown,2024-02-24,Services,Qualified,2,,,7208,50,2024-10-18,,2024,2024-02,237,,False,False,False,False,False,Medium (201-500)
Reynolds Inc,Switzerland,46.204391,6.143158,Agriculture & Mining,Medium (201-500),Michael Brown,2024-01-09,SAAS,Qualified,2,,,4534,10,2024-02-10,,2024,2024-01,32,,False,False,False,False,True,Medium (201-500)
Huel-Smitham,Italy,41.902782,12.496366,Education & Science,Medium (201-500),Laura Thompson,2024-04-06,SAAS,Qualified,2,,,7112,40,2024-08-25,,2024,2024-04,141,,False,False,False,False,True,Medium (201-500)
Cassin Group,Italy,41.902782,12.496366,Banking and Finance,Medium (201-500),Emily Johnson,2024-01-09,Services,Qualified,2,,,2505,60,2024-09-10,,2024,2024-01,245,,False,False,False,False,False,Medium (201-500)
"Effertz, Stark and DuBuque",Italy,41.902782,12.496366,Banking and Finance,Medium (201-500),Jessica Martinez,2024-03-19,Services,Qualified,2,,,2181,100,2024-11-20,,2024,2024-03,246,,False,False,False,False,False,Medium (201-500)
Harris-Lockman,Switzerland,46.204391,6.143158,Agriculture & Mining,Medium (201-500),Laura Thompson,2024-01-11,Services,Qualified,2,,,5144,40,2024-07-21,,2024,2024-01,192,,False,False,False,False,False,Medium (201-500)
"Klocko, Herzog and Ruecker",Spain,40.416775,-3.70379,IT & IT Services,Medium (201-500),Laura Thompson,2024-01-20,SAAS,Qualified,2,,,2097,20,2024-12-12,,2024,2024-01,327,,False,False,False,False,True,Medium (201-500)
Gibson Inc,France,48.864716,2.349014,Manufacturing & Production,Medium (201-500),Laura Thompson,2024-05-17,Custom solution,Qualified,2,,,4640,20,2025-02-22,,2024,2024-05,281,,False,False,False,False,False,Medium (201-500)
Dickinson-Murphy,France,48.864716,2.349014,Entertainment & Media & Hospitality,Medium (201-500),Laura Thompson,2024-02-09,SAAS,Qualified,2,,,3447,40,2025-01-12,,2024,2024-02,338,,False,False,False,False,True,Medium (201-500)
Bernier-Beatty,France,48.864716,2.349014,Government Administration Healthcare,Medium (201-500),Laura Thompson,2024-03-17,SAAS,Qualified,2,,,7072,80,2024-04-06,,2024,2024-03,20,,False,False,False,False,True,Medium (201-500)
Daugherty LLC,Belgium,51.260197,4.402771,Transportation & Logistics,Medium (201-500),Michael Brown,2024-02-27,Services,Qualified,2,,,4044,40,2024-08-18,,2024,2024-02,173,,False,False,False,False,False,Medium (201-500)
Ziemann-Kessler,Germany,52.520008,13.404954,Construction & Engineering,Medium (201-500),Michael Brown,2024-01-31,SAAS,Qualified,2,,,6569,90,2024-04-05,,2024,2024-01,65,,False,False,False,False,True,Medium (201-500)
"Schumm, Crona and Auer",Italy,41.902782,12.496366,Banking and Finance,Medium (201-500),Sarah Davis,2024-03-17,Services,Qualified,2,,,2969,30,2024-06-23,,2024,2024-03,98,,False,False,False,False,False,Medium (201-500)
Crooks-Green,France,48.864716,2.349014,IT & IT Services,Medium (201-500),Sarah Davis,2024-02-06,Custom solution,Qualified,2,,,4957,90,2024-12-14,,2024,2024-02,312,,False,False,False,False,False,Medium (201-500)
Pacocha-Bartell,Italy,41.902782,12.496366,IT & IT Services,Medium (201-500),Jessica Martinez,2024-05-12,Services,Qualified,2,,,6457,30,2025-03-06,,2024,2024-05,298,,False,False,False,False,False,Medium (201-500)
Thompson-Osinski,Portugal,38.736946,-9.142685,IT & IT Services,Medium (201-500),Emily Johnson,2024-03-13,SAAS,Qualified,2,,,2032,20,2025-03-12,,2024,2024-03,364,,False,False,False,False,True,Medium (201-500)
Little-Runte,Portugal,38.736946,-9.142685,Transportation & Logistics,Medium (201-500),Emily Johnson,2024-02-03,SAAS,Qualified,2,,,1523,60,2025-01-12,,2024,2024-02,344,,False,False,False,False,True,Medium (201-500)
"Weissnat, Stamm and Marquardt",Netherlands,52.370216,4.895168,Banking and Finance,Medium (201-500),Laura Thompson,2024-02-16,Custom solution,Qualified,2,,,4986,60,2024-12-29,,2024,2024-02,317,,False,False,False,False,False,Medium (201-500)
Kuphal Inc,Spain,40.416775,-3.70379,Banking and Finance,Medium (201-500),Laura Thompson,2024-05-03,Services,Qualified,2,,,3346,50,2025-03-25,,2024,2024-05,326,,False,False,False,False,False,Medium (201-500)
Jaskolski-Welch,Austria,48.210033,16.363449,Retail & Distribution,Medium (201-500),Jessica Martinez,2024-03-17,Services,Qualified,2,,,6674,30,2024-09-10,,2024,2024-03,177,,False,False,False,False,False,Medium (201-500)
"Shanahan, O'Keefe and Lemke",Germany,52.520008,13.404954,Banking and Finance,Medium (201-500),Laura Thompson,2024-03-07,SAAS,Qualified,2,,,7677,40,2024-09-29,,2024,2024-03,206,,False,False,False,False,True,Medium (201-500)
Heller-Morissette,Italy,41.902782,12.496366,Government Administration Healthcare,Medium (201-500),Jessica Martinez,2024-01-07,SAAS,Qualified,2,,,1132,30,2024-06-09,,2024,2024-01,154,,False,False,False,False,True,Medium (201-500)
Goldner Inc,Switzerland,46.204391,6.143158,Telecommunications,Medium (201-500),Laura Thompson,2024-03-21,Custom solution,Qualified,2,,,639,50,2024-05-30,,2024,2024-03,70,,False,False,False,False,False,Medium (201-500)
Hyatt-Pouros,Switzerland,46.204391,6.143158,Education & Science,Medium (201-500),Kevin Anderson,2024-04-13,Custom solution,Qualified,2,,,257,20,2024-06-04,,2024,2024-04,52,,False,False,False,False,False,Medium (201-500)
"Kshlerin, Jacobson and Funk",Germany,52.520008,13.404954,Banking and Finance,Medium (201-500),John Smith,2024-02-08,SAAS,Qualified,2,,,5783,40,2024-04-06,,2024,2024-02,58,,False,False,False,False,True,Medium (201-500)
"Heidenreich, MacGyver and Greenholt",Portugal,38.736946,-9.142685,Retail & Distribution,Medium (201-500),Laura Thompson,2024-04-26,Custom solution,Qualified,2,,,1490,40,2024-12-11,,2024,2024-04,229,,False,False,False,False,False,Medium (201-500)
"Blanda, Champlin and Rempel",Italy,41.902782,12.496366,Education & Science,Medium (201-500),Laura Thompson,2024-01-29,Custom solution,Qualified,2,,,3366,10,2024-11-27,,2024,2024-01,303,,False,False,False,False,False,Medium (201-500)
Funk Inc,Portugal,38.736946,-9.142685,Banking and Finance,Medium (201-500),Jessica Martinez,2024-04-02,Services,Qualified,2,,,1686,60,2024-12-28,,2024,2024-04,270,,False,False,False,False,False,Medium (201-500)
Wehner-Dach,Germany,52.520008,13.404954,Education & Science,Medium (201-500),Michael Brown,2024-02-11,Services,Qualified,2,,,2609,10,2024-09-23,,2024,2024-02,225,,False,False,False,False,False,Medium (201-500)
VonRueden LLC,Switzerland,46.204391,6.143158,Manufacturing & Production,Medium (201-500),Laura Thompson,2024-02-26,SAAS,Qualified,2,,,1564,80,2024-11-10,,2024,2024-02,258,,False,False,False,False,True,Medium (201-500)
Connelly and Sons,Italy,41.902782,12.496366,Transportation & Logistics,Medium (201-500),Laura Thompson,2024-03-29,SAAS,Qualified,2,,,4067,10,2024-10-15,,2024,2024-03,200,,False,False,False,False,True,Medium (201-500)
McKenzie-Spinka,Germany,52.520008,13.404954,Transportation & Logistics,Medium (201-500),David Wilson,2024-05-26,SAAS,Qualified,2,,,1309,30,2024-09-06,,2024,2024-05,103,,False,False,False,False,True,Medium (201-500)
"Tillman, Hand and Lesch",France,48.864716,2.349014,Government Administration Healthcare,Medium (201-500),Jessica Martinez,2024-03-12,Services,Qualified,2,,,7137,10,2024-10-01,,2024,2024-03,203,,False,False,False,False,False,Medium (201-500)
Von-Ritchie,Austria,48.210033,16.363449,Telecommunications,Medium (201-500),Jessica Martinez,2024-04-22,Services,Qualified,2,,,4458,50,2024-09-15,,2024,2024-04,146,,False,False,False,False,False,Medium (201-500)
Batz LLC,Austria,48.210033,16.363449,Transportation & Logistics,Medium (201-500),Michael Brown,2024-01-31,Services,Qualified,2,,,5419,50,2024-11-20,,2024,2024-01,294,,False,False,False,False,False,Medium (201-500)
Reilly LLC,Austria,48.210033,16.363449,Transportation & Logistics,Medium (201-500),Emily Johnson,2024-01-03,Services,Qualified,2,,,1938,40,2024-12-10,,2024,2024-01,342,,False,False,False,False,False,Medium (201-500)
Kirlin-Bartell,Italy,41.902782,12.496366,Retail & Distribution,Medium (201-500),Laura Thompson,2024-01-31,Services,Qualified,2,,,3660,90,2024-12-13,,2024,2024-01,317,,False,False,False,False,False,Medium (201-500)
Buckridge-Hickle,Germany,52.520008,13.404954,IT & IT Services,Medium (201-500),Michael Brown,2024-04-22,Custom solution,Qualified,2,,,5705,60,2024-06-07,,2024,2024-04,46,,False,False,False,False,False,Medium (201-500)
Daugherty Inc,Germany,52.520008,13.404954,Recreation & Sports,Medium (201-500),Michael Brown,2024-01-13,Services,Qualified,2,,,353,10,2024-02-19,,2024,2024-01,37,,False,False,False,False,False,Medium (201-500)
"Gusikowski, Lakin and Rice",Switzerland,46.204391,6.143158,Transportation & Logistics,Medium (201-500),David Wilson,2024-02-19,Custom solution,Qualified,2,,,332,80,2024-12-13,,2024,2024-02,298,,False,False,False,False,False,Medium (201-500)
Orn-Crist,Italy,41.902782,12.496366,Banking and Finance,Medium (201-500),Jessica Martinez,2024-02-14,Services,Qualified,2,,,6283,40,2024-11-11,,2024,2024-02,271,,False,False,False,False,False,Medium (201-500)
Metz Inc,Portugal,38.736946,-9.142685,Recreation & Sports,Medium (201-500),Michael Brown,2024-04-10,Custom solution,Qualified,2,,,6709,20,2025-01-18,,2024,2024-04,283,,False,False,False,False,False,Medium (201-500)
Hermann Group,Switzerland,46.204391,6.143158,Banking and Finance,Medium (201-500),Sarah Davis,2024-04-03,Custom solution,Qualified,2,,,982,40,2025-01-23,,2024,2024-04,295,,False,False,False,False,False,Medium (201-500)
"Flatley, Lemke and Grady",Portugal,38.736946,-9.142685,IT & IT Services,Medium (201-500),Sarah Davis,2024-02-22,Services,Qualified,2,,,6298,90,2024-12-31,,2024,2024-02,313,,False,False,False,False,False,Medium (201-500)
"Terry, Gleichner and Stehr",Austria,48.210033,16.363449,Professional Services  & Consulting,Medium (201-500),Laura Thompson,2024-03-07,SAAS,Qualified,2,,,4983,10,2025-02-13,,2024,2024-03,343,,False,False,False,False,True,Medium (201-500)
"Barton, Altenwerth and Bailey",Portugal,38.736946,-9.142685,Government Administration Healthcare,Medium (201-500),Kevin Anderson,2024-01-09,Custom solution,Qualified,2,,,4937,50,2024-08-26,,2024,2024-01,230,,False,False,False,False,False,Medium (201-500)
Kautzer Group,Germany,52.520008,13.404954,Energy & Utilities,Medium (201-500),Michael Brown,2024-02-17,SAAS,Qualified,2,,,5953,20,2024-03-30,,2024,2024-02,42,,False,False,False,False,True,Medium (201-500)
"Turcotte, Anderson and Cormier",Italy,41.902782,12.496366,Energy & Utilities,Medium (201-500),Laura Thompson,2024-03-01,Services,Qualified,2,,,6065,30,2024-10-04,,2024,2024-03,217,,False,False,False,False,False,Medium (201-500)
"Kuphal, Schmeler and Christiansen",France,48.864716,2.349014,Transportation & Logistics,Medium (201-500),John Smith,2024-05-21,SAAS,Qualified,2,,,1341,60,2024-09-08,,2024,2024-05,110,,False,False,False,False,True,Medium (201-500)
Kuvalis Group,Austria,48.210033,16.363449,Entertainment & Media & Hospitality,Medium (201-500),Laura Thompson,2024-02-26,Custom solution,Qualified,2,,,4659,100,2024-06-24,,2024,2024-02,119,,False,False,False,False,False,Medium (201-500)
Hilpert-Auer,Italy,41.902782,12.496366,Education & Science,Medium (201-500),Sarah Davis,2024-02-24,Services,Qualified,2,,,6927,40,2024-11-12,,2024,2024-02,262,,False,False,False,False,False,Medium (201-500)
Smitham Group,Italy,41.902782,12.496366,IT & IT Services,Medium (201-500),Sarah Davis,2024-05-24,Custom solution,Qualified,2,,,4714,40,2024-10-26,,2024,2024-05,155,,False,False,False,False,False,Medium (201-500)
Stokes and Sons,Spain,40.416775,-3.70379,Transportation & Logistics,Medium (201-500),John Smith,2024-01-18,SAAS,Qualified,2,,,3326,40,2024-09-05,,2024,2024-01,231,,False,False,False,False,True,Medium (201-500)
Mills Group,Germany,52.520008,13.404954,Transportation & Logistics,Medium (201-500),John Smith,2024-03-13,Services,Qualified,2,,,7823,30,2024-05-25,,2024,2024-03,73,,False,False,False,False,False,Medium (201-500)
"Considine, Treutel and Koss",Portugal,38.736946,-9.142685,Professional Services  & Consulting,Medium (201-500),Laura Thompson,2024-01-24,Services,Qualified,2,,,5707,50,2024-04-03,,2024,2024-01,70,,False,False,False,False,False,Medium (201-500)
"Senger, Goldner and Simonis",Italy,41.902782,12.496366,Agriculture & Mining,Medium (201-500),Sarah Davis,2024-04-17,SAAS,Qualified,2,,,6509,70,2025-02-12,,2024,2024-04,301,,False,False,False,False,True,Medium (201-500)
"Grant, Blanda and Block",Germany,52.520008,13.404954,Banking and Finance,Medium (201-500),Kevin Anderson,2024-03-01,Custom solution,Qualified,2,,,2420,50,2024-09-28,,2024,2024-03,211,,False,False,False,False,False,Medium (201-500)
Herzog LLC,Germany,52.520008,13.404954,Transportation & Logistics,Medium (201-500),Laura Thompson,2024-02-16,SAAS,Qualified,2,,,7198,30,2024-10-09,,2024,2024-02,236,,False,False,False,False,True,Medium (201-500)
"Spinka, Kozey and Shanahan",Spain,40.416775,-3.70379,Banking and Finance,Medium (201-500),Michael Brown,2024-03-14,Services,Qualified,2,,,1418,10,2024-11-09,,2024,2024-03,240,,False,False,False,False,False,Medium (201-500)
Osinski-Dicki,France,48.864716,2.349014,Banking and Finance,Medium (201-500),David Wilson,2024-01-28,Services,Qualified,2,,,3488,40,2024-10-14,,2024,2024-01,260,,False,False,False,False,False,Medium (201-500)
"Crona, Aufderhar and Satterfield",Italy,41.902782,12.496366,Banking and Finance,Medium (201-500),Jessica Martinez,2024-04-11,SAAS,Qualified,2,,,6456,30,2024-08-09,,2024,2024-04,120,,False,False,False,False,True,Medium (201-500)
Monahan-Cummings,Netherlands,52.370216,4.895168,Manufacturing & Production,Medium (201-500),Sarah Davis,2024-01-23,Services,Qualified,2,,,7122,30,2024-04-30,,2024,2024-01,98,,False,False,False,False,False,Medium (201-500)
Corkery-Steuber,Netherlands,52.370216,4.895168,IT & IT Services,Medium (201-500),Jessica Martinez,2024-05-05,Services,Qualified,2,,,782,60,2024-10-16,,2024,2024-05,164,,False,False,False,False,False,Medium (201-500)
"Bergnaum, Koch and Rutherford",Germany,52.520008,13.404954,Professional Services  & Consulting,Medium (201-500),Laura Thompson,2024-03-15,Services,Qualified,2,,,7885,10,2024-06-07,,2024,2024-03,84,,False,False,False,False,False,Medium (201-500)
"Herman, Doyle and Hilpert",Portugal,38.736946,-9.142685,Government Administration Healthcare,Medium (201-500),Jessica Martinez,2024-03-27,Services,Qualified,2,,,2409,30,2025-02-27,,2024,2024-03,337,,False,False,False,False,False,Medium (201-500)
"D'Amore, Marvin and Jacobs",Italy,41.902782,12.496366,Government Administration Healthcare,Medium (201-500),Laura Thompson,2024-03-23,Services,Qualified,2,,,1661,30,2025-01-29,,2024,2024-03,312,,False,False,False,False,False,Medium (201-500)
Upton-Abshire,Italy,41.902782,12.496366,Banking and Finance,Medium (201-500),Michael Brown,2024-03-15,SAAS,Qualified,2,,,6285,50,2024-09-19,,2024,2024-03,188,,False,False,False,False,True,Medium (201-500)
Cormier-Schulist,Spain,40.416775,-3.70379,IT & IT Services,Medium (201-500),Laura Thompson,2024-01-15,Services,Qualified,2,,,7964,40,2024-03-02,,2024,2024-01,47,,False,False,False,False,False,Medium (201-500)
Schowalter LLC,Switzerland,46.204391,6.143158,Telecommunications,Medium (201-500),Emily Johnson,2024-02-03,Services,Qualified,2,,,5051,20,2024-09-11,,2024,2024-02,221,,False,False,False,False,False,Medium (201-500)
Runolfsson-Hudson,France,48.864716,2.349014,Government Administration Healthcare,Medium (201-500),John Smith,2024-03-15,SAAS,Qualified,2,,,632,50,2024-12-11,,2024,2024-03,271,,False,False,False,False,True,Medium (201-500)
Hudson-Hahn,Netherlands,52.370216,4.895168,Professional Services  & Consulting,Medium (201-500),Jessica Martinez,2024-03-20,Services,Qualified,2,,,1725,30,2024-08-21,,2024,2024-03,154,,False,False,False,False,False,Medium (201-500)
"Leannon, Yost and Nitzsche",Portugal,38.736946,-9.142685,Transportation & Logistics,Medium (201-500),Laura Thompson,2024-05-13,Services,Qualified,2,,,5678,60,2025-04-16,,2024,2024-05,338,,False,False,False,False,False,Medium (201-500)
"Denesik, Swaniawski and Schulist",France,48.864716,2.349014,Manufacturing & Production,Medium (201-500),Sarah Davis,2024-04-10,Services,Qualified,2,,,4954,30,2024-11-07,,2024,2024-04,211,,False,False,False,False,False,Medium (201-500)
"Price, Haley and Satterfield",Germany,52.520008,13.404954,Transportation & Logistics,Medium (201-500),Kevin Anderson,2024-01-12,Services,Qualified,2,,,4879,20,2024-07-17,,2024,2024-01,187,,False,False,False,False,False,Medium (201-500)
Witting Group,Portugal,38.736946,-9.142685,Government Administration Healthcare,Medium (201-500),Michael Brown,2024-03-31,Services,Qualified,2,,,1183,30,2024-11-24,,2024,2024-03,238,,False,False,False,False,False,Medium (201-500)
Funk-Kuphal,France,48.864716,2.349014,IT & IT Services,Medium (201-500),Laura Thompson,2024-03-27,SAAS,Qualified,2,,,5257,100,2024-12-15,,2024,2024-03,263,,False,False,False,False,True,Medium (201-500)
"Collier, Rempel and Kertzmann",Italy,41.902782,12.496366,IT & IT Services,Medium (201-500),Laura Thompson,2024-05-19,SAAS,Qualified,2,,,830,40,2024-06-30,,2024,2024-05,42,,False,False,False,False,True,Medium (201-500)
Lang-Halvorson,Spain,40.416775,-3.70379,Government Administration Healthcare,Medium (201-500),Sarah Davis,2024-05-13,Services,Qualified,2,,,2420,60,2025-03-20,,2024,2024-05,311,,False,False,False,False,False,Medium (201-500)
Kovacek-Quigley,Italy,41.902782,12.496366,Energy & Utilities,Medium (201-500),Michael Brown,2024-02-25,SAAS,Qualified,2,,,2956,40,2025-02-24,,2024,2024-02,365,,False,False,False,False,True,Medium (201-500)
Howell-Weimann,Spain,40.416775,-3.70379,Government Administration Healthcare,Medium (201-500),Jessica Martinez,2024-01-13,Services,Qualified,2,,,6011,50,2024-05-29,,2024,2024-01,137,,False,False,False,False,False,Medium (201-500)
Beatty-Marvin,Germany,52.520008,13.404954,Transportation & Logistics,Medium (201-500),Kevin Anderson,2024-03-16,SAAS,Qualified,2,,,2199,20,2024-09-21,,2024,2024-03,189,,False,False,False,False,True,Medium (201-500)
Miller LLC,France,48.864716,2.349014,Banking and Finance,Medium (201-500),David Wilson,2024-04-15,Services,Qualified,2,,,3395,50,2024-05-29,,2024,2024-04,44,,False,False,False,False,False,Medium (201-500)
Mosciski-Buckridge,France,48.864716,2.349014,Education & Science,Medium (201-500),Sarah Davis,2024-01-03,Custom solution,Qualified,2,,,6029,40,2024-12-24,,2024,2024-01,356,,False,False,False,False,False,Medium (201-500)
Harber-Ebert,Italy,41.902782,12.496366,Banking and Finance,Medium (201-500),Emily Johnson,2024-03-14,Services,Qualified,2,,,1413,70,2024-12-13,,2024,2024-03,274,,False,False,False,False,False,Medium (201-500)
"Mann, Bogan and Reilly",Portugal,38.736946,-9.142685,Transportation & Logistics,Medium (201-500),John Smith,2024-03-25,Services,Qualified,2,,,6922,90,2025-01-03,,2024,2024-03,284,,False,False,False,False,False,Medium (201-500)
"Aufderhar, Metz and Casper",Switzerland,46.204391,6.143158,Transportation & Logistics,Medium (201-500),Jessica Martinez,2024-03-02,SAAS,Qualified,2,,,6394,30,2024-06-19,,2024,2024-03,109,,False,False,False,False,True,Medium (201-500)
"Reichert, Gislason and Koepp",Italy,41.902782,12.496366,Education & Science,Medium (201-500),Jessica Martinez,2024-03-05,Services,Qualified,2,,,7411,20,2024-05-18,,2024,2024-03,74,,False,False,False,False,False,Medium (201-500)
Carroll-Bogisich,Germany,52.520008,13.404954,Retail & Distribution,Medium (201-500),Michael Brown,2024-01-30,Services,Qualified,2,,,1343,100,2024-11-13,,2024,2024-01,288,,False,False,False,False,False,Medium (201-500)
"Batz, Wisozk and Hamill",Germany,52.520008,13.404954,Transportation & Logistics,Medium (201-500),Emily Johnson,2024-04-12,SAAS,Qualified,2,,,667,40,2024-10-10,,2024,2024-04,181,,False,False,False,False,True,Medium (201-500)
"Leuschke, Beer and White",France,48.864716,2.349014,Energy & Utilities,Medium (201-500),John Smith,2024-03-01,Custom solution,Qualified,2,,,4704,90,2024-08-24,,2024,2024-03,176,,False,False,False,False,False,Medium (201-500)
Kutch-Cronin,Germany,52.520008,13.404954,Agriculture & Mining,Medium (201-500),Emily Johnson,2024-02-28,Services,Qualified,2,,,1937,70,2024-12-09,,2024,2024-02,285,,False,False,False,False,False,Medium (201-500)
"Parisian, Volkman and Gerhold",Belgium,51.260197,4.402771,Professional Services  & Consulting,Medium (201-500),Emily Johnson,2024-05-24,Services,Qualified,2,,,3060,20,2024-07-12,,2024,2024-05,49,,False,False,False,False,False,Medium (201-500)
"Stanton, Smith and Bernhard",Germany,52.520008,13.404954,Transportation & Logistics,Medium (201-500),Laura Thompson,2024-02-04,Services,Qualified,2,,,656,60,2024-08-09,,2024,2024-02,187,,False,False,False,False,False,Medium (201-500)
Ryan-Schimmel,Germany,52.520008,13.404954,Professional Services  & Consulting,Medium (201-500),Emily Johnson,2024-01-17,Services,Qualified,2,,,6655,60,2024-06-25,,2024,2024-01,160,,False,False,False,False,False,Medium (201-500)
Cronin Group,Germany,52.520008,13.404954,Professional Services  & Consulting,Medium (201-500),Kevin Anderson,2024-05-05,Services,Qualified,2,,,7229,70,2024-10-24,,2024,2024-05,172,,False,False,False,False,False,Medium (201-500)
"Kautzer, Hodkiewicz and Bode",Germany,52.520008,13.404954,Professional Services  & Consulting,Medium (201-500),Jessica Martinez,2024-04-11,Custom solution,Qualified,2,,,549,60,2025-01-20,,2024,2024-04,284,,False,False,False,False,False,Medium (201-500)
Labadie Inc,Switzerland,46.204391,6.143158,Professional Services  & Consulting,Medium (201-500),Laura Thompson,2024-04-27,Services,Qualified,2,,,5561,40,2025-04-08,,2024,2024-04,346,,False,False,False,False,False,Medium (201-500)
Mertz-Koelpin,Spain,40.416775,-3.70379,IT & IT Services,Medium (201-500),David Wilson,2024-03-29,Custom solution,Qualified,2,,,4742,10,2024-07-09,,2024,2024-03,102,,False,False,False,False,False,Medium (201-500)
"Dietrich, Stehr and Herman",Germany,52.520008,13.404954,Education & Science,Medium (201-500),Sarah Davis,2024-05-16,Custom solution,Qualified,2,,,2684,50,2024-06-24,,2024,2024-05,39,,False,False,False,False,False,Medium (201-500)
"Prohaska, Christiansen and Yost",Spain,40.416775,-3.70379,Professional Services  & Consulting,Medium (201-500),Jessica Martinez,2024-01-22,SAAS,Qualified,2,,,3052,30,2024-04-18,,2024,2024-01,87,,False,False,False,False,True,Medium (201-500)
Walker Group,Italy,41.902782,12.496366,Manufacturing & Production,Medium (201-500),Laura Thompson,2024-04-10,Services,Qualified,2,,,2877,100,2025-02-01,,2024,2024-04,297,,False,False,False,False,False,Medium (201-500)
"Monahan, Pfannerstill and Lindgren",Austria,48.210033,16.363449,Recreation & Sports,Medium (201-500),Sarah Davis,2024-01-11,Services,Qualified,2,,,2716,30,2024-12-31,,2024,2024-01,355,,False,False,False,False,False,Medium (201-500)
Boehm Inc,Germany,52.520008,13.404954,Education & Science,Medium (201-500),Jessica Martinez,2024-02-23,SAAS,Qualified,2,,,4548,20,2024-08-03,,2024,2024-02,162,,False,False,False,False,True,Medium (201-500)
Bins-Hodkiewicz,Italy,41.902782,12.496366,IT & IT Services,Medium (201-500),Laura Thompson,2024-04-18,Services,Qualified,2,,,7713,60,2024-10-16,,2024,2024-04,181,,False,False,False,False,False,Medium (201-500)
O'Reilly-Heller,Netherlands,52.370216,4.895168,Transportation & Logistics,Medium (201-500),Kevin Anderson,2024-04-06,SAAS,Qualified,2,,,3681,40,2024-06-29,,2024,2024-04,84,,False,False,False,False,True,Medium (201-500)
Baumbach and Sons,Netherlands,52.370216,4.895168,Construction & Engineering,Medium (201-500),John Smith,2024-04-21,SAAS,Qualified,2,,,4976,20,2024-11-02,,2024,2024-04,195,,False,False,False,False,True,Medium (201-500)
Brekke Inc,France,48.864716,2.349014,Transportation & Logistics,Medium (201-500),Jessica Martinez,2024-01-16,Services,Qualified,2,,,4089,40,2024-09-10,,2024,2024-01,238,,False,False,False,False,False,Medium (201-500)
"Bauch, Fadel and Reichert",Belgium,51.260197,4.402771,Agriculture & Mining,Medium (201-500),Kevin Anderson,2024-02-16,SAAS,Qualified,2,,,2882,20,2024-03-12,,2024,2024-02,25,,False,False,False,False,True,Medium (201-500)
"Wolf, Halvorson and Koepp",Italy,41.902782,12.496366,Manufacturing & Production,Medium (201-500),Kevin Anderson,2024-01-03,Custom solution,Qualified,2,,,6936,40,2024-03-09,,2024,2024-01,66,,False,False,False,False,False,Medium (201-500)
"Boehm, Satterfield and Quigley",France,48.864716,2.349014,Transportation & Logistics,Medium (201-500),Michael Brown,2024-01-29,SAAS,Qualified,2,,,7679,20,2024-04-03,,2024,2024-01,65,,False,False,False,False,True,Medium (201-500)
Marquardt-Bergnaum,Italy,41.902782,12.496366,IT & IT Services,Medium (201-500),Jessica Martinez,2024-01-09,Services,Qualified,2,,,3169,50,2024-11-21,,2024,2024-01,317,,False,False,False,False,False,Medium (201-500)
"Bashirian, Wiegand and Jerde",Germany,52.520008,13.404954,Professional Services  & Consulting,Medium (201-500),Emily Johnson,2024-02-06,Custom solution,Qualified,2,,,1182,10,2024-05-17,,2024,2024-02,101,,False,False,False,False,False,Medium (201-500)
"Beatty, Baumbach and Lubowitz",Switzerland,46.204391,6.143158,IT & IT Services,Medium (201-500),Sarah Davis,2024-02-06,Services,Qualified,2,,,3183,50,2024-07-06,,2024,2024-02,151,,False,False,False,False,False,Medium (201-500)
"Pouros, Boyle and Ullrich",Belgium,51.260197,4.402771,IT & IT Services,Medium (201-500),Sarah Davis,2024-05-01,Services,Qualified,2,,,4996,40,2025-01-03,,2024,2024-05,247,,False,False,False,False,False,Medium (201-500)
Brakus-Metz,France,48.864716,2.349014,Professional Services  & Consulting,Medium (201-500),Michael Brown,2024-02-27,Custom solution,Qualified,2,,,7982,20,2024-07-14,,2024,2024-02,138,,False,False,False,False,False,Medium (201-500)
Dibbert Group,Netherlands,52.370216,4.895168,Transportation & Logistics,Medium (201-500),Laura Thompson,2024-02-05,Custom solution,Qualified,2,,,2860,40,2024-10-18,,2024,2024-02,256,,False,False,False,False,False,Medium (201-500)
Weimann-Will,Italy,41.902782,12.496366,Telecommunications,Medium (201-500),Laura Thompson,2024-04-01,SAAS,Qualified,2,,,2517,20,2024-12-02,,2024,2024-04,245,,False,False,False,False,True,Medium (201-500)
Weimann-Dibbert,Italy,41.902782,12.496366,Professional Services  & Consulting,Medium (201-500),David Wilson,2024-02-25,SAAS,Qualified,2,,,7513,40,2024-12-05,,2024,2024-02,284,,False,False,False,False,True,Medium (201-500)
Hettinger-Gleason,Italy,41.902782,12.496366,Education & Science,Medium (201-500),Jessica Martinez,2024-04-15,SAAS,Qualified,2,,,1920,40,2024-10-14,,2024,2024-04,182,,False,False,False,False,True,Medium (201-500)
Ritchie and Sons,Spain,40.416775,-3.70379,Banking and Finance,Medium (201-500),Laura Thompson,2024-01-02,Custom solution,Qualified,2,,,7974,60,2024-10-09,,2024,2024-01,281,,False,False,False,False,False,Medium (201-500)
"Mann, Erdman and O'Keefe",France,48.864716,2.349014,Banking and Finance,Medium (201-500),Laura Thompson,2024-05-01,SAAS,Qualified,2,,,7600,40,2024-07-06,,2024,2024-05,66,,False,False,False,False,True,Medium (201-500)
"Herzog, Legros and Wuckert",Spain,40.416775,-3.70379,Professional Services  & Consulting,Medium (201-500),Laura Thompson,2024-02-06,SAAS,Qualified,2,,,294,40,2024-12-21,,2024,2024-02,319,,False,False,False,False,True,Medium (201-500)
"Schuster, Spencer and Gerhold",Belgium,51.260197,4.402771,Retail & Distribution,Medium (201-500),Michael Brown,2024-02-26,Services,Qualified,2,,,6756,60,2024-03-21,,2024,2024-02,24,,False,False,False,False,False,Medium (201-500)
"Hodkiewicz, Toy and Konopelski",Italy,41.902782,12.496366,Transportation & Logistics,Medium (201-500),Jessica Martinez,2024-04-19,Custom solution,Qualified,2,,,6193,40,2024-06-22,,2024,2024-04,64,,False,False,False,False,False,Medium (201-500)
Larkin-Little,Switzerland,46.204391,6.143158,Manufacturing & Production,Medium (201-500),Kevin Anderson,2024-02-05,Custom solution,Qualified,2,,,497,100,2024-04-29,,2024,2024-02,84,,False,False,False,False,False,Medium (201-500)
Schmidt LLC,France,48.864716,2.349014,Retail & Distribution,Medium (201-500),David Wilson,2024-02-28,SAAS,Qualified,2,,,1304,20,2024-10-08,,2024,2024-02,223,,False,False,False,False,True,Medium (201-500)
Murray-Watsica,Italy,41.902782,12.496366,Construction & Engineering,Medium (201-500),Kevin Anderson,2024-03-08,Services,Qualified,2,,,3809,90,2024-04-26,,2024,2024-03,49,,False,False,False,False,False,Medium (201-500)
Boyer Group,Austria,48.210033,16.363449,Banking and Finance,Medium (201-500),Michael Brown,2024-01-30,Services,Qualified,2,,,310,40,2024-03-18,,2024,2024-01,48,,False,False,False,False,False,Medium (201-500)
"Stroman, Block and Koepp",Italy,41.902782,12.496366,Transportation & Logistics,Medium (201-500),Michael Brown,2024-02-14,Services,Qualified,2,,,1032,60,2024-08-28,,2024,2024-02,196,,False,False,False,False,False,Medium (201-500)
Johnson and Sons,Italy,41.902782,12.496366,Transportation & Logistics,Medium (201-500),David Wilson,2024-05-24,SAAS,Qualified,2,,,6064,60,2025-03-07,,2024,2024-05,287,,False,False,False,False,True,Medium (201-500)
Mueller-Conn,Italy,41.902782,12.496366,Energy & Utilities,Medium (201-500),Jessica Martinez,2024-03-23,Services,Qualified,2,,,6973,30,2024-07-11,,2024,2024-03,110,,False,False,False,False,False,Medium (201-500)
Balistreri-Schultz,Austria,48.210033,16.363449,Banking and Finance,Medium (201-500),Michael Brown,2024-01-28,SAAS,Qualified,2,,,2036,60,2024-08-22,,2024,2024-01,207,,False,False,False,False,True,Medium (201-500)
Cruickshank Group,Spain,40.416775,-3.70379,IT & IT Services,Medium (201-500),Laura Thompson,2024-01-21,Services,Qualified,2,,,6005,100,2024-09-29,,2024,2024-01,252,,False,False,False,False,False,Medium (201-500)
Homenick Group,Germany,52.520008,13.404954,Transportation & Logistics,Medium (201-500),David Wilson,2024-01-15,SAAS,Qualified,2,,,5627,20,2024-03-15,,2024,2024-01,60,,False,False,False,False,True,Medium (201-500)
Muller LLC,Italy,41.902782,12.496366,Telecommunications,Medium (201-500),Michael Brown,2024-01-09,Custom solution,Qualified,2,,,6932,100,2024-06-03,,2024,2024-01,146,,False,False,False,False,False,Medium (201-500)
Schuster LLC,Italy,41.902782,12.496366,Banking and Finance,Medium (201-500),David Wilson,2024-01-21,Services,Qualified,2,,,6150,50,2024-11-09,,2024,2024-01,293,,False,False,False,False,False,Medium (201-500)
"Dare, Tillman and Becker",France,48.864716,2.349014,IT & IT Services,Medium (201-500),Laura Thompson,2024-03-16,SAAS,Qualified,2,,,1581,30,2024-11-07,,2024,2024-03,236,,False,False,False,False,True,Medium (201-500)
"Nolan, Maggio and Hoeger",France,48.864716,2.349014,Professional Services  & Consulting,Medium (201-500),Sarah Davis,2024-03-24,Services,Qualified,2,,,471,50,2024-06-02,,2024,2024-03,70,,False,False,False,False,False,Medium (201-500)
Hermiston-Bergstrom,Germany,52.520008,13.404954,Telecommunications,Medium (201-500),Laura Thompson,2024-01-22,SAAS,Qualified,2,,,1243,40,2024-09-24,,2024,2024-01,246,,False,False,False,False,True,Medium (201-500)
Bradtke and Sons,Portugal,38.736946,-9.142685,Government Administration Healthcare,Medium (201-500),Michael Brown,2024-03-10,Services,Qualified,2,,,580,40,2024-10-14,,2024,2024-03,218,,False,False,False,False,False,Medium (201-500)
Cruickshank and Sons,Germany,52.520008,13.404954,Government Administration Healthcare,Medium (201-500),Laura Thompson,2024-02-04,Services,Qualified,2,,,4648,70,2024-09-02,,2024,2024-02,211,,False,False,False,False,False,Medium (201-500)
Wolff Inc,Italy,41.902782,12.496366,IT & IT Services,Medium (201-500),Laura Thompson,2024-05-02,SAAS,Qualified,2,,,1296,60,2025-02-24,,2024,2024-05,298,,False,False,False,False,True,Medium (201-500)
Lockman-O'Connell,Germany,52.520008,13.404954,Transportation & Logistics,Medium (201-500),Laura Thompson,2024-03-08,Services,Qualified,2,,,4501,30,2024-05-27,,2024,2024-03,80,,False,False,False,False,False,Medium (201-500)
Stehr-Maggio,France,48.864716,2.349014,Banking and Finance,Medium (201-500),Kevin Anderson,2024-02-15,Services,Qualified,2,,,374,20,2024-08-27,,2024,2024-02,194,,False,False,False,False,False,Medium (201-500)
Schaefer-O'Keefe,Italy,41.902782,12.496366,Telecommunications,Medium (201-500),Michael Brown,2024-03-10,Services,Qualified,2,,,1614,50,2024-10-23,,2024,2024-03,227,,False,False,False,False,False,Medium (201-500)
Rempel-Greenfelder,Germany,52.520008,13.404954,Transportation & Logistics,Medium (201-500),Michael Brown,2024-02-14,SAAS,Qualified,2,,,5847,60,2024-12-22,,2024,2024-02,312,,False,False,False,False,True,Medium (201-500)
Berge Inc,Italy,41.902782,12.496366,IT & IT Services,Medium (201-500),Michael Brown,2024-04-07,Services,Qualified,2,,,1232,20,2024-11-29,,2024,2024-04,236,,False,False,False,False,False,Medium (201-500)
Powlowski-Simonis,France,48.864716,2.349014,Transportation & Logistics,Medium (201-500),Michael Brown,2024-03-20,Services,Qualified,2,,,6728,40,2024-04-14,,2024,2024-03,25,,False,False,False,False,False,Medium (201-500)
Prohaska-Kuvalis,France,48.864716,2.349014,IT & IT Services,Medium (201-500),Michael Brown,2024-03-09,Services,Qualified,2,,,5807,40,2025-02-26,,2024,2024-03,354,,False,False,False,False,False,Medium (201-500)
Brakus-Simonis,Austria,48.210033,16.363449,Banking and Finance,Medium (201-500),Jessica Martinez,2024-03-25,SAAS,Qualified,2,,,5401,40,2024-04-25,,2024,2024-03,31,,False,False,False,False,True,Medium (201-500)
"Tillman, VonRueden and Ondricka",Spain,40.416775,-3.70379,Construction & Engineering,Medium (201-500),Michael Brown,2024-01-15,Services,Qualified,2,,,1613,30,2024-06-21,,2024,2024-01,158,,False,False,False,False,False,Medium (201-500)
Batz Inc,Austria,48.210033,16.363449,IT & IT Services,Medium (201-500),Kevin Anderson,2024-05-09,Services,Qualified,2,,,7169,50,2025-03-08,,2024,2024-05,303,,False,False,False,False,False,Medium (201-500)
Medhurst and Sons,Germany,52.520008,13.404954,Government Administration Healthcare,Medium (201-500),Laura Thompson,2024-01-27,Custom solution,Qualified,2,,,1803,20,2024-12-24,,2024,2024-01,332,,False,False,False,False,False,Medium (201-500)
Schoen Inc,Germany,52.520008,13.404954,Professional Services  & Consulting,Medium (201-500),Michael Brown,2024-02-09,SAAS,Qualified,2,,,663,10,2024-05-28,,2024,2024-02,109,,False,False,False,False,True,Medium (201-500)
Toy-Grady,Switzerland,46.204391,6.143158,Banking and Finance,Medium (201-500),Laura Thompson,2024-05-19,Services,Qualified,2,,,885,70,2025-01-29,,2024,2024-05,255,,False,False,False,False,False,Medium (201-500)
Keeling and Sons,Portugal,38.736946,-9.142685,Professional Services  & Consulting,Medium (201-500),Laura Thompson,2024-01-27,Services,Qualified,2,,,7571,40,2024-05-25,,2024,2024-01,119,,False,False,False,False,False,Medium (201-500)
Gusikowski and Sons,Italy,41.902782,12.496366,Agriculture & Mining,Medium (201-500),John Smith,2024-04-27,Services,Qualified,2,,,5058,30,2025-04-22,,2024,2024-04,360,,False,False,False,False,False,Medium (201-500)
"Bahringer, Jerde and Dibbert",Italy,41.902782,12.496366,Banking and Finance,Medium (201-500),Laura Thompson,2024-01-15,SAAS,Qualified,2,,,4828,60,2024-07-16,,2024,2024-01,183,,False,False,False,False,True,Medium (201-500)
Murray-Koepp,Switzerland,46.204391,6.143158,Banking and Finance,Medium (201-500),Jessica Martinez,2024-05-16,Services,Qualified,2,,,5923,80,2025-03-30,,2024,2024-05,318,,False,False,False,False,False,Medium (201-500)
Erdman-Beahan,France,48.864716,2.349014,Telecommunications,Medium (201-500),Emily Johnson,2024-05-14,Services,Qualified,2,,,2433,30,2024-08-27,,2024,2024-05,105,,False,False,False,False,False,Medium (201-500)
Hayes LLC,Netherlands,52.370216,4.895168,Energy & Utilities,Medium (201-500),Laura Thompson,2024-01-13,SAAS,Qualified,2,,,7461,40,2025-01-01,,2024,2024-01,354,,False,False,False,False,True,Medium (201-500)
"Kutch, Bauch and Heathcote",France,48.864716,2.349014,Government Administration Healthcare,Medium (201-500),Laura Thompson,2024-03-26,SAAS,Qualified,2,,,3504,70,2025-03-08,,2024,2024-03,347,,False,False,False,False,True,Medium (201-500)
Heathcote-Hettinger,Switzerland,46.204391,6.143158,IT & IT Services,Medium (201-500),Laura Thompson,2024-03-25,SAAS,Qualified,2,,,7764,40,2024-09-16,,2024,2024-03,175,,False,False,False,False,True,Medium (201-500)
Powlowski-Kuhlman,Spain,40.416775,-3.70379,Telecommunications,Medium (201-500),Michael Brown,2024-01-23,Services,Qualified,2,,,2029,40,2024-12-16,,2024,2024-01,328,,False,False,False,False,False,Medium (201-500)
"Wyman, Becker and Mueller",France,48.864716,2.349014,Recreation & Sports,Medium (201-500),Emily Johnson,2024-01-28,Custom solution,Qualified,2,,,3810,40,2024-12-28,,2024,2024-01,335,,False,False,False,False,False,Medium (201-500)
Rosenbaum-Conn,Spain,40.416775,-3.70379,Professional Services  & Consulting,Medium (201-500),Jessica Martinez,2024-03-08,Services,Qualified,2,,,6263,40,2025-02-03,,2024,2024-03,332,,False,False,False,False,False,Medium (201-500)
Rolfson-Kub,Spain,40.416775,-3.70379,Transportation & Logistics,Medium (201-500),Michael Brown,2024-03-25,SAAS,Qualified,2,,,5414,50,2024-10-03,,2024,2024-03,192,,False,False,False,False,True,Medium (201-500)
Fahey-Zulauf,Germany,52.520008,13.404954,Banking and Finance,Medium (201-500),John Smith,2024-04-15,Services,Qualified,2,,,2200,50,2025-03-30,,2024,2024-04,349,,False,False,False,False,False,Medium (201-500)
Brakus Group,France,48.864716,2.349014,Manufacturing & Production,Medium (201-500),Michael Brown,2024-02-14,SAAS,Qualified,2,,,3651,70,2024-09-30,,2024,2024-02,229,,False,False,False,False,True,Medium (201-500)
"Fay, Barrows and Walter",Italy,41.902782,12.496366,Banking and Finance,Medium (201-500),David Wilson,2024-01-19,Services,Qualified,2,,,7926,70,2024-05-12,,2024,2024-01,114,,False,False,False,False,False,Medium (201-500)
Jerde Group,Italy,41.902782,12.496366,Telecommunications,Medium (201-500),Laura Thompson,2024-05-19,SAAS,Qualified,2,,,4444,100,2024-07-24,,2024,2024-05,66,,False,False,False,False,True,Medium (201-500)
Quigley LLC,Belgium,51.260197,4.402771,Banking and Finance,Medium (201-500),Jessica Martinez,2024-04-06,Custom solution,Qualified,2,,,7369,50,2025-04-02,,2024,2024-04,361,,False,False,False,False,False,Medium (201-500)
"Daugherty, Bednar and Ebert",Germany,52.520008,13.404954,Transportation & Logistics,Medium (201-500),Jessica Martinez,2024-01-29,Services,Qualified,2,,,3710,50,2025-01-17,,2024,2024-01,354,,False,False,False,False,False,Medium (201-500)
Ondricka and Sons,Austria,48.210033,16.363449,IT & IT Services,Medium (201-500),Jessica Martinez,2024-01-22,SAAS,Qualified,2,,,7763,30,2024-11-15,,2024,2024-01,298,,False,False,False,False,True,Medium (201-500)
Towne-Kuhlman,Italy,41.902782,12.496366,Transportation & Logistics,Medium (201-500),Michael Brown,2024-04-23,Services,Qualified,2,,,6622,50,2024-12-17,,2024,2024-04,238,,False,False,False,False,False,Medium (201-500)
Feest-Beahan,France,48.864716,2.349014,Transportation & Logistics,Medium (201-500),Laura Thompson,2024-04-18,Custom solution,Qualified,2,,,2546,20,2024-08-10,,2024,2024-04,114,,False,False,False,False,False,Medium (201-500)
Roob and Sons,Italy,41.902782,12.496366,Professional Services  & Consulting,Medium (201-500),Emily Johnson,2024-01-06,SAAS,Qualified,2,,,2304,20,2024-01-26,,2024,2024-01,20,,False,False,False,False,True,Medium (201-500)
Monahan Group,Portugal,38.736946,-9.142685,Transportation & Logistics,Medium (201-500),Emily Johnson,2024-02-27,SAAS,Qualified,2,,,7126,80,2025-02-04,,2024,2024-02,343,,False,False,False,False,True,Medium (201-500)
Will Inc,Italy,41.902782,12.496366,Government Administration Healthcare,Medium (201-500),Laura Thompson,2024-04-05,SAAS,Qualified,2,,,1460,20,2024-10-13,,2024,2024-04,191,,False,False,False,False,True,Medium (201-500)
"Balistreri, Keeling and Prohaska",Switzerland,46.204391,6.143158,Professional Services  & Consulting,Medium (201-500),Emily Johnson,2024-05-06,SAAS,Qualified,2,,,4046,20,2025-02-03,,2024,2024-05,273,,False,False,False,False,True,Medium (201-500)
Thiel-Wilderman,France,48.864716,2.349014,Transportation & Logistics,Medium (201-500),Kevin Anderson,2024-04-23,SAAS,Qualified,2,,,4782,50,2025-01-06,,2024,2024-04,258,,False,False,False,False,True,Medium (201-500)
Gleason Inc,Belgium,51.260197,4.402771,Transportation & Logistics,Medium (201-500),Kevin Anderson,2024-05-29,Custom solution,Qualified,2,,,3974,50,2025-03-02,,2024,2024-05,277,,False,False,False,False,False,Medium (201-500)
"Bailey, Wehner and Schimmel",Italy,41.902782,12.496366,IT & IT Services,Medium (201-500),Michael Brown,2024-05-04,SAAS,Qualified,2,,,6936,30,2024-09-17,,2024,2024-05,136,,False,False,False,False,True,Medium (201-500)
Zulauf-Kemmer,France,48.864716,2.349014,IT & IT Services,Medium (201-500),Laura Thompson,2024-05-02,Custom solution,Qualified,2,,,7662,50,2024-08-04,,2024,2024-05,94,,False,False,False,False,False,Medium (201-500)
Torphy-Weissnat,Portugal,38.736946,-9.142685,IT & IT Services,Medium (201-500),Michael Brown,2024-02-24,SAAS,Qualified,2,,,7867,10,2025-01-19,,2024,2024-02,330,,False,False,False,False,True,Medium (201-500)
Wyman-Luettgen,Germany,52.520008,13.404954,Manufacturing & Production,Medium (201-500),Michael Brown,2024-03-11,SAAS,Qualified,2,,,7425,30,2024-10-13,,2024,2024-03,216,,False,False,False,False,True,Medium (201-500)
"Kihn, Corkery and Dach",France,48.864716,2.349014,Transportation & Logistics,Medium (201-500),Jessica Martinez,2024-02-13,Custom solution,Qualified,2,,,6734,30,2024-12-11,,2024,2024-02,302,,False,False,False,False,False,Medium (201-500)
Braun LLC,Germany,52.520008,13.404954,IT & IT Services,Medium (201-500),Jessica Martinez,2024-01-23,Custom solution,Qualified,2,,,1252,90,2025-01-19,,2024,2024-01,362,,False,False,False,False,False,Medium (201-500)
"Bailey, Ratke and Miller",Italy,41.902782,12.496366,Telecommunications,Medium (201-500),Michael Brown,2024-04-20,Custom solution,Qualified,2,,,3722,20,2024-05-24,,2024,2024-04,34,,False,False,False,False,False,Medium (201-500)
Becker-Heaney,Italy,41.902782,12.496366,IT & IT Services,Medium (201-500),David Wilson,2024-03-06,Services,Qualified,2,,,4195,100,2024-06-20,,2024,2024-03,106,,False,False,False,False,False,Medium (201-500)
"O'Hara, Stark and Kunde",Italy,41.902782,12.496366,IT & IT Services,Medium (201-500),Laura Thompson,2024-03-18,Services,Qualified,2,,,471,10,2024-12-28,,2024,2024-03,285,,False,False,False,False,False,Medium (201-500)
Twimm,Belgium,51.260197,4.402771,Recreation & Sports,Large (501-1000),Jessica Martinez,2024-04-23,Custom solution,Qualified,2,,,6401,30,2024-11-14,,2024,2024-04,205,,False,False,False,False,False,Large (501-1000)
Bubbletube,France,48.864716,2.349014,Retail & Distribution,Large (501-1000),Laura Thompson,2024-02-15,Custom solution,Qualified,2,,,3509,50,2025-01-03,,2024,2024-02,323,,False,False,False,False,False,Large (501-1000)
"O'Conner, Bradtke and Hilll",Netherlands,52.370216,4.895168,Recreation & Sports,Large (501-1000),John Smith,2024-04-16,Services,Qualified,2,,,15613,20,2025-03-17,,2024,2024-04,335,,False,False,False,False,False,Large (501-1000)
Dietrich-Murphy,Portugal,38.736946,-9.142685,Professional Services  & Consulting,Large (501-1000),Emily Johnson,2024-03-09,SAAS,Qualified,2,,,17391,50,2024-04-26,,2024,2024-03,48,,False,False,False,False,True,Large (501-1000)
"Price, Huels and Olson",France,48.864716,2.349014,IT & IT Services,Large (501-1000),Michael Brown,2024-03-31,Custom solution,Qualified,2,,,8728,50,2024-12-06,,2024,2024-03,250,,False,False,False,False,False,Large (501-1000)
Rolfson Inc,Spain,40.416775,-3.70379,Transportation & Logistics,Large (501-1000),Laura Thompson,2024-03-10,SAAS,Qualified,2,,,19944,30,2024-10-29,,2024,2024-03,233,,False,False,False,False,True,Large (501-1000)
"Sipes, Pollich and Hilll",Germany,52.520008,13.404954,Transportation & Logistics,Large (501-1000),John Smith,2024-01-05,Services,Qualified,2,,,16407,20,2024-08-07,,2024,2024-01,215,,False,False,False,False,False,Large (501-1000)
Rempel-Brekke,Italy,41.902782,12.496366,Banking and Finance,Large (501-1000),Laura Thompson,2024-04-14,Custom solution,Qualified,2,,,9178,30,2024-10-16,,2024,2024-04,185,,False,False,False,False,False,Large (501-1000)
Osinski-Wilderman,Germany,52.520008,13.404954,Transportation & Logistics,Large (501-1000),Michael Brown,2024-05-12,Custom solution,Qualified,2,,,18690,20,2024-11-21,,2024,2024-05,193,,False,False,False,False,False,Large (501-1000)
McDermott-Mayer,France,48.864716,2.349014,Entertainment & Media & Hospitality,Large (501-1000),Jessica Martinez,2024-05-26,SAAS,Qualified,2,,,11651,10,2025-03-24,,2024,2024-05,302,,False,False,False,False,True,Large (501-1000)
Ailane,Germany,52.520008,13.404954,Banking and Finance,Enterprise (1001+),Kevin Anderson,2024-03-04,SAAS,Qualified,2,,,18590,100,2024-06-05,,2024,2024-03,93,,False,False,False,False,True,Enterprise (1001+)
Gabspot,Germany,52.520008,13.404954,Manufacturing & Production,Enterprise (1001+),John Smith,2024-01-20,SAAS,Qualified,2,,,3572,20,2024-10-08,,2024,2024-01,262,,False,False,False,False,True,Enterprise (1001+)
Abernathy-Collins,Belgium,51.260197,4.402771,Transportation & Logistics,Enterprise (1001+),Emily Johnson,2024-05-24,Services,Qualified,2,,,18831,30,2024-10-22,,2024,2024-05,151,,False,False,False,False,False,Enterprise (1001+)
Reynolds and Sons,Belgium,51.260197,4.402771,Telecommunications,Enterprise (1001+),Jessica Martinez,2024-01-18,Services,Qualified,2,,,11323,60,2024-05-18,,2024,2024-01,121,,False,False,False,False,False,Enterprise (1001+)
Klein Inc,Spain,40.416775,-3.70379,Transportation & Logistics,Enterprise (1001+),Jessica Martinez,2024-05-23,Services,Qualified,2,,,6239,100,2025-04-27,,2024,2024-05,339,,False,False,False,False,False,Enterprise (1001+)
"Pollich, Dietrich and Becker",Portugal,38.736946,-9.142685,Education & Science,Enterprise (1001+),Emily Johnson,2024-03-23,Custom solution,Qualified,2,,,4196,10,2025-01-22,,2024,2024-03,305,,False,False,False,False,False,Enterprise (1001+)
Farrell-Rippin,Netherlands,52.370216,4.895168,Telecommunications,Enterprise (1001+),Jessica Martinez,2024-05-06,Custom solution,Qualified,2,,,4265,40,2025-03-24,,2024,2024-05,322,,False,False,False,False,False,Enterprise (1001+)
"Funk, Conroy and Hudson",Netherlands,52.370216,4.895168,Telecommunications,Enterprise (1001+),Emily Johnson,2024-02-08,Custom solution,Qualified,2,,,19873,30,2024-12-31,,2024,2024-02,327,,False,False,False,False,False,Enterprise (1001+)
Tillman and Sons,Italy,41.902782,12.496366,Telecommunications,Enterprise (1001+),Jessica Martinez,2024-03-09,Services,Qualified,2,,,13179,90,2024-07-05,,2024,2024-03,118,,False,False,False,False,False,Enterprise (1001+)
Mills-Graham,Switzerland,46.204391,6.143158,Professional Services  & Consulting,Enterprise (1001+),Michael Brown,2024-03-18,Custom solution,Qualified,2,,,19826,30,2025-01-02,,2024,2024-03,290,,False,False,False,False,False,Enterprise (1001+)
"D'Amore, Kihn and Pfeffer",Italy,41.902782,12.496366,Government Administration Healthcare,Enterprise (1001+),John Smith,2024-01-07,Custom solution,Qualified,2,,,13457,20,2024-06-25,,2024,2024-01,170,,False,False,False,False,False,Enterprise (1001+)
Twitterlist,Belgium,51.260197,4.402771,Recreation & Sports,Small (11-200),Jessica Martinez,2024-05-21,SAAS,Sales Accepted,4,,,388,20,2025-04-17,,2024,2024-05,331,,False,False,False,False,True,Small (11-200)
Rhynyx,France,48.864716,2.349014,Transportation & Logistics,Small (11-200),Laura Thompson,2024-03-12,SAAS,Sales Accepted,4,,,826,50,2024-09-12,,2024,2024-03,184,,False,False,False,False,True,Small (11-200)
Gevee,Germany,52.520008,13.404954,Banking and Finance,Small (11-200),Michael Brown,2024-05-15,SAAS,Sales Accepted,4,,,465,100,2024-11-07,,2024,2024-05,176,,False,False,False,False,True,Small (11-200)
Jaxbean,Switzerland,46.204391,6.143158,Transportation & Logistics,Small (11-200),David Wilson,2024-02-19,SAAS,Sales Accepted,4,,,1869,30,2024-11-21,,2024,2024-02,276,,False,False,False,False,True,Small (11-200)
Fanoodle,Austria,48.210033,16.363449,Agriculture & Mining,Small (11-200),Laura Thompson,2024-01-08,Services,Sales Accepted,4,,,1673,40,2024-06-20,,2024,2024-01,164,,False,False,False,False,False,Small (11-200)
Browseblab,Italy,41.902782,12.496366,Government Administration Healthcare,Small (11-200),Michael Brown,2024-01-30,Services,Sales Accepted,4,,,1064,90,2024-02-20,,2024,2024-01,21,,False,False,False,False,False,Small (11-200)
Browsedrive,Switzerland,46.204391,6.143158,Energy & Utilities,Small (11-200),Laura Thompson,2024-05-02,SAAS,Sales Accepted,4,,,697,30,2024-10-15,,2024,2024-05,166,,False,False,False,False,True,Small (11-200)
Shufflester,Spain,40.416775,-3.70379,Banking and Finance,Small (11-200),Jessica Martinez,2024-01-09,SAAS,Sales Accepted,4,,,1099,50,2024-01-30,,2024,2024-01,21,,False,False,False,False,True,Small (11-200)
Katz,Switzerland,46.204391,6.143158,Telecommunications,Small (11-200),David Wilson,2024-02-12,Custom solution,Sales Accepted,4,,,1422,30,2025-01-16,,2024,2024-02,339,,False,False,False,False,False,Small (11-200)
Flipstorm,Spain,40.416775,-3.70379,Education & Science,Small (11-200),John Smith,2024-05-09,Custom solution,Sales Accepted,4,,,840,50,2024-08-16,,2024,2024-05,99,,False,False,False,False,False,Small (11-200)
Zoonoodle,Italy,41.902782,12.496366,Education & Science,Small (11-200),Laura Thompson,2024-03-21,Services,Sales Accepted,4,,,1058,40,2024-06-27,,2024,2024-03,98,,False,False,False,False,False,Small (11-200)
JumpXS,Belgium,51.260197,4.402771,Agriculture & Mining,Small (11-200),Kevin Anderson,2024-01-06,Services,Sales Accepted,4,,,1598,30,2024-03-17,,2024,2024-01,71,,False,False,False,False,False,Small (11-200)
Edgeify,Portugal,38.736946,-9.142685,Government Administration Healthcare,Small (11-200),Jessica Martinez,2024-02-16,SAAS,Sales Accepted,4,,,669,20,2024-07-18,,2024,2024-02,153,,False,False,False,False,True,Small (11-200)
Kwimbee,Germany,52.520008,13.404954,Entertainment & Media & Hospitality,Small (11-200),Kevin Anderson,2024-02-15,Services,Sales Accepted,4,,,1790,20,2024-03-21,,2024,2024-02,35,,False,False,False,False,False,Small (11-200)
Rhyzio,Portugal,38.736946,-9.142685,Construction & Engineering,Small (11-200),Michael Brown,2024-02-22,SAAS,Sales Accepted,4,,,1472,30,2024-10-20,,2024,2024-02,241,,False,False,False,False,True,Small (11-200)
Wordtune,Switzerland,46.204391,6.143158,Banking and Finance,Small (11-200),Jessica Martinez,2024-01-12,SAAS,Sales Accepted,4,,,931,50,2024-08-10,,2024,2024-01,211,,False,False,False,False,True,Small (11-200)
Skyble,Netherlands,52.370216,4.895168,Banking and Finance,Small (11-200),Jessica Martinez,2024-04-19,Services,Sales Accepted,4,,,1715,80,2024-05-28,,2024,2024-04,39,,False,False,False,False,False,Small (11-200)
Oba,Austria,48.210033,16.363449,Professional Services  & Consulting,Small (11-200),Michael Brown,2024-04-12,Custom solution,Sales Accepted,4,,,593,40,2024-06-19,,2024,2024-04,68,,False,False,False,False,False,Small (11-200)
Devbug,Switzerland,46.204391,6.143158,Professional Services  & Consulting,Small (11-200),Jessica Martinez,2024-01-23,Services,Sales Accepted,4,,,1956,40,2024-12-22,,2024,2024-01,334,,False,False,False,False,False,Small (11-200)
McCullough-Hammes,Italy,41.902782,12.496366,Recreation & Sports,Small (11-200),Laura Thompson,2024-05-26,Custom solution,Sales Accepted,4,,,896,100,2025-03-15,,2024,2024-05,293,,False,False,False,False,False,Small (11-200)
Botsford LLC,France,48.864716,2.349014,IT & IT Services,Small (11-200),Emily Johnson,2024-03-22,Custom solution,Sales Accepted,4,,,1108,20,2025-01-08,,2024,2024-03,292,,False,False,False,False,False,Small (11-200)
Bauch-Schmitt,Belgium,51.260197,4.402771,Transportation & Logistics,Small (11-200),Laura Thompson,2024-04-11,SAAS,Sales Accepted,4,,,304,30,2024-06-02,,2024,2024-04,52,,False,False,False,False,True,Small (11-200)
Koepp-Hand,Switzerland,46.204391,6.143158,Education & Science,Small (11-200),John Smith,2024-04-17,Custom solution,Sales Accepted,4,,,971,40,2024-11-29,,2024,2024-04,226,,False,False,False,False,False,Small (11-200)
"Konopelski, Feest and Fisher",Portugal,38.736946,-9.142685,Retail & Distribution,Small (11-200),Laura Thompson,2024-01-24,SAAS,Sales Accepted,4,,,1554,40,2024-03-20,,2024,2024-01,56,,False,False,False,False,True,Small (11-200)
Goyette-Green,Portugal,38.736946,-9.142685,Banking and Finance,Small (11-200),David Wilson,2024-01-18,Services,Sales Accepted,4,,,1938,30,2024-03-25,,2024,2024-01,67,,False,False,False,False,False,Small (11-200)
McCullough Inc,France,48.864716,2.349014,Construction & Engineering,Small (11-200),Emily Johnson,2024-01-23,Services,Sales Accepted,4,,,1746,40,2024-09-24,,2024,2024-01,245,,False,False,False,False,False,Small (11-200)
Botsford Group,Belgium,51.260197,4.402771,Education & Science,Small (11-200),Sarah Davis,2024-04-22,Services,Sales Accepted,4,,,1417,60,2024-11-20,,2024,2024-04,212,,False,False,False,False,False,Small (11-200)
Hand-Fisher,Italy,41.902782,12.496366,Retail & Distribution,Small (11-200),Michael Brown,2024-01-19,SAAS,Sales Accepted,4,,,869,70,2024-09-02,,2024,2024-01,227,,False,False,False,False,True,Small (11-200)
"Bins, Dooley and Kirlin",Belgium,51.260197,4.402771,IT & IT Services,Small (11-200),Sarah Davis,2024-03-05,SAAS,Sales Accepted,4,,,1077,40,2024-06-08,,2024,2024-03,95,,False,False,False,False,True,Small (11-200)
Yost Group,Austria,48.210033,16.363449,Banking and Finance,Small (11-200),Sarah Davis,2024-02-13,SAAS,Sales Accepted,4,,,1382,100,2024-04-24,,2024,2024-02,71,,False,False,False,False,True,Small (11-200)
"MacGyver, Kautzer and Stamm",Germany,52.520008,13.404954,Transportation & Logistics,Small (11-200),David Wilson,2024-05-14,Services,Sales Accepted,4,,,356,10,2024-09-28,,2024,2024-05,137,,False,False,False,False,False,Small (11-200)
"Mills, Heller and Herzog",Spain,40.416775,-3.70379,Government Administration Healthcare,Small (11-200),Jessica Martinez,2024-05-31,Services,Sales Accepted,4,,,1933,20,2024-09-25,,2024,2024-05,117,,False,False,False,False,False,Small (11-200)
"Kuhlman, Friesen and Emmerich",Portugal,38.736946,-9.142685,Banking and Finance,Small (11-200),Jessica Martinez,2024-02-15,Services,Sales Accepted,4,,,551,20,2024-04-16,,2024,2024-02,61,,False,False,False,False,False,Small (11-200)
Fritsch-Kertzmann,Italy,41.902782,12.496366,Professional Services  & Consulting,Small (11-200),Jessica Martinez,2024-01-03,SAAS,Sales Accepted,4,,,1998,70,2024-05-31,,2024,2024-01,149,,False,False,False,False,True,Small (11-200)
Padberg LLC,Netherlands,52.370216,4.895168,Retail & Distribution,Small (11-200),Laura Thompson,2024-03-21,Services,Sales Accepted,4,,,1250,10,2024-08-21,,2024,2024-03,153,,False,False,False,False,False,Small (11-200)
"Rath, Hand and Ryan",Spain,40.416775,-3.70379,Banking and Finance,Small (11-200),Laura Thompson,2024-05-16,Custom solution,Sales Accepted,4,,,1722,90,2024-10-15,,2024,2024-05,152,,False,False,False,False,False,Small (11-200)
Weber LLC,Germany,52.520008,13.404954,Telecommunications,Small (11-200),Sarah Davis,2024-03-29,Services,Sales Accepted,4,,,1479,50,2024-09-04,,2024,2024-03,159,,False,False,False,False,False,Small (11-200)
Weissnat-Mitchell,Netherlands,52.370216,4.895168,Transportation & Logistics,Small (11-200),Jessica Martinez,2024-05-07,Services,Sales Accepted,4,,,1335,30,2024-08-10,,2024,2024-05,95,,False,False,False,False,False,Small (11-200)
Ruecker Group,Italy,41.902782,12.496366,Government Administration Healthcare,Small (11-200),Michael Brown,2024-05-30,Services,Sales Accepted,4,,,943,40,2025-04-16,,2024,2024-05,321,,False,False,False,False,False,Small (11-200)
Kessler and Sons,Portugal,38.736946,-9.142685,Recreation & Sports,Small (11-200),Laura Thompson,2024-04-11,Services,Sales Accepted,4,,,1243,60,2024-09-15,,2024,2024-04,157,,False,False,False,False,False,Small (11-200)
Gutkowski and Sons,Belgium,51.260197,4.402771,Government Administration Healthcare,Small (11-200),Michael Brown,2024-03-12,Services,Sales Accepted,4,,,862,30,2024-05-26,,2024,2024-03,75,,False,False,False,False,False,Small (11-200)
Fritsch-Bradtke,Austria,48.210033,16.363449,Energy & Utilities,Small (11-200),Kevin Anderson,2024-02-15,SAAS,Sales Accepted,4,,,730,40,2024-08-10,,2024,2024-02,177,,False,False,False,False,True,Small (11-200)
Leannon-Ledner,Belgium,51.260197,4.402771,Recreation & Sports,Small (11-200),Laura Thompson,2024-03-05,Services,Sales Accepted,4,,,757,60,2024-10-26,,2024,2024-03,235,,False,False,False,False,False,Small (11-200)
"Rogahn, O'Reilly and McDermott",Switzerland,46.204391,6.143158,Energy & Utilities,Small (11-200),Laura Thompson,2024-05-07,SAAS,Sales Accepted,4,,,1295,30,2024-08-03,,2024,2024-05,88,,False,False,False,False,True,Small (11-200)
"Swift, Franecki and Orn",Italy,41.902782,12.496366,Banking and Finance,Small (11-200),David Wilson,2024-03-03,Custom solution,Sales Accepted,4,,,619,20,2024-12-23,,2024,2024-03,295,,False,False,False,False,False,Small (11-200)
"Sipes, Schimmel and Torp",Switzerland,46.204391,6.143158,Telecommunications,Small (11-200),Laura Thompson,2024-04-17,Custom solution,Sales Accepted,4,,,544,60,2025-03-25,,2024,2024-04,342,,False,False,False,False,False,Small (11-200)
Torphy-Medhurst,France,48.864716,2.349014,Transportation & Logistics,Small (11-200),John Smith,2024-04-10,SAAS,Sales Accepted,4,,,1978,10,2024-10-29,,2024,2024-04,202,,False,False,False,False,True,Small (11-200)
Muller-Muller,France,48.864716,2.349014,Transportation & Logistics,Small (11-200),Jessica Martinez,2024-05-09,Services,Sales Accepted,4,,,260,30,2024-08-27,,2024,2024-05,110,,False,False,False,False,False,Small (11-200)
Hegmann-Daniel,Portugal,38.736946,-9.142685,Professional Services  & Consulting,Small (11-200),Jessica Martinez,2024-04-24,Services,Sales Accepted,4,,,1236,60,2024-08-10,,2024,2024-04,108,,False,False,False,False,False,Small (11-200)
Gusikowski LLC,Spain,40.416775,-3.70379,Agriculture & Mining,Small (11-200),David Wilson,2024-05-11,Services,Sales Accepted,4,,,586,10,2025-03-05,,2024,2024-05,298,,False,False,False,False,False,Small (11-200)
"Konopelski, Littel and Romaguera",Italy,41.902782,12.496366,Recreation & Sports,Small (11-200),Sarah Davis,2024-02-02,SAAS,Sales Accepted,4,,,1023,30,2024-10-04,,2024,2024-02,245,,False,False,False,False,True,Small (11-200)
Dibbert LLC,Italy,41.902782,12.496366,Telecommunications,Small (11-200),Jessica Martinez,2024-01-12,SAAS,Sales Accepted,4,,,684,30,2024-10-08,,2024,2024-01,270,,False,False,False,False,True,Small (11-200)
"Wuckert, Kiehn and Weissnat",Portugal,38.736946,-9.142685,Transportation & Logistics,Small (11-200),Michael Brown,2024-03-16,Custom solution,Sales Accepted,4,,,848,40,2025-01-28,,2024,2024-03,318,,False,False,False,False,False,Small (11-200)
"Nikolaus, Veum and Beahan",Germany,52.520008,13.404954,Professional Services  & Consulting,Small (11-200),Jessica Martinez,2024-05-12,SAAS,Sales Accepted,4,,,330,10,2025-03-29,,2024,2024-05,321,,False,False,False,False,True,Small (11-200)
Bergstrom-Barrows,Italy,41.902782,12.496366,Energy & Utilities,Small (11-200),Laura Thompson,2024-02-15,SAAS,Sales Accepted,4,,,922,50,2024-04-20,,2024,2024-02,65,,False,False,False,False,True,Small (11-200)
Spinka-White,Spain,40.416775,-3.70379,Education & Science,Small (11-200),Sarah Davis,2024-04-16,Services,Sales Accepted,4,,,359,100,2024-12-20,,2024,2024-04,248,,False,False,False,False,False,Small (11-200)
Wintheiser Group,Austria,48.210033,16.363449,Professional Services  & Consulting,Small (11-200),Jessica Martinez,2024-01-16,SAAS,Sales Accepted,4,,,1991,30,2024-12-19,,2024,2024-01,338,,False,False,False,False,True,Small (11-200)
"Hauck, Wiza and Mitchell",Italy,41.902782,12.496366,Banking and Finance,Small (11-200),Jessica Martinez,2024-03-24,Services,Sales Accepted,4,,,1851,20,2024-07-17,,2024,2024-03,115,,False,False,False,False,False,Small (11-200)
"Nolan, Abernathy and Fay",Netherlands,52.370216,4.895168,Government Administration Healthcare,Small (11-200),Emily Johnson,2024-05-07,SAAS,Sales Accepted,4,,,1313,10,2024-10-20,,2024,2024-05,166,,False,False,False,False,True,Small (11-200)
"Brekke, Jacobi and Crist",Switzerland,46.204391,6.143158,IT & IT Services,Small (11-200),Kevin Anderson,2024-03-20,Services,Sales Accepted,4,,,1229,20,2024-08-30,,2024,2024-03,163,,False,False,False,False,False,Small (11-200)
"Steuber, Schuster and Rutherford",Portugal,38.736946,-9.142685,Government Administration Healthcare,Small (11-200),Jessica Martinez,2024-05-07,SAAS,Sales Accepted,4,,,204,20,2025-03-03,,2024,2024-05,300,,False,False,False,False,True,Small (11-200)
Luettgen Inc,Netherlands,52.370216,4.895168,Government Administration Healthcare,Small (11-200),Emily Johnson,2024-04-26,SAAS,Sales Accepted,4,,,871,50,2025-04-12,,2024,2024-04,351,,False,False,False,False,True,Small (11-200)
Donnelly and Sons,France,48.864716,2.349014,Manufacturing & Production,Small (11-200),Emily Johnson,2024-04-20,Services,Sales Accepted,4,,,664,30,2024-09-26,,2024,2024-04,159,,False,False,False,False,False,Small (11-200)
Kshlerin-Jones,Switzerland,46.204391,6.143158,Professional Services  & Consulting,Small (11-200),Laura Thompson,2024-03-06,SAAS,Sales Accepted,4,,,1416,60,2024-04-29,,2024,2024-03,54,,False,False,False,False,True,Small (11-200)
"Howell, Hickle and Jacobs",Germany,52.520008,13.404954,Transportation & Logistics,Small (11-200),Laura Thompson,2024-03-29,SAAS,Sales Accepted,4,,,1478,50,2024-06-01,,2024,2024-03,64,,False,False,False,False,True,Small (11-200)
Auer-Corwin,Italy,41.902782,12.496366,Agriculture & Mining,Small (11-200),David Wilson,2024-05-18,Services,Sales Accepted,4,,,1099,50,2024-07-18,,2024,2024-05,61,,False,False,False,False,False,Small (11-200)
"Johnson, Wehner and Boyle",France,48.864716,2.349014,Construction & Engineering,Small (11-200),Emily Johnson,2024-02-28,SAAS,Sales Accepted,4,,,633,30,2025-02-19,,2024,2024-02,357,,False,False,False,False,True,Small (11-200)
Lebsack-Schmidt,Switzerland,46.204391,6.143158,Retail & Distribution,Small (11-200),Laura Thompson,2024-03-12,Custom solution,Sales Accepted,4,,,502,30,2024-12-02,,2024,2024-03,265,,False,False,False,False,False,Small (11-200)
Hudson LLC,Portugal,38.736946,-9.142685,Retail & Distribution,Small (11-200),Laura Thompson,2024-03-31,Services,Sales Accepted,4,,,759,100,2024-12-14,,2024,2024-03,258,,False,False,False,False,False,Small (11-200)
"Corkery, Wiegand and Ullrich",Belgium,51.260197,4.402771,IT & IT Services,Small (11-200),Laura Thompson,2024-03-26,SAAS,Sales Accepted,4,,,1430,20,2024-12-09,,2024,2024-03,258,,False,False,False,False,True,Small (11-200)
Langworth and Sons,Switzerland,46.204391,6.143158,Banking and Finance,Small (11-200),John Smith,2024-05-16,Services,Sales Accepted,4,,,607,30,2025-04-13,,2024,2024-05,332,,False,False,False,False,False,Small (11-200)
Wilderman and Sons,Italy,41.902782,12.496366,Government Administration Healthcare,Small (11-200),Kevin Anderson,2024-04-11,SAAS,Sales Accepted,4,,,271,40,2024-09-22,,2024,2024-04,164,,False,False,False,False,True,Small (11-200)
Muller-Kohler,Germany,52.520008,13.404954,Banking and Finance,Small (11-200),John Smith,2024-02-18,Services,Sales Accepted,4,,,935,30,2025-02-05,,2024,2024-02,353,,False,False,False,False,False,Small (11-200)
Leuschke-Zboncak,Switzerland,46.204391,6.143158,Education & Science,Small (11-200),David Wilson,2024-05-30,Services,Sales Accepted,4,,,1979,70,2024-11-14,,2024,2024-05,168,,False,False,False,False,False,Small (11-200)
Walter and Sons,Italy,41.902782,12.496366,Transportation & Logistics,Small (11-200),Laura Thompson,2024-02-15,SAAS,Sales Accepted,4,,,1235,30,2024-03-13,,2024,2024-02,27,,False,False,False,False,True,Small (11-200)
Terry and Sons,France,48.864716,2.349014,Entertainment & Media & Hospitality,Small (11-200),Emily Johnson,2024-04-11,SAAS,Sales Accepted,4,,,563,30,2025-02-10,,2024,2024-04,305,,False,False,False,False,True,Small (11-200)
Monahan Inc,Netherlands,52.370216,4.895168,Government Administration Healthcare,Small (11-200),Kevin Anderson,2024-04-07,SAAS,Sales Accepted,4,,,1178,30,2024-08-06,,2024,2024-04,121,,False,False,False,False,True,Small (11-200)
Mayer Inc,Italy,41.902782,12.496366,IT & IT Services,Small (11-200),Laura Thompson,2024-01-27,SAAS,Sales Accepted,4,,,1462,20,2024-11-18,,2024,2024-01,296,,False,False,False,False,True,Small (11-200)
Hirthe LLC,Portugal,38.736946,-9.142685,Entertainment & Media & Hospitality,Small (11-200),Sarah Davis,2024-04-27,SAAS,Sales Accepted,4,,,210,40,2024-06-21,,2024,2024-04,55,,False,False,False,False,True,Small (11-200)
"Steuber, Frami and Witting",Italy,41.902782,12.496366,Entertainment & Media & Hospitality,Small (11-200),Jessica Martinez,2024-01-18,SAAS,Sales Accepted,4,,,1139,20,2024-04-08,,2024,2024-01,81,,False,False,False,False,True,Small (11-200)
Abbott-Dibbert,Spain,40.416775,-3.70379,Agriculture & Mining,Small (11-200),David Wilson,2024-04-08,Custom solution,Sales Accepted,4,,,1800,90,2024-08-22,,2024,2024-04,136,,False,False,False,False,False,Small (11-200)
Lindgren-McDermott,Portugal,38.736946,-9.142685,Education & Science,Small (11-200),Michael Brown,2024-05-25,Services,Sales Accepted,4,,,468,50,2025-03-10,,2024,2024-05,289,,False,False,False,False,False,Small (11-200)
Kreiger-Dooley,Italy,41.902782,12.496366,Transportation & Logistics,Small (11-200),Sarah Davis,2024-04-16,Services,Sales Accepted,4,,,642,50,2025-02-03,,2024,2024-04,293,,False,False,False,False,False,Small (11-200)
Prohaska and Sons,Netherlands,52.370216,4.895168,Banking and Finance,Small (11-200),Kevin Anderson,2024-02-24,SAAS,Sales Accepted,4,,,1798,30,2025-02-23,,2024,2024-02,365,,False,False,False,False,True,Small (11-200)
Kessler-Fisher,Austria,48.210033,16.363449,Energy & Utilities,Small (11-200),Laura Thompson,2024-02-24,SAAS,Sales Accepted,4,,,1720,20,2024-11-10,,2024,2024-02,260,,False,False,False,False,True,Small (11-200)
Howell Inc,France,48.864716,2.349014,Construction & Engineering,Small (11-200),Jessica Martinez,2024-01-02,Custom solution,Sales Accepted,4,,,1336,30,2024-11-16,,2024,2024-01,319,,False,False,False,False,False,Small (11-200)
"Jaskolski, Rippin and Pfannerstill",Switzerland,46.204391,6.143158,Manufacturing & Production,Small (11-200),David Wilson,2024-04-27,SAAS,Sales Accepted,4,,,1544,20,2024-07-18,,2024,2024-04,82,,False,False,False,False,True,Small (11-200)
Mertz-Grimes,France,48.864716,2.349014,IT & IT Services,Small (11-200),Kevin Anderson,2024-01-17,Services,Sales Accepted,4,,,828,50,2024-03-11,,2024,2024-01,54,,False,False,False,False,False,Small (11-200)
Heller and Sons,Belgium,51.260197,4.402771,Recreation & Sports,Small (11-200),Laura Thompson,2024-03-05,Services,Sales Accepted,4,,,1570,40,2024-12-25,,2024,2024-03,295,,False,False,False,False,False,Small (11-200)
Rau and Sons,France,48.864716,2.349014,Transportation & Logistics,Small (11-200),Jessica Martinez,2024-04-30,SAAS,Sales Accepted,4,,,1831,20,2024-09-21,,2024,2024-04,144,,False,False,False,False,True,Small (11-200)
Koepp-Abbott,Netherlands,52.370216,4.895168,Transportation & Logistics,Small (11-200),Michael Brown,2024-03-25,SAAS,Sales Accepted,4,,,1616,20,2024-12-07,,2024,2024-03,257,,False,False,False,False,True,Small (11-200)
"Ward, Koepp and Thiel",France,48.864716,2.349014,Banking and Finance,Small (11-200),Jessica Martinez,2024-03-30,Services,Sales Accepted,4,,,1210,40,2024-07-11,,2024,2024-03,103,,False,False,False,False,False,Small (11-200)
Conroy Group,Italy,41.902782,12.496366,Retail & Distribution,Small (11-200),Emily Johnson,2024-03-09,SAAS,Sales Accepted,4,,,1493,50,2025-01-31,,2024,2024-03,328,,False,False,False,False,True,Small (11-200)
Baumbach Inc,Germany,52.520008,13.404954,Transportation & Logistics,Small (11-200),Michael Brown,2024-02-02,Services,Sales Accepted,4,,,365,30,2024-08-25,,2024,2024-02,205,,False,False,False,False,False,Small (11-200)
Kirlin Group,Switzerland,46.204391,6.143158,Professional Services  & Consulting,Small (11-200),Laura Thompson,2024-05-20,SAAS,Sales Accepted,4,,,550,60,2025-01-01,,2024,2024-05,226,,False,False,False,False,True,Small (11-200)
"Grant, Kihn and Volkman",Netherlands,52.370216,4.895168,Professional Services  & Consulting,Small (11-200),David Wilson,2024-04-25,Custom solution,Sales Accepted,4,,,931,20,2025-04-13,,2024,2024-04,353,,False,False,False,False,False,Small (11-200)
Rodriguez-Leannon,Belgium,51.260197,4.402771,Government Administration Healthcare,Small (11-200),Sarah Davis,2024-02-07,Custom solution,Sales Accepted,4,,,1626,30,2024-08-14,,2024,2024-02,189,,False,False,False,False,False,Small (11-200)
Jacobs-Dickinson,Germany,52.520008,13.404954,Transportation & Logistics,Small (11-200),Kevin Anderson,2024-02-16,Services,Sales Accepted,4,,,1206,30,2024-11-21,,2024,2024-02,279,,False,False,False,False,False,Small (11-200)
Durgan and Sons,Portugal,38.736946,-9.142685,Transportation & Logistics,Small (11-200),Laura Thompson,2024-03-10,Services,Sales Accepted,4,,,885,20,2024-11-02,,2024,2024-03,237,,False,False,False,False,False,Small (11-200)
Bechtelar-Price,Spain,40.416775,-3.70379,Government Administration Healthcare,Small (11-200),Jessica Martinez,2024-02-03,SAAS,Sales Accepted,4,,,1709,20,2024-05-16,,2024,2024-02,103,,False,False,False,False,True,Small (11-200)
"Spencer, Walter and Wolf",Italy,41.902782,12.496366,Government Administration Healthcare,Small (11-200),Michael Brown,2024-03-22,SAAS,Sales Accepted,4,,,642,30,2024-09-13,,2024,2024-03,175,,False,False,False,False,True,Small (11-200)
Herman-Graham,Spain,40.416775,-3.70379,Manufacturing & Production,Small (11-200),Emily Johnson,2024-05-06,Services,Sales Accepted,4,,,1124,40,2024-11-16,,2024,2024-05,194,,False,False,False,False,False,Small (11-200)
Kulas-Cummings,Italy,41.902782,12.496366,Government Administration Healthcare,Small (11-200),Michael Brown,2024-05-29,SAAS,Sales Accepted,4,,,1397,80,2024-08-05,,2024,2024-05,68,,False,False,False,False,True,Small (11-200)
Towne LLC,Portugal,38.736946,-9.142685,Energy & Utilities,Small (11-200),Laura Thompson,2024-01-09,SAAS,Sales Accepted,4,,,1935,30,2024-04-14,,2024,2024-01,96,,False,False,False,False,True,Small (11-200)
"Stark, Beahan and Frami",Italy,41.902782,12.496366,Banking and Finance,Small (11-200),Kevin Anderson,2024-04-20,Services,Sales Accepted,4,,,1661,20,2025-03-21,,2024,2024-04,335,,False,False,False,False,False,Small (11-200)
"Hackett, Breitenberg and Feil",France,48.864716,2.349014,Professional Services  & Consulting,Small (11-200),David Wilson,2024-04-30,SAAS,Sales Accepted,4,,,1163,90,2025-03-27,,2024,2024-04,331,,False,False,False,False,True,Small (11-200)
"Moore, Bergstrom and Greenholt",Italy,41.902782,12.496366,Telecommunications,Small (11-200),Jessica Martinez,2024-02-22,SAAS,Sales Accepted,4,,,373,50,2024-05-05,,2024,2024-02,73,,False,False,False,False,True,Small (11-200)
Bartoletti-Sawayn,France,48.864716,2.349014,Recreation & Sports,Small (11-200),Michael Brown,2024-01-09,SAAS,Sales Accepted,4,,,388,40,2024-03-12,,2024,2024-01,63,,False,False,False,False,True,Small (11-200)
"Shields, Veum and Legros",Switzerland,46.204391,6.143158,IT & IT Services,Small (11-200),Laura Thompson,2024-03-23,SAAS,Sales Accepted,4,,,871,50,2024-11-28,,2024,2024-03,250,,False,False,False,False,True,Small (11-200)
Kautzer-Shanahan,Switzerland,46.204391,6.143158,Transportation & Logistics,Small (11-200),John Smith,2024-02-15,SAAS,Sales Accepted,4,,,1917,30,2024-09-06,,2024,2024-02,204,,False,False,False,False,True,Small (11-200)
"Walter, Roberts and Grant",Germany,52.520008,13.404954,Transportation & Logistics,Small (11-200),Laura Thompson,2024-02-05,Services,Sales Accepted,4,,,1362,40,2024-03-01,,2024,2024-02,25,,False,False,False,False,False,Small (11-200)
"Ferry, Kassulke and Abshire",Italy,41.902782,12.496366,Energy & Utilities,Small (11-200),John Smith,2024-02-05,Services,Sales Accepted,4,,,834,20,2025-01-14,,2024,2024-02,344,,False,False,False,False,False,Small (11-200)
Douglas Inc,Italy,41.902782,12.496366,Government Administration Healthcare,Small (11-200),John Smith,2024-04-23,SAAS,Sales Accepted,4,,,1846,80,2024-08-04,,2024,2024-04,103,,False,False,False,False,True,Small (11-200)
Nitzsche Inc,Portugal,38.736946,-9.142685,Agriculture & Mining,Small (11-200),Laura Thompson,2024-04-19,SAAS,Sales Accepted,4,,,1583,40,2024-06-07,,2024,2024-04,49,,False,False,False,False,True,Small (11-200)
Schroeder-Boyle,Switzerland,46.204391,6.143158,Transportation & Logistics,Small (11-200),David Wilson,2024-04-30,SAAS,Sales Accepted,4,,,799,20,2024-07-18,,2024,2024-04,79,,False,False,False,False,True,Small (11-200)
Torp-Bernhard,France,48.864716,2.349014,Banking and Finance,Small (11-200),Emily Johnson,2024-03-18,SAAS,Sales Accepted,4,,,1320,90,2025-01-19,,2024,2024-03,307,,False,False,False,False,True,Small (11-200)
Medhurst-Marvin,Italy,41.902782,12.496366,Energy & Utilities,Small (11-200),Jessica Martinez,2024-01-10,SAAS,Sales Accepted,4,,,1730,90,2024-06-04,,2024,2024-01,146,,False,False,False,False,True,Small (11-200)
Barrows-Abbott,France,48.864716,2.349014,Transportation & Logistics,Small (11-200),Sarah Davis,2024-02-20,Services,Sales Accepted,4,,,1805,60,2024-10-13,,2024,2024-02,236,,False,False,False,False,False,Small (11-200)
Hermann LLC,Italy,41.902782,12.496366,Retail & Distribution,Small (11-200),Michael Brown,2024-05-11,Custom solution,Sales Accepted,4,,,1564,50,2024-11-11,,2024,2024-05,184,,False,False,False,False,False,Small (11-200)
"Kautzer, Bahringer and Littel",Portugal,38.736946,-9.142685,IT & IT Services,Small (11-200),Laura Thompson,2024-02-12,Custom solution,Sales Accepted,4,,,1373,20,2024-06-25,,2024,2024-02,134,,False,False,False,False,False,Small (11-200)
Weber and Sons,Spain,40.416775,-3.70379,Recreation & Sports,Small (11-200),David Wilson,2024-03-31,SAAS,Sales Accepted,4,,,1364,40,2025-01-07,,2024,2024-03,282,,False,False,False,False,True,Small (11-200)
"Pfannerstill, Denesik and Rodriguez",Germany,52.520008,13.404954,Agriculture & Mining,Small (11-200),Kevin Anderson,2024-02-25,Services,Sales Accepted,4,,,1430,60,2024-11-13,,2024,2024-02,262,,False,False,False,False,False,Small (11-200)
Kirlin-Rodriguez,Austria,48.210033,16.363449,Education & Science,Small (11-200),Kevin Anderson,2024-02-22,Services,Sales Accepted,4,,,704,60,2024-10-22,,2024,2024-02,243,,False,False,False,False,False,Small (11-200)
Mante-Towne,Portugal,38.736946,-9.142685,Transportation & Logistics,Small (11-200),John Smith,2024-03-08,Services,Sales Accepted,4,,,1907,40,2024-07-15,,2024,2024-03,129,,False,False,False,False,False,Small (11-200)
"Rau, Veum and Purdy",Austria,48.210033,16.363449,Banking and Finance,Small (11-200),David Wilson,2024-04-28,Services,Sales Accepted,4,,,1580,40,2024-12-07,,2024,2024-04,223,,False,False,False,False,False,Small (11-200)
Hyatt-Dare,France,48.864716,2.349014,Telecommunications,Small (11-200),John Smith,2024-03-18,SAAS,Sales Accepted,4,,,733,60,2024-05-27,,2024,2024-03,70,,False,False,False,False,True,Small (11-200)
"Leuschke, Wuckert and Yundt",Italy,41.902782,12.496366,Agriculture & Mining,Small (11-200),Jessica Martinez,2024-02-28,SAAS,Sales Accepted,4,,,1890,40,2024-11-13,,2024,2024-02,259,,False,False,False,False,True,Small (11-200)
"Mayer, Ryan and Satterfield",Portugal,38.736946,-9.142685,Construction & Engineering,Small (11-200),Laura Thompson,2024-01-25,SAAS,Sales Accepted,4,,,684,40,2024-07-08,,2024,2024-01,165,,False,False,False,False,True,Small (11-200)
Mann-Moore,Italy,41.902782,12.496366,Telecommunications,Small (11-200),Emily Johnson,2024-03-10,SAAS,Sales Accepted,4,,,842,70,2024-08-03,,2024,2024-03,146,,False,False,False,False,True,Small (11-200)
"Ebert, Schinner and Haag",France,48.864716,2.349014,Government Administration Healthcare,Small (11-200),Emily Johnson,2024-05-09,SAAS,Sales Accepted,4,,,596,40,2025-04-18,,2024,2024-05,344,,False,False,False,False,True,Small (11-200)
Hegmann-Kris,Netherlands,52.370216,4.895168,Agriculture & Mining,Small (11-200),Laura Thompson,2024-03-26,Services,Sales Accepted,4,,,1579,50,2024-10-18,,2024,2024-03,206,,False,False,False,False,False,Small (11-200)
"Williamson, Williamson and Walker",Germany,52.520008,13.404954,Retail & Distribution,Small (11-200),Jessica Martinez,2024-03-27,Services,Sales Accepted,4,,,566,30,2024-04-25,,2024,2024-03,29,,False,False,False,False,False,Small (11-200)
"Runolfsson, Schinner and Beier",Spain,40.416775,-3.70379,Transportation & Logistics,Small (11-200),Michael Brown,2024-03-10,Custom solution,Sales Accepted,4,,,1973,40,2025-02-13,,2024,2024-03,340,,False,False,False,False,False,Small (11-200)
"Schamberger, Hartmann and Jones",Belgium,51.260197,4.402771,Transportation & Logistics,Small (11-200),Laura Thompson,2024-02-25,SAAS,Sales Accepted,4,,,599,80,2024-06-09,,2024,2024-02,105,,False,False,False,False,True,Small (11-200)
"Marvin, Gutkowski and Anderson",Italy,41.902782,12.496366,Transportation & Logistics,Small (11-200),Laura Thompson,2024-03-27,Custom solution,Sales Accepted,4,,,769,50,2024-05-31,,2024,2024-03,65,,False,False,False,False,False,Small (11-200)
"Kutch, Dickinson and Ullrich",Netherlands,52.370216,4.895168,IT & IT Services,Small (11-200),Michael Brown,2024-05-31,SAAS,Sales Accepted,4,,,1456,50,2024-11-17,,2024,2024-05,170,,False,False,False,False,True,Small (11-200)
Wolf LLC,Belgium,51.260197,4.402771,Transportation & Logistics,Small (11-200),John Smith,2024-04-26,Custom solution,Sales Accepted,4,,,830,80,2025-04-03,,2024,2024-04,342,,False,False,False,False,False,Small (11-200)
"Quitzon, O'Conner and Erdman",Italy,41.902782,12.496366,IT & IT Services,Small (11-200),Kevin Anderson,2024-05-29,SAAS,Sales Accepted,4,,,298,50,2025-04-14,,2024,2024-05,320,,False,False,False,False,True,Small (11-200)
"Tremblay, Jacobson and Hackett",Portugal,38.736946,-9.142685,Banking and Finance,Small (11-200),Michael Brown,2024-03-28,Services,Sales Accepted,4,,,943,60,2025-01-31,,2024,2024-03,309,,False,False,False,False,False,Small (11-200)
Bauch-Kovacek,France,48.864716,2.349014,IT & IT Services,Small (11-200),Michael Brown,2024-04-17,SAAS,Sales Accepted,4,,,909,30,2025-02-22,,2024,2024-04,311,,False,False,False,False,True,Small (11-200)
"Marvin, Hills and Hirthe",Switzerland,46.204391,6.143158,Construction & Engineering,Small (11-200),Emily Johnson,2024-01-30,SAAS,Sales Accepted,4,,,227,30,2024-03-02,,2024,2024-01,32,,False,False,False,False,True,Small (11-200)
"Leannon, Schowalter and Waters",Portugal,38.736946,-9.142685,Professional Services  & Consulting,Small (11-200),Laura Thompson,2024-04-30,Services,Sales Accepted,4,,,924,70,2025-04-24,,2024,2024-04,359,,False,False,False,False,False,Small (11-200)
Kemmer and Sons,Germany,52.520008,13.404954,Government Administration Healthcare,Small (11-200),Emily Johnson,2024-03-21,SAAS,Sales Accepted,4,,,1403,30,2024-12-18,,2024,2024-03,272,,False,False,False,False,True,Small (11-200)
"Dickens, Lubowitz and Emard",Germany,52.520008,13.404954,Agriculture & Mining,Small (11-200),Laura Thompson,2024-05-22,SAAS,Sales Accepted,4,,,1398,50,2024-10-10,,2024,2024-05,141,,False,False,False,False,True,Small (11-200)
Emard and Sons,Switzerland,46.204391,6.143158,Banking and Finance,Small (11-200),Laura Thompson,2024-05-15,Custom solution,Sales Accepted,4,,,1190,20,2025-05-01,,2024,2024-05,351,,False,False,False,False,False,Small (11-200)
Lind Group,France,48.864716,2.349014,Banking and Finance,Small (11-200),Michael Brown,2024-04-14,SAAS,Sales Accepted,4,,,654,50,2024-07-29,,2024,2024-04,106,,False,False,False,False,True,Small (11-200)
Wolff Group,Germany,52.520008,13.404954,Recreation & Sports,Small (11-200),Laura Thompson,2024-02-13,SAAS,Sales Accepted,4,,,517,30,2025-01-30,,2024,2024-02,352,,False,False,False,False,True,Small (11-200)
Rogahn-Rodriguez,Germany,52.520008,13.404954,Construction & Engineering,Small (11-200),John Smith,2024-04-24,SAAS,Sales Accepted,4,,,388,80,2024-10-05,,2024,2024-04,164,,False,False,False,False,True,Small (11-200)
"Ratke, Bogan and Kautzer",France,48.864716,2.349014,Entertainment & Media & Hospitality,Small (11-200),Kevin Anderson,2024-05-07,SAAS,Sales Accepted,4,,,1147,80,2025-03-03,,2024,2024-05,300,,False,False,False,False,True,Small (11-200)
Greenholt-Kiehn,Switzerland,46.204391,6.143158,Banking and Finance,Small (11-200),Emily Johnson,2024-03-19,SAAS,Sales Accepted,4,,,1776,20,2024-12-07,,2024,2024-03,263,,False,False,False,False,True,Small (11-200)
Hayes and Sons,Portugal,38.736946,-9.142685,Banking and Finance,Small (11-200),Michael Brown,2024-05-26,SAAS,Sales Accepted,4,,,1127,30,2025-02-15,,2024,2024-05,265,,False,False,False,False,True,Small (11-200)
"Bernhard, Auer and Pollich",Switzerland,46.204391,6.143158,Entertainment & Media & Hospitality,Small (11-200),David Wilson,2024-04-05,Services,Sales Accepted,4,,,258,40,2024-05-13,,2024,2024-04,38,,False,False,False,False,False,Small (11-200)
Champlin-Christiansen,Germany,52.520008,13.404954,Government Administration Healthcare,Small (11-200),Emily Johnson,2024-03-01,Services,Sales Accepted,4,,,263,100,2024-10-06,,2024,2024-03,219,,False,False,False,False,False,Small (11-200)
Tillman Group,Spain,40.416775,-3.70379,Banking and Finance,Small (11-200),Jessica Martinez,2024-03-02,SAAS,Sales Accepted,4,,,320,50,2024-10-10,,2024,2024-03,222,,False,False,False,False,True,Small (11-200)
Rutherford-Botsford,Switzerland,46.204391,6.143158,Retail & Distribution,Small (11-200),Jessica Martinez,2024-05-08,Services,Sales Accepted,4,,,758,40,2024-08-28,,2024,2024-05,112,,False,False,False,False,False,Small (11-200)
"Monahan, Witting and Schaden",Spain,40.416775,-3.70379,IT & IT Services,Small (11-200),Michael Brown,2024-01-24,Services,Sales Accepted,4,,,952,30,2024-04-08,,2024,2024-01,75,,False,False,False,False,False,Small (11-200)
Feedfish,Spain,40.416775,-3.70379,Government Administration Healthcare,Micro (1-10),Jessica Martinez,2024-04-13,SAAS,Sales Accepted,4,,,1082,50,2024-09-27,,2024,2024-04,167,,False,False,False,False,True,Micro (1-10)
Oodoo,France,48.864716,2.349014,Transportation & Logistics,Micro (1-10),John Smith,2024-03-05,SAAS,Sales Accepted,4,,,593,20,2025-01-16,,2024,2024-03,317,,False,False,False,False,True,Micro (1-10)
Realblab,Belgium,51.260197,4.402771,Entertainment & Media & Hospitality,Micro (1-10),John Smith,2024-03-31,Services,Sales Accepted,4,,,1032,50,2024-04-24,,2024,2024-03,24,,False,False,False,False,False,Micro (1-10)
Babblestorm,Switzerland,46.204391,6.143158,Banking and Finance,Micro (1-10),Michael Brown,2024-05-29,Services,Sales Accepted,4,,,928,20,2024-11-07,,2024,2024-05,162,,False,False,False,False,False,Micro (1-10)
Nlounge,Spain,40.416775,-3.70379,IT & IT Services,Micro (1-10),Emily Johnson,2024-03-18,Services,Sales Accepted,4,,,730,100,2024-08-17,,2024,2024-03,152,,False,False,False,False,False,Micro (1-10)
Fatz,Spain,40.416775,-3.70379,Government Administration Healthcare,Micro (1-10),Emily Johnson,2024-04-04,SAAS,Sales Accepted,4,,,926,20,2024-11-02,,2024,2024-04,212,,False,False,False,False,True,Micro (1-10)
Pixonyx,Italy,41.902782,12.496366,IT & IT Services,Micro (1-10),Michael Brown,2024-04-30,SAAS,Sales Accepted,4,,,826,20,2025-03-18,,2024,2024-04,322,,False,False,False,False,True,Micro (1-10)
Avaveo,Austria,48.210033,16.363449,Banking and Finance,Micro (1-10),Sarah Davis,2024-05-03,Custom solution,Sales Accepted,4,,,1094,100,2025-03-25,,2024,2024-05,326,,False,False,False,False,False,Micro (1-10)
Skilith,France,48.864716,2.349014,Manufacturing & Production,Micro (1-10),David Wilson,2024-01-06,Services,Sales Accepted,4,,,256,30,2024-06-03,,2024,2024-01,149,,False,False,False,False,False,Micro (1-10)
Brainlounge,Switzerland,46.204391,6.143158,Construction & Engineering,Micro (1-10),Jessica Martinez,2024-04-28,Services,Sales Accepted,4,,,656,40,2024-12-07,,2024,2024-04,223,,False,False,False,False,False,Micro (1-10)
Wikido,Italy,41.902782,12.496366,Banking and Finance,Micro (1-10),Michael Brown,2024-04-26,SAAS,Sales Accepted,4,,,1048,60,2024-10-21,,2024,2024-04,178,,False,False,False,False,True,Micro (1-10)
Brainverse,Italy,41.902782,12.496366,Entertainment & Media & Hospitality,Micro (1-10),Laura Thompson,2024-02-22,SAAS,Sales Accepted,4,,,556,50,2024-10-20,,2024,2024-02,241,,False,False,False,False,True,Micro (1-10)
O'Conner-Zboncak,Spain,40.416775,-3.70379,Banking and Finance,Micro (1-10),Laura Thompson,2024-02-06,SAAS,Sales Accepted,4,,,850,50,2024-05-07,,2024,2024-02,91,,False,False,False,False,True,Micro (1-10)
Goldner Group,Italy,41.902782,12.496366,Transportation & Logistics,Micro (1-10),John Smith,2024-04-23,Services,Sales Accepted,4,,,1093,20,2024-08-11,,2024,2024-04,110,,False,False,False,False,False,Micro (1-10)
"Pfannerstill, VonRueden and Greenfelder",Italy,41.902782,12.496366,Education & Science,Micro (1-10),Emily Johnson,2024-03-11,Custom solution,Sales Accepted,4,,,314,60,2025-03-11,,2024,2024-03,365,,False,False,False,False,False,Micro (1-10)
"Padberg, Ferry and Abshire",Germany,52.520008,13.404954,Transportation & Logistics,Micro (1-10),Laura Thompson,2024-01-22,Services,Sales Accepted,4,,,642,50,2024-03-19,,2024,2024-01,57,,False,False,False,False,False,Micro (1-10)
Effertz-Wehner,Switzerland,46.204391,6.143158,Transportation & Logistics,Micro (1-10),Sarah Davis,2024-01-25,Services,Sales Accepted,4,,,858,40,2024-10-06,,2024,2024-01,255,,False,False,False,False,False,Micro (1-10)
Ebert-Cummerata,France,48.864716,2.349014,Transportation & Logistics,Micro (1-10),Laura Thompson,2024-04-23,Services,Sales Accepted,4,,,828,40,2025-04-16,,2024,2024-04,358,,False,False,False,False,False,Micro (1-10)
Nolan-DuBuque,France,48.864716,2.349014,Banking and Finance,Micro (1-10),John Smith,2024-01-21,Services,Sales Accepted,4,,,482,100,2024-05-03,,2024,2024-01,103,,False,False,False,False,False,Micro (1-10)
Franecki-Baumbach,Austria,48.210033,16.363449,Professional Services  & Consulting,Micro (1-10),Laura Thompson,2024-02-07,SAAS,Sales Accepted,4,,,367,50,2024-03-01,,2024,2024-02,23,,False,False,False,False,True,Micro (1-10)
Cremin Group,France,48.864716,2.349014,Entertainment & Media & Hospitality,Micro (1-10),Emily Johnson,2024-04-25,Services,Sales Accepted,4,,,471,20,2025-03-16,,2024,2024-04,325,,False,False,False,False,False,Micro (1-10)
"Friesen, Jacobson and Lockman",Austria,48.210033,16.363449,IT & IT Services,Micro (1-10),Laura Thompson,2024-03-16,SAAS,Sales Accepted,4,,,1169,20,2024-07-19,,2024,2024-03,125,,False,False,False,False,True,Micro (1-10)
"West, Rodriguez and Larson",Belgium,51.260197,4.402771,Agriculture & Mining,Micro (1-10),David Wilson,2024-05-06,Custom solution,Sales Accepted,4,,,1140,40,2024-06-26,,2024,2024-05,51,,False,False,False,False,False,Micro (1-10)
Douglas-Purdy,Germany,52.520008,13.404954,Banking and Finance,Micro (1-10),Jessica Martinez,2024-05-16,Custom solution,Sales Accepted,4,,,437,20,2024-06-05,,2024,2024-05,20,,False,False,False,False,False,Micro (1-10)
Wilkinson Group,Italy,41.902782,12.496366,Transportation & Logistics,Micro (1-10),Kevin Anderson,2024-03-27,SAAS,Sales Accepted,4,,,1027,50,2025-01-08,,2024,2024-03,287,,False,False,False,False,True,Micro (1-10)
Greenholt LLC,France,48.864716,2.349014,Retail & Distribution,Micro (1-10),Michael Brown,2024-01-13,Services,Sales Accepted,4,,,601,40,2024-12-14,,2024,2024-01,336,,False,False,False,False,False,Micro (1-10)
"Torp, Nitzsche and Nicolas",Spain,40.416775,-3.70379,Education & Science,Micro (1-10),Michael Brown,2024-04-19,Services,Sales Accepted,4,,,336,40,2025-03-22,,2024,2024-04,337,,False,False,False,False,False,Micro (1-10)
Lindgren-Kuphal,Switzerland,46.204391,6.143158,Banking and Finance,Micro (1-10),Laura Thompson,2024-04-29,Services,Sales Accepted,4,,,822,40,2025-03-10,,2024,2024-04,315,,False,False,False,False,False,Micro (1-10)
Becker-Legros,Portugal,38.736946,-9.142685,Transportation & Logistics,Micro (1-10),Michael Brown,2024-02-03,SAAS,Sales Accepted,4,,,465,30,2024-02-28,,2024,2024-02,25,,False,False,False,False,True,Micro (1-10)
Auer-Kub,Germany,52.520008,13.404954,Government Administration Healthcare,Micro (1-10),Laura Thompson,2024-05-12,Services,Sales Accepted,4,,,1146,20,2025-03-07,,2024,2024-05,299,,False,False,False,False,False,Micro (1-10)
Abshire-Turcotte,Italy,41.902782,12.496366,Banking and Finance,Micro (1-10),Jessica Martinez,2024-03-06,Services,Sales Accepted,4,,,794,70,2025-02-21,,2024,2024-03,352,,False,False,False,False,False,Micro (1-10)
Haag LLC,Portugal,38.736946,-9.142685,Transportation & Logistics,Micro (1-10),Laura Thompson,2024-04-13,Custom solution,Sales Accepted,4,,,1164,10,2025-02-09,,2024,2024-04,302,,False,False,False,False,False,Micro (1-10)
"Kunde, Jast and Medhurst",Italy,41.902782,12.496366,Recreation & Sports,Micro (1-10),Kevin Anderson,2024-02-04,Custom solution,Sales Accepted,4,,,424,30,2024-03-13,,2024,2024-02,38,,False,False,False,False,False,Micro (1-10)
Wiegand-Shanahan,France,48.864716,2.349014,Transportation & Logistics,Micro (1-10),David Wilson,2024-01-08,SAAS,Sales Accepted,4,,,311,40,2024-04-13,,2024,2024-01,96,,False,False,False,False,True,Micro (1-10)
Kris-Haley,Switzerland,46.204391,6.143158,Manufacturing & Production,Micro (1-10),Laura Thompson,2024-01-02,Custom solution,Sales Accepted,4,,,899,40,2024-12-01,,2024,2024-01,334,,False,False,False,False,False,Micro (1-10)
"McCullough, Wehner and Mitchell",Portugal,38.736946,-9.142685,Transportation & Logistics,Micro (1-10),Emily Johnson,2024-03-17,SAAS,Sales Accepted,4,,,405,20,2024-07-04,,2024,2024-03,109,,False,False,False,False,True,Micro (1-10)
Bernier Group,Italy,41.902782,12.496366,Recreation & Sports,Micro (1-10),Sarah Davis,2024-05-26,SAAS,Sales Accepted,4,,,281,40,2024-11-11,,2024,2024-05,169,,False,False,False,False,True,Micro (1-10)
Schroeder-Cartwright,Italy,41.902782,12.496366,IT & IT Services,Micro (1-10),Emily Johnson,2024-05-28,Services,Sales Accepted,4,,,1144,20,2024-09-02,,2024,2024-05,97,,False,False,False,False,False,Micro (1-10)
Deckow Inc,Belgium,51.260197,4.402771,Government Administration Healthcare,Micro (1-10),Sarah Davis,2024-02-27,SAAS,Sales Accepted,4,,,825,10,2024-05-31,,2024,2024-02,94,,False,False,False,False,True,Micro (1-10)
Hintz and Sons,Portugal,38.736946,-9.142685,IT & IT Services,Micro (1-10),Laura Thompson,2024-02-14,Services,Sales Accepted,4,,,750,70,2024-12-27,,2024,2024-02,317,,False,False,False,False,False,Micro (1-10)
Rolfson-Nicolas,Spain,40.416775,-3.70379,Professional Services  & Consulting,Micro (1-10),Sarah Davis,2024-01-22,SAAS,Sales Accepted,4,,,1158,30,2024-08-30,,2024,2024-01,221,,False,False,False,False,True,Micro (1-10)
Hahn-Mraz,Germany,52.520008,13.404954,Telecommunications,Micro (1-10),Michael Brown,2024-01-24,SAAS,Sales Accepted,4,,,918,30,2024-08-04,,2024,2024-01,193,,False,False,False,False,True,Micro (1-10)
Parisian Group,Portugal,38.736946,-9.142685,Retail & Distribution,Micro (1-10),Emily Johnson,2024-03-09,Custom solution,Sales Accepted,4,,,215,40,2025-01-04,,2024,2024-03,301,,False,False,False,False,False,Micro (1-10)
Mann-Balistreri,Austria,48.210033,16.363449,Entertainment & Media & Hospitality,Micro (1-10),Kevin Anderson,2024-02-15,Services,Sales Accepted,4,,,1060,30,2025-01-30,,2024,2024-02,350,,False,False,False,False,False,Micro (1-10)
"Becker, Wolff and Legros",Germany,52.520008,13.404954,Agriculture & Mining,Micro (1-10),Laura Thompson,2024-04-18,Services,Sales Accepted,4,,,493,30,2025-02-10,,2024,2024-04,298,,False,False,False,False,False,Micro (1-10)
Sporer-Harber,Switzerland,46.204391,6.143158,Government Administration Healthcare,Micro (1-10),David Wilson,2024-03-27,SAAS,Sales Accepted,4,,,815,20,2024-06-20,,2024,2024-03,85,,False,False,False,False,True,Micro (1-10)
"Hickle, Witting and Langworth",Netherlands,52.370216,4.895168,Construction & Engineering,Micro (1-10),Jessica Martinez,2024-02-26,SAAS,Sales Accepted,4,,,595,70,2025-01-29,,2024,2024-02,338,,False,False,False,False,True,Micro (1-10)
"Wilkinson, Ebert and Toy",Switzerland,46.204391,6.143158,Professional Services  & Consulting,Micro (1-10),Kevin Anderson,2024-01-20,SAAS,Sales Accepted,4,,,739,30,2024-03-02,,2024,2024-01,42,,False,False,False,False,True,Micro (1-10)
Marquardt-Steuber,Netherlands,52.370216,4.895168,Banking and Finance,Micro (1-10),Michael Brown,2024-01-29,Custom solution,Sales Accepted,4,,,571,40,2024-09-21,,2024,2024-01,236,,False,False,False,False,False,Micro (1-10)
Deckow-Beatty,Portugal,38.736946,-9.142685,IT & IT Services,Micro (1-10),Sarah Davis,2024-01-29,SAAS,Sales Accepted,4,,,313,100,2024-11-08,,2024,2024-01,284,,False,False,False,False,True,Micro (1-10)
"Dicki, Ferry and Dare",Germany,52.520008,13.404954,Construction & Engineering,Micro (1-10),Michael Brown,2024-03-13,Services,Sales Accepted,4,,,924,30,2024-08-26,,2024,2024-03,166,,False,False,False,False,False,Micro (1-10)
Schmidt and Sons,Germany,52.520008,13.404954,Telecommunications,Micro (1-10),Emily Johnson,2024-04-05,Custom solution,Sales Accepted,4,,,952,60,2024-10-13,,2024,2024-04,191,,False,False,False,False,False,Micro (1-10)
Greenfelder and Sons,Portugal,38.736946,-9.142685,Professional Services  & Consulting,Micro (1-10),Jessica Martinez,2024-03-05,SAAS,Sales Accepted,4,,,202,20,2024-09-20,,2024,2024-03,199,,False,False,False,False,True,Micro (1-10)
"McKenzie, Kovacek and Reichel",Portugal,38.736946,-9.142685,Banking and Finance,Micro (1-10),Emily Johnson,2024-04-20,Custom solution,Sales Accepted,4,,,660,50,2025-02-17,,2024,2024-04,303,,False,False,False,False,False,Micro (1-10)
Greenfelder Inc,Austria,48.210033,16.363449,Agriculture & Mining,Micro (1-10),Michael Brown,2024-05-08,SAAS,Sales Accepted,4,,,219,100,2024-07-03,,2024,2024-05,56,,False,False,False,False,True,Micro (1-10)
Goyette and Sons,Italy,41.902782,12.496366,Professional Services  & Consulting,Micro (1-10),Laura Thompson,2024-02-05,SAAS,Sales Accepted,4,,,653,40,2024-06-07,,2024,2024-02,123,,False,False,False,False,True,Micro (1-10)
Pacocha and Sons,France,48.864716,2.349014,Transportation & Logistics,Micro (1-10),Michael Brown,2024-03-31,Services,Sales Accepted,4,,,816,90,2024-05-07,,2024,2024-03,37,,False,False,False,False,False,Micro (1-10)
Wiza Group,France,48.864716,2.349014,Transportation & Logistics,Micro (1-10),Laura Thompson,2024-03-01,SAAS,Sales Accepted,4,,,344,30,2024-09-02,,2024,2024-03,185,,False,False,False,False,True,Micro (1-10)
Murray-Ullrich,Spain,40.416775,-3.70379,Transportation & Logistics,Micro (1-10),Laura Thompson,2024-03-18,Services,Sales Accepted,4,,,557,20,2025-03-14,,2024,2024-03,361,,False,False,False,False,False,Micro (1-10)
Ward LLC,Netherlands,52.370216,4.895168,Banking and Finance,Micro (1-10),Michael Brown,2024-05-31,Services,Sales Accepted,4,,,721,40,2024-08-21,,2024,2024-05,82,,False,False,False,False,False,Micro (1-10)
Ferry-Bernier,Italy,41.902782,12.496366,Professional Services  & Consulting,Micro (1-10),Jessica Martinez,2024-04-16,SAAS,Sales Accepted,4,,,964,40,2025-02-07,,2024,2024-04,297,,False,False,False,False,True,Micro (1-10)
Glover and Sons,Belgium,51.260197,4.402771,Agriculture & Mining,Micro (1-10),Laura Thompson,2024-04-08,SAAS,Sales Accepted,4,,,438,40,2024-08-22,,2024,2024-04,136,,False,False,False,False,True,Micro (1-10)
"Brakus, Reichel and Funk",Germany,52.520008,13.404954,Agriculture & Mining,Micro (1-10),John Smith,2024-05-02,Custom solution,Sales Accepted,4,,,238,20,2024-09-17,,2024,2024-05,138,,False,False,False,False,False,Micro (1-10)
Huels and Sons,Germany,52.520008,13.404954,Transportation & Logistics,Micro (1-10),John Smith,2024-02-16,Services,Sales Accepted,4,,,381,30,2024-07-14,,2024,2024-02,149,,False,False,False,False,False,Micro (1-10)
Schuppe-Funk,Italy,41.902782,12.496366,Transportation & Logistics,Micro (1-10),David Wilson,2024-04-14,Custom solution,Sales Accepted,4,,,943,30,2024-08-16,,2024,2024-04,124,,False,False,False,False,False,Micro (1-10)
"Buckridge, Lakin and Nader",Switzerland,46.204391,6.143158,Banking and Finance,Micro (1-10),Kevin Anderson,2024-05-08,SAAS,Sales Accepted,4,,,413,50,2024-06-04,,2024,2024-05,27,,False,False,False,False,True,Micro (1-10)
"Ryan, Schneider and Medhurst",Netherlands,52.370216,4.895168,Construction & Engineering,Micro (1-10),Sarah Davis,2024-02-05,SAAS,Sales Accepted,4,,,1092,20,2024-08-06,,2024,2024-02,183,,False,False,False,False,True,Micro (1-10)
Braun-Zieme,France,48.864716,2.349014,Telecommunications,Micro (1-10),Jessica Martinez,2024-05-30,Services,Sales Accepted,4,,,429,40,2025-05-19,,2024,2024-05,354,,False,False,False,False,False,Micro (1-10)
Legros-Pacocha,Italy,41.902782,12.496366,Banking and Finance,Micro (1-10),Jessica Martinez,2024-02-29,SAAS,Sales Accepted,4,,,952,30,2024-08-08,,2024,2024-02,161,,False,False,False,False,True,Micro (1-10)
"Block, Tromp and Johnston",Netherlands,52.370216,4.895168,Agriculture & Mining,Micro (1-10),Kevin Anderson,2024-03-22,SAAS,Sales Accepted,4,,,244,50,2025-01-03,,2024,2024-03,287,,False,False,False,False,True,Micro (1-10)
"Johnson, Kiehn and Walsh",Portugal,38.736946,-9.142685,Retail & Distribution,Micro (1-10),David Wilson,2024-01-13,Custom solution,Sales Accepted,4,,,223,90,2024-09-13,,2024,2024-01,244,,False,False,False,False,False,Micro (1-10)
Smith and Sons,Austria,48.210033,16.363449,Transportation & Logistics,Micro (1-10),Michael Brown,2024-04-20,Services,Sales Accepted,4,,,370,40,2025-02-07,,2024,2024-04,293,,False,False,False,False,False,Micro (1-10)
Spencer-Jacobs,Italy,41.902782,12.496366,IT & IT Services,Micro (1-10),John Smith,2024-04-24,Custom solution,Sales Accepted,4,,,1049,30,2024-10-07,,2024,2024-04,166,,False,False,False,False,False,Micro (1-10)
"Wolf, Kozey and Olson",Portugal,38.736946,-9.142685,Manufacturing & Production,Micro (1-10),David Wilson,2024-05-02,Services,Sales Accepted,4,,,380,20,2024-09-19,,2024,2024-05,140,,False,False,False,False,False,Micro (1-10)
Runolfsdottir and Sons,Germany,52.520008,13.404954,Professional Services  & Consulting,Micro (1-10),Laura Thompson,2024-02-25,Custom solution,Sales Accepted,4,,,1199,20,2024-08-06,,2024,2024-02,163,,False,False,False,False,False,Micro (1-10)
Orn-Green,Netherlands,52.370216,4.895168,Telecommunications,Micro (1-10),Laura Thompson,2024-02-25,SAAS,Sales Accepted,4,,,510,50,2024-08-22,,2024,2024-02,179,,False,False,False,False,True,Micro (1-10)
Braun-Denesik,Switzerland,46.204391,6.143158,Government Administration Healthcare,Micro (1-10),Emily Johnson,2024-01-29,SAAS,Sales Accepted,4,,,407,50,2024-02-19,,2024,2024-01,21,,False,False,False,False,True,Micro (1-10)
Tromp-Jacobs,Italy,41.902782,12.496366,Energy & Utilities,Micro (1-10),Emily Johnson,2024-04-12,SAAS,Sales Accepted,4,,,299,30,2025-03-13,,2024,2024-04,335,,False,False,False,False,True,Micro (1-10)
Morar-Lebsack,Portugal,38.736946,-9.142685,Transportation & Logistics,Micro (1-10),Jessica Martinez,2024-01-17,SAAS,Sales Accepted,4,,,706,20,2024-05-11,,2024,2024-01,115,,False,False,False,False,True,Micro (1-10)
"Gislason, Dare and Yundt",France,48.864716,2.349014,Transportation & Logistics,Micro (1-10),Laura Thompson,2024-05-02,SAAS,Sales Accepted,4,,,766,40,2024-06-18,,2024,2024-05,47,,False,False,False,False,True,Micro (1-10)
"Lehner, Jacobson and Brakus",Switzerland,46.204391,6.143158,Transportation & Logistics,Micro (1-10),Jessica Martinez,2024-04-05,SAAS,Sales Accepted,4,,,496,60,2025-02-28,,2024,2024-04,329,,False,False,False,False,True,Micro (1-10)
"Homenick, Barton and Mayert",Spain,40.416775,-3.70379,Professional Services  & Consulting,Micro (1-10),Jessica Martinez,2024-05-29,Services,Sales Accepted,4,,,917,20,2024-06-28,,2024,2024-05,30,,False,False,False,False,False,Micro (1-10)
"VonRueden, Hayes and Conn",Italy,41.902782,12.496366,Entertainment & Media & Hospitality,Micro (1-10),Michael Brown,2024-05-08,SAAS,Sales Accepted,4,,,656,40,2024-06-08,,2024,2024-05,31,,False,False,False,False,True,Micro (1-10)
Nitzsche-Reichel,Italy,41.902782,12.496366,Transportation & Logistics,Micro (1-10),Kevin Anderson,2024-03-15,Custom solution,Sales Accepted,4,,,996,70,2024-12-27,,2024,2024-03,287,,False,False,False,False,False,Micro (1-10)
"Mosciski, Wisozk and Hamill",Switzerland,46.204391,6.143158,Professional Services  & Consulting,Micro (1-10),Sarah Davis,2024-05-14,Services,Sales Accepted,4,,,428,30,2024-09-05,,2024,2024-05,114,,False,False,False,False,False,Micro (1-10)
Buckridge-Langosh,France,48.864716,2.349014,IT & IT Services,Micro (1-10),Michael Brown,2024-01-10,SAAS,Sales Accepted,4,,,562,20,2024-08-19,,2024,2024-01,222,,False,False,False,False,True,Micro (1-10)
"Hessel, Ward and Bernhard",Switzerland,46.204391,6.143158,IT & IT Services,Micro (1-10),Michael Brown,2024-01-08,Custom solution,Sales Accepted,4,,,786,50,2024-08-19,,2024,2024-01,224,,False,False,False,False,False,Micro (1-10)
"Huels, Kutch and Gorczany",Italy,41.902782,12.496366,Transportation & Logistics,Micro (1-10),Jessica Martinez,2024-04-04,SAAS,Sales Accepted,4,,,827,40,2025-02-17,,2024,2024-04,319,,False,False,False,False,True,Micro (1-10)
Stehr LLC,France,48.864716,2.349014,Transportation & Logistics,Micro (1-10),Emily Johnson,2024-04-13,Services,Sales Accepted,4,,,1021,60,2025-01-16,,2024,2024-04,278,,False,False,False,False,False,Micro (1-10)
Casper-Bahringer,Germany,52.520008,13.404954,Entertainment & Media & Hospitality,Micro (1-10),Jessica Martinez,2024-01-25,Services,Sales Accepted,4,,,509,40,2024-03-13,,2024,2024-01,48,,False,False,False,False,False,Micro (1-10)
"DuBuque, Cormier and Reichel",Germany,52.520008,13.404954,Banking and Finance,Micro (1-10),Sarah Davis,2024-01-20,Services,Sales Accepted,4,,,883,40,2024-07-21,,2024,2024-01,183,,False,False,False,False,False,Micro (1-10)
Welch LLC,Italy,41.902782,12.496366,Agriculture & Mining,Micro (1-10),Sarah Davis,2024-05-19,SAAS,Sales Accepted,4,,,500,30,2025-04-19,,2024,2024-05,335,,False,False,False,False,True,Micro (1-10)
"Keeling, Miller and Rolfson",Italy,41.902782,12.496366,Government Administration Healthcare,Micro (1-10),Sarah Davis,2024-03-28,Custom solution,Sales Accepted,4,,,891,90,2025-03-07,,2024,2024-03,344,,False,False,False,False,False,Micro (1-10)
"Smith, Daniel and Bruen",Italy,41.902782,12.496366,Banking and Finance,Micro (1-10),Sarah Davis,2024-05-14,Custom solution,Sales Accepted,4,,,811,20,2025-04-10,,2024,2024-05,331,,False,False,False,False,False,Micro (1-10)
Windler Group,Germany,52.520008,13.404954,IT & IT Services,Micro (1-10),Laura Thompson,2024-01-29,Services,Sales Accepted,4,,,993,20,2024-08-19,,2024,2024-01,203,,False,False,False,False,False,Micro (1-10)
Moore Inc,Italy,41.902782,12.496366,Professional Services  & Consulting,Micro (1-10),David Wilson,2024-04-30,Custom solution,Sales Accepted,4,,,1083,50,2025-01-03,,2024,2024-04,248,,False,False,False,False,False,Micro (1-10)
Herzog-Jacobi,Spain,40.416775,-3.70379,Transportation & Logistics,Micro (1-10),Laura Thompson,2024-04-28,Services,Sales Accepted,4,,,928,50,2025-02-19,,2024,2024-04,297,,False,False,False,False,False,Micro (1-10)
"Murazik, Johnson and Roob",Italy,41.902782,12.496366,Transportation & Logistics,Micro (1-10),Jessica Martinez,2024-04-19,SAAS,Sales Accepted,4,,,307,30,2025-01-10,,2024,2024-04,266,,False,False,False,False,True,Micro (1-10)
"Koss, Reilly and Monahan",Italy,41.902782,12.496366,Transportation & Logistics,Micro (1-10),John Smith,2024-04-02,SAAS,Sales Accepted,4,,,697,60,2024-11-03,,2024,2024-04,215,,False,False,False,False,True,Micro (1-10)
"Douglas, Kulas and Roberts",Switzerland,46.204391,6.143158,IT & IT Services,Micro (1-10),Laura Thompson,2024-04-07,Services,Sales Accepted,4,,,451,30,2024-05-27,,2024,2024-04,50,,False,False,False,False,False,Micro (1-10)
"Jacobs, Fay and Konopelski",Switzerland,46.204391,6.143158,Banking and Finance,Micro (1-10),Laura Thompson,2024-01-25,Custom solution,Sales Accepted,4,,,1160,20,2024-07-29,,2024,2024-01,186,,False,False,False,False,False,Micro (1-10)
Dooley-Walker,Italy,41.902782,12.496366,Transportation & Logistics,Micro (1-10),Laura Thompson,2024-05-12,SAAS,Sales Accepted,4,,,790,30,2025-03-19,,2024,2024-05,311,,False,False,False,False,True,Micro (1-10)
"Connelly, Tillman and Smith",France,48.864716,2.349014,Banking and Finance,Micro (1-10),Emily Johnson,2024-01-10,SAAS,Sales Accepted,4,,,1196,20,2024-07-04,,2024,2024-01,176,,False,False,False,False,True,Micro (1-10)
Emard-Hartmann,Italy,41.902782,12.496366,Government Administration Healthcare,Micro (1-10),Emily Johnson,2024-02-28,Services,Sales Accepted,4,,,915,30,2024-12-18,,2024,2024-02,294,,False,False,False,False,False,Micro (1-10)
Schaden-Bauch,Austria,48.210033,16.363449,IT & IT Services,Micro (1-10),Laura Thompson,2024-03-27,Services,Sales Accepted,4,,,1075,30,2025-02-19,,2024,2024-03,329,,False,False,False,False,False,Micro (1-10)
Hartmann LLC,Switzerland,46.204391,6.143158,Energy & Utilities,Micro (1-10),Jessica Martinez,2024-04-18,SAAS,Sales Accepted,4,,,789,20,2024-11-07,,2024,2024-04,203,,False,False,False,False,True,Micro (1-10)
Wehner-Kuphal,Belgium,51.260197,4.402771,Professional Services  & Consulting,Micro (1-10),Jessica Martinez,2024-02-16,SAAS,Sales Accepted,4,,,492,30,2024-04-27,,2024,2024-02,71,,False,False,False,False,True,Micro (1-10)
Mydeo,Italy,41.902782,12.496366,Telecommunications,Medium (201-500),Emily Johnson,2024-02-23,Services,Sales Accepted,4,,,1940,40,2024-12-08,,2024,2024-02,289,,False,False,False,False,False,Medium (201-500)
Tazzy,Germany,52.520008,13.404954,IT & IT Services,Medium (201-500),Michael Brown,2024-02-03,Custom solution,Sales Accepted,4,,,6881,20,2024-06-25,,2024,2024-02,143,,False,False,False,False,False,Medium (201-500)
Roomm,Portugal,38.736946,-9.142685,Banking and Finance,Medium (201-500),Kevin Anderson,2024-04-06,SAAS,Sales Accepted,4,,,1944,30,2025-01-16,,2024,2024-04,285,,False,False,False,False,True,Medium (201-500)
Plambee,Belgium,51.260197,4.402771,Government Administration Healthcare,Medium (201-500),Kevin Anderson,2024-03-29,Services,Sales Accepted,4,,,7599,60,2024-06-06,,2024,2024-03,69,,False,False,False,False,False,Medium (201-500)
Agivu,Portugal,38.736946,-9.142685,IT & IT Services,Medium (201-500),Laura Thompson,2024-01-16,Custom solution,Sales Accepted,4,,,4083,10,2024-03-18,,2024,2024-01,62,,False,False,False,False,False,Medium (201-500)
Browsebug,Switzerland,46.204391,6.143158,IT & IT Services,Medium (201-500),John Smith,2024-03-26,Custom solution,Sales Accepted,4,,,6631,40,2024-12-08,,2024,2024-03,257,,False,False,False,False,False,Medium (201-500)
Fadeo,Italy,41.902782,12.496366,Education & Science,Medium (201-500),David Wilson,2024-04-18,SAAS,Sales Accepted,4,,,3675,60,2024-11-10,,2024,2024-04,206,,False,False,False,False,True,Medium (201-500)
Bluejam,Italy,41.902782,12.496366,Construction & Engineering,Medium (201-500),David Wilson,2024-03-18,Custom solution,Sales Accepted,4,,,6491,20,2024-12-07,,2024,2024-03,264,,False,False,False,False,False,Medium (201-500)
Kazu,Italy,41.902782,12.496366,Banking and Finance,Medium (201-500),Sarah Davis,2024-04-30,Services,Sales Accepted,4,,,666,90,2025-02-15,,2024,2024-04,291,,False,False,False,False,False,Medium (201-500)
Eayo,Switzerland,46.204391,6.143158,IT & IT Services,Medium (201-500),Laura Thompson,2024-05-21,SAAS,Sales Accepted,4,,,6272,90,2024-09-20,,2024,2024-05,122,,False,False,False,False,True,Medium (201-500)
LiveZ,Switzerland,46.204391,6.143158,Energy & Utilities,Medium (201-500),Michael Brown,2024-05-14,Services,Sales Accepted,4,,,6217,90,2024-07-18,,2024,2024-05,65,,False,False,False,False,False,Medium (201-500)
Brainbox,France,48.864716,2.349014,IT & IT Services,Medium (201-500),Laura Thompson,2024-02-13,SAAS,Sales Accepted,4,,,3368,80,2024-07-11,,2024,2024-02,149,,False,False,False,False,True,Medium (201-500)
Mymm,Italy,41.902782,12.496366,Construction & Engineering,Medium (201-500),Michael Brown,2024-05-27,Services,Sales Accepted,4,,,6401,40,2024-10-28,,2024,2024-05,154,,False,False,False,False,False,Medium (201-500)
Oyonder,France,48.864716,2.349014,Transportation & Logistics,Medium (201-500),Kevin Anderson,2024-02-17,Custom solution,Sales Accepted,4,,,6003,50,2024-07-26,,2024,2024-02,160,,False,False,False,False,False,Medium (201-500)
Skinder,Austria,48.210033,16.363449,Transportation & Logistics,Medium (201-500),Laura Thompson,2024-01-27,Services,Sales Accepted,4,,,4630,60,2024-04-20,,2024,2024-01,84,,False,False,False,False,False,Medium (201-500)
Minyx,Belgium,51.260197,4.402771,Manufacturing & Production,Medium (201-500),David Wilson,2024-05-29,Custom solution,Sales Accepted,4,,,1412,20,2025-05-12,,2024,2024-05,348,,False,False,False,False,False,Medium (201-500)
Ooba,Germany,52.520008,13.404954,IT & IT Services,Medium (201-500),John Smith,2024-01-10,Custom solution,Sales Accepted,4,,,7814,50,2024-09-17,,2024,2024-01,251,,False,False,False,False,False,Medium (201-500)
Zoomlounge,Netherlands,52.370216,4.895168,Transportation & Logistics,Medium (201-500),Jessica Martinez,2024-05-22,SAAS,Sales Accepted,4,,,7896,20,2024-12-23,,2024,2024-05,215,,False,False,False,False,True,Medium (201-500)
Tazz,Switzerland,46.204391,6.143158,Government Administration Healthcare,Medium (201-500),Laura Thompson,2024-04-22,Custom solution,Sales Accepted,4,,,2922,30,2024-05-31,,2024,2024-04,39,,False,False,False,False,False,Medium (201-500)
Dynazzy,France,48.864716,2.349014,Energy & Utilities,Medium (201-500),David Wilson,2024-01-17,SAAS,Sales Accepted,4,,,5709,30,2024-02-29,,2024,2024-01,43,,False,False,False,False,True,Medium (201-500)
Wikibox,Italy,41.902782,12.496366,Transportation & Logistics,Medium (201-500),Michael Brown,2024-02-02,Custom solution,Sales Accepted,4,,,1102,30,2024-10-26,,2024,2024-02,267,,False,False,False,False,False,Medium (201-500)
Tagcat,Germany,52.520008,13.404954,Banking and Finance,Medium (201-500),Sarah Davis,2024-02-18,Custom solution,Sales Accepted,4,,,3809,30,2024-10-13,,2024,2024-02,238,,False,False,False,False,False,Medium (201-500)
Quimm,Italy,41.902782,12.496366,Manufacturing & Production,Medium (201-500),John Smith,2024-05-04,Services,Sales Accepted,4,,,3896,20,2024-09-14,,2024,2024-05,133,,False,False,False,False,False,Medium (201-500)
Mita,Germany,52.520008,13.404954,IT & IT Services,Medium (201-500),Jessica Martinez,2024-05-22,Services,Sales Accepted,4,,,6990,50,2025-03-12,,2024,2024-05,294,,False,False,False,False,False,Medium (201-500)
Devcast,Netherlands,52.370216,4.895168,Banking and Finance,Medium (201-500),Michael Brown,2024-05-27,SAAS,Sales Accepted,4,,,6435,50,2025-04-12,,2024,2024-05,320,,False,False,False,False,True,Medium (201-500)
Yombu,Switzerland,46.204391,6.143158,Transportation & Logistics,Medium (201-500),Laura Thompson,2024-01-19,Services,Sales Accepted,4,,,3314,40,2025-01-09,,2024,2024-01,356,,False,False,False,False,False,Medium (201-500)
Janyx,Portugal,38.736946,-9.142685,Energy & Utilities,Medium (201-500),Jessica Martinez,2024-04-15,Services,Sales Accepted,4,,,5389,50,2024-07-15,,2024,2024-04,91,,False,False,False,False,False,Medium (201-500)
Avamba,Portugal,38.736946,-9.142685,IT & IT Services,Medium (201-500),Laura Thompson,2024-05-24,SAAS,Sales Accepted,4,,,6440,30,2025-04-14,,2024,2024-05,325,,False,False,False,False,True,Medium (201-500)
Eidel,Italy,41.902782,12.496366,Energy & Utilities,Medium (201-500),John Smith,2024-02-24,SAAS,Sales Accepted,4,,,6018,100,2024-05-05,,2024,2024-02,71,,False,False,False,False,True,Medium (201-500)
Zoozzy,Italy,41.902782,12.496366,Retail & Distribution,Medium (201-500),Michael Brown,2024-03-23,Services,Sales Accepted,4,,,7288,30,2024-10-23,,2024,2024-03,214,,False,False,False,False,False,Medium (201-500)
Omba,Switzerland,46.204391,6.143158,Transportation & Logistics,Medium (201-500),Sarah Davis,2024-04-19,SAAS,Sales Accepted,4,,,1568,60,2024-11-25,,2024,2024-04,220,,False,False,False,False,True,Medium (201-500)
Thoughtbridge,Germany,52.520008,13.404954,Transportation & Logistics,Medium (201-500),Michael Brown,2024-02-07,Custom solution,Sales Accepted,4,,,2820,90,2024-11-21,,2024,2024-02,288,,False,False,False,False,False,Medium (201-500)
Skidoo,France,48.864716,2.349014,IT & IT Services,Medium (201-500),Jessica Martinez,2024-02-24,Custom solution,Sales Accepted,4,,,556,50,2024-11-02,,2024,2024-02,252,,False,False,False,False,False,Medium (201-500)
Tagtune,Italy,41.902782,12.496366,Entertainment & Media & Hospitality,Medium (201-500),Jessica Martinez,2024-04-20,Custom solution,Sales Accepted,4,,,3396,40,2024-10-02,,2024,2024-04,165,,False,False,False,False,False,Medium (201-500)
Edgewire,France,48.864716,2.349014,Telecommunications,Medium (201-500),David Wilson,2024-01-07,SAAS,Sales Accepted,4,,,3793,100,2024-02-15,,2024,2024-01,39,,False,False,False,False,True,Medium (201-500)
Kamba,France,48.864716,2.349014,Manufacturing & Production,Medium (201-500),Michael Brown,2024-01-25,Custom solution,Sales Accepted,4,,,3275,20,2024-09-16,,2024,2024-01,235,,False,False,False,False,False,Medium (201-500)
Vitz,Netherlands,52.370216,4.895168,Professional Services  & Consulting,Medium (201-500),Laura Thompson,2024-05-22,Services,Sales Accepted,4,,,7618,30,2025-03-01,,2024,2024-05,283,,False,False,False,False,False,Medium (201-500)
Twiyo,Italy,41.902782,12.496366,Banking and Finance,Medium (201-500),Michael Brown,2024-05-16,Custom solution,Sales Accepted,4,,,1240,70,2024-07-15,,2024,2024-05,60,,False,False,False,False,False,Medium (201-500)
Lazzy,Italy,41.902782,12.496366,IT & IT Services,Medium (201-500),David Wilson,2024-03-14,Custom solution,Sales Accepted,4,,,2040,40,2024-10-31,,2024,2024-03,231,,False,False,False,False,False,Medium (201-500)
Miboo,Switzerland,46.204391,6.143158,Banking and Finance,Medium (201-500),Michael Brown,2024-03-02,Custom solution,Sales Accepted,4,,,4371,10,2024-11-25,,2024,2024-03,268,,False,False,False,False,False,Medium (201-500)
Jabbertype,Italy,41.902782,12.496366,Banking and Finance,Medium (201-500),Michael Brown,2024-05-20,Services,Sales Accepted,4,,,6865,80,2024-12-25,,2024,2024-05,219,,False,False,False,False,False,Medium (201-500)
Izio,Netherlands,52.370216,4.895168,Professional Services  & Consulting,Medium (201-500),Kevin Anderson,2024-05-14,SAAS,Sales Accepted,4,,,1037,40,2024-11-13,,2024,2024-05,183,,False,False,False,False,True,Medium (201-500)
"Stamm, Hintz and Smith",Netherlands,52.370216,4.895168,Manufacturing & Production,Medium (201-500),Laura Thompson,2024-05-14,Custom solution,Sales Accepted,4,,,3278,90,2024-06-30,,2024,2024-05,47,,False,False,False,False,False,Medium (201-500)
"Armstrong, Murphy and Mosciski",Portugal,38.736946,-9.142685,Banking and Finance,Medium (201-500),Emily Johnson,2024-01-29,Services,Sales Accepted,4,,,7181,40,2024-05-30,,2024,2024-01,122,,False,False,False,False,False,Medium (201-500)
Kshlerin Inc,Spain,40.416775,-3.70379,Entertainment & Media & Hospitality,Medium (201-500),Kevin Anderson,2024-05-02,SAAS,Sales Accepted,4,,,3474,70,2024-10-04,,2024,2024-05,155,,False,False,False,False,True,Medium (201-500)
Cartwright-O'Reilly,Germany,52.520008,13.404954,Retail & Distribution,Medium (201-500),David Wilson,2024-01-27,Services,Sales Accepted,4,,,6180,40,2024-06-02,,2024,2024-01,127,,False,False,False,False,False,Medium (201-500)
"Koss, Buckridge and Ritchie",Switzerland,46.204391,6.143158,Retail & Distribution,Medium (201-500),John Smith,2024-05-15,Services,Sales Accepted,4,,,2254,50,2024-12-03,,2024,2024-05,202,,False,False,False,False,False,Medium (201-500)
"Konopelski, Lebsack and Breitenberg",Belgium,51.260197,4.402771,Government Administration Healthcare,Medium (201-500),John Smith,2024-01-15,SAAS,Sales Accepted,4,,,1610,60,2024-08-13,,2024,2024-01,211,,False,False,False,False,True,Medium (201-500)
Stokes Inc,Italy,41.902782,12.496366,Transportation & Logistics,Medium (201-500),Laura Thompson,2024-01-29,Services,Sales Accepted,4,,,2244,20,2024-03-01,,2024,2024-01,32,,False,False,False,False,False,Medium (201-500)
Schinner LLC,Belgium,51.260197,4.402771,Agriculture & Mining,Medium (201-500),Jessica Martinez,2024-05-05,SAAS,Sales Accepted,4,,,1607,50,2024-10-30,,2024,2024-05,178,,False,False,False,False,True,Medium (201-500)
Kovacek Inc,Germany,52.520008,13.404954,Transportation & Logistics,Medium (201-500),Emily Johnson,2024-04-26,Custom solution,Sales Accepted,4,,,3843,30,2024-05-27,,2024,2024-04,31,,False,False,False,False,False,Medium (201-500)
"Nienow, Kris and Lehner",Italy,41.902782,12.496366,Transportation & Logistics,Medium (201-500),Michael Brown,2024-02-24,SAAS,Sales Accepted,4,,,630,40,2025-01-31,,2024,2024-02,342,,False,False,False,False,True,Medium (201-500)
"Larson, Rutherford and Boyer",Germany,52.520008,13.404954,Transportation & Logistics,Medium (201-500),Jessica Martinez,2024-04-13,SAAS,Sales Accepted,4,,,3866,60,2024-05-06,,2024,2024-04,23,,False,False,False,False,True,Medium (201-500)
McCullough-Wuckert,Italy,41.902782,12.496366,Transportation & Logistics,Medium (201-500),Michael Brown,2024-05-06,Services,Sales Accepted,4,,,4358,30,2024-06-07,,2024,2024-05,32,,False,False,False,False,False,Medium (201-500)
Cruickshank Inc,Netherlands,52.370216,4.895168,Government Administration Healthcare,Medium (201-500),Michael Brown,2024-05-03,Services,Sales Accepted,4,,,1808,80,2025-01-07,,2024,2024-05,249,,False,False,False,False,False,Medium (201-500)
"Wolf, Lakin and Hodkiewicz",France,48.864716,2.349014,Recreation & Sports,Medium (201-500),David Wilson,2024-05-22,Custom solution,Sales Accepted,4,,,6476,20,2024-08-07,,2024,2024-05,77,,False,False,False,False,False,Medium (201-500)
Okuneva and Sons,France,48.864716,2.349014,IT & IT Services,Medium (201-500),Sarah Davis,2024-01-17,SAAS,Sales Accepted,4,,,4366,10,2024-06-08,,2024,2024-01,143,,False,False,False,False,True,Medium (201-500)
Schneider LLC,Portugal,38.736946,-9.142685,Professional Services  & Consulting,Medium (201-500),Laura Thompson,2024-05-19,Services,Sales Accepted,4,,,4420,30,2024-07-08,,2024,2024-05,50,,False,False,False,False,False,Medium (201-500)
Weimann and Sons,Germany,52.520008,13.404954,Recreation & Sports,Medium (201-500),Michael Brown,2024-05-07,Services,Sales Accepted,4,,,1393,60,2024-12-20,,2024,2024-05,227,,False,False,False,False,False,Medium (201-500)
"Bins, Jaskolski and Dach",Italy,41.902782,12.496366,Retail & Distribution,Medium (201-500),Michael Brown,2024-01-05,Custom solution,Sales Accepted,4,,,3648,30,2024-02-03,,2024,2024-01,29,,False,False,False,False,False,Medium (201-500)
"Hodkiewicz, Corwin and West",Germany,52.520008,13.404954,Banking and Finance,Medium (201-500),Laura Thompson,2024-03-27,Services,Sales Accepted,4,,,4612,20,2024-09-05,,2024,2024-03,162,,False,False,False,False,False,Medium (201-500)
Rodriguez-Howell,Germany,52.520008,13.404954,Government Administration Healthcare,Medium (201-500),Michael Brown,2024-02-16,SAAS,Sales Accepted,4,,,5992,20,2024-03-31,,2024,2024-02,44,,False,False,False,False,True,Medium (201-500)
"Auer, Spencer and Schumm",Belgium,51.260197,4.402771,Transportation & Logistics,Medium (201-500),Kevin Anderson,2024-04-29,SAAS,Sales Accepted,4,,,7591,30,2025-02-20,,2024,2024-04,297,,False,False,False,False,True,Medium (201-500)
"Daniel, Torp and Homenick",Italy,41.902782,12.496366,IT & IT Services,Medium (201-500),Jessica Martinez,2024-02-14,Services,Sales Accepted,4,,,1158,20,2024-12-21,,2024,2024-02,311,,False,False,False,False,False,Medium (201-500)
"Wiegand, Kassulke and McClure",Portugal,38.736946,-9.142685,Retail & Distribution,Medium (201-500),Jessica Martinez,2024-05-17,SAAS,Sales Accepted,4,,,5723,20,2024-11-02,,2024,2024-05,169,,False,False,False,False,True,Medium (201-500)
"Bode, Streich and Howe",Belgium,51.260197,4.402771,IT & IT Services,Medium (201-500),Kevin Anderson,2024-04-24,Custom solution,Sales Accepted,4,,,4941,30,2024-10-21,,2024,2024-04,180,,False,False,False,False,False,Medium (201-500)
Buckridge LLC,Spain,40.416775,-3.70379,Transportation & Logistics,Medium (201-500),Emily Johnson,2024-03-26,SAAS,Sales Accepted,4,,,3814,60,2024-05-16,,2024,2024-03,51,,False,False,False,False,True,Medium (201-500)
Romaguera-Legros,Netherlands,52.370216,4.895168,Transportation & Logistics,Medium (201-500),Jessica Martinez,2024-03-01,Services,Sales Accepted,4,,,6893,50,2024-09-21,,2024,2024-03,204,,False,False,False,False,False,Medium (201-500)
"Walter, Nader and Wintheiser",Switzerland,46.204391,6.143158,Telecommunications,Medium (201-500),Michael Brown,2024-01-14,Services,Sales Accepted,4,,,3543,40,2024-07-31,,2024,2024-01,199,,False,False,False,False,False,Medium (201-500)
Ankunding-Harber,Italy,41.902782,12.496366,IT & IT Services,Medium (201-500),Laura Thompson,2024-05-30,Services,Sales Accepted,4,,,3909,40,2024-07-17,,2024,2024-05,48,,False,False,False,False,False,Medium (201-500)
"Funk, Rath and Gottlieb",Austria,48.210033,16.363449,Government Administration Healthcare,Medium (201-500),Michael Brown,2024-01-03,Services,Sales Accepted,4,,,981,90,2024-09-05,,2024,2024-01,246,,False,False,False,False,False,Medium (201-500)
Cassin-Schamberger,Switzerland,46.204391,6.143158,Banking and Finance,Medium (201-500),Laura Thompson,2024-03-27,Services,Sales Accepted,4,,,784,20,2024-06-13,,2024,2024-03,78,,False,False,False,False,False,Medium (201-500)
"Bradtke, Ebert and Greenfelder",Switzerland,46.204391,6.143158,Telecommunications,Medium (201-500),Sarah Davis,2024-01-31,Services,Sales Accepted,4,,,3108,30,2024-03-23,,2024,2024-01,52,,False,False,False,False,False,Medium (201-500)
McCullough-Abshire,Germany,52.520008,13.404954,Agriculture & Mining,Medium (201-500),Michael Brown,2024-01-23,Services,Sales Accepted,4,,,5558,20,2024-09-20,,2024,2024-01,241,,False,False,False,False,False,Medium (201-500)
Shanahan-Erdman,Belgium,51.260197,4.402771,Manufacturing & Production,Medium (201-500),Laura Thompson,2024-01-15,SAAS,Sales Accepted,4,,,1260,50,2024-04-08,,2024,2024-01,84,,False,False,False,False,True,Medium (201-500)
Upton LLC,Switzerland,46.204391,6.143158,Banking and Finance,Medium (201-500),Jessica Martinez,2024-05-03,Custom solution,Sales Accepted,4,,,5207,70,2025-03-11,,2024,2024-05,312,,False,False,False,False,False,Medium (201-500)
"Metz, Anderson and McCullough",Switzerland,46.204391,6.143158,Energy & Utilities,Medium (201-500),Laura Thompson,2024-04-04,Custom solution,Sales Accepted,4,,,1503,80,2024-09-08,,2024,2024-04,157,,False,False,False,False,False,Medium (201-500)
"Lakin, Bosco and Von",Switzerland,46.204391,6.143158,IT & IT Services,Medium (201-500),John Smith,2024-02-10,SAAS,Sales Accepted,4,,,6987,30,2024-05-01,,2024,2024-02,81,,False,False,False,False,True,Medium (201-500)
"Halvorson, Schaefer and D'Amore",Switzerland,46.204391,6.143158,Entertainment & Media & Hospitality,Medium (201-500),Emily Johnson,2024-03-29,Services,Sales Accepted,4,,,357,80,2024-06-23,,2024,2024-03,86,,False,False,False,False,False,Medium (201-500)
Hettinger and Sons,France,48.864716,2.349014,Agriculture & Mining,Medium (201-500),Emily Johnson,2024-01-06,Custom solution,Sales Accepted,4,,,5253,50,2024-02-07,,2024,2024-01,32,,False,False,False,False,False,Medium (201-500)
Baumbach LLC,France,48.864716,2.349014,Education & Science,Medium (201-500),Jessica Martinez,2024-01-15,Custom solution,Sales Accepted,4,,,5864,20,2024-07-29,,2024,2024-01,196,,False,False,False,False,False,Medium (201-500)
Effertz-Jaskolski,Portugal,38.736946,-9.142685,IT & IT Services,Medium (201-500),Jessica Martinez,2024-05-27,SAAS,Sales Accepted,4,,,2138,20,2024-08-16,,2024,2024-05,81,,False,False,False,False,True,Medium (201-500)
Jerde Inc,Italy,41.902782,12.496366,Banking and Finance,Medium (201-500),Michael Brown,2024-03-09,SAAS,Sales Accepted,4,,,7070,20,2024-07-29,,2024,2024-03,142,,False,False,False,False,True,Medium (201-500)
Schoen-Kessler,Italy,41.902782,12.496366,Banking and Finance,Medium (201-500),Jessica Martinez,2024-05-20,Services,Sales Accepted,4,,,3447,80,2024-07-04,,2024,2024-05,45,,False,False,False,False,False,Medium (201-500)
"Flatley, Kiehn and Blanda",France,48.864716,2.349014,IT & IT Services,Medium (201-500),Laura Thompson,2024-05-09,SAAS,Sales Accepted,4,,,5824,50,2025-04-08,,2024,2024-05,334,,False,False,False,False,True,Medium (201-500)
Dicki-Yundt,Switzerland,46.204391,6.143158,Government Administration Healthcare,Medium (201-500),John Smith,2024-04-11,SAAS,Sales Accepted,4,,,6573,20,2024-08-07,,2024,2024-04,118,,False,False,False,False,True,Medium (201-500)
Kilback Group,Germany,52.520008,13.404954,Government Administration Healthcare,Medium (201-500),Kevin Anderson,2024-02-28,SAAS,Sales Accepted,4,,,3855,100,2025-01-28,,2024,2024-02,335,,False,False,False,False,True,Medium (201-500)
Ferry LLC,Switzerland,46.204391,6.143158,Recreation & Sports,Medium (201-500),Jessica Martinez,2024-05-01,SAAS,Sales Accepted,4,,,6330,30,2024-06-20,,2024,2024-05,50,,False,False,False,False,True,Medium (201-500)
"Cormier, Moore and Bogisich",Austria,48.210033,16.363449,Transportation & Logistics,Medium (201-500),Laura Thompson,2024-01-19,SAAS,Sales Accepted,4,,,7787,40,2024-10-02,,2024,2024-01,257,,False,False,False,False,True,Medium (201-500)
Effertz LLC,Italy,41.902782,12.496366,Transportation & Logistics,Medium (201-500),John Smith,2024-05-11,Custom solution,Sales Accepted,4,,,4258,60,2024-12-03,,2024,2024-05,206,,False,False,False,False,False,Medium (201-500)
Conroy and Sons,Switzerland,46.204391,6.143158,IT & IT Services,Medium (201-500),Laura Thompson,2024-02-13,Services,Sales Accepted,4,,,4736,50,2024-11-09,,2024,2024-02,270,,False,False,False,False,False,Medium (201-500)
Emmerich-Heathcote,France,48.864716,2.349014,Government Administration Healthcare,Medium (201-500),Laura Thompson,2024-04-20,Custom solution,Sales Accepted,4,,,7314,60,2024-05-28,,2024,2024-04,38,,False,False,False,False,False,Medium (201-500)
Harris LLC,Spain,40.416775,-3.70379,Agriculture & Mining,Medium (201-500),Jessica Martinez,2024-02-02,Custom solution,Sales Accepted,4,,,2102,50,2024-12-30,,2024,2024-02,332,,False,False,False,False,False,Medium (201-500)
Yost-Kessler,Belgium,51.260197,4.402771,Agriculture & Mining,Medium (201-500),Laura Thompson,2024-03-17,Services,Sales Accepted,4,,,2771,20,2024-07-04,,2024,2024-03,109,,False,False,False,False,False,Medium (201-500)
"Orn, Schmeler and Legros",Italy,41.902782,12.496366,Government Administration Healthcare,Medium (201-500),Laura Thompson,2024-01-10,Services,Sales Accepted,4,,,4477,60,2024-07-05,,2024,2024-01,177,,False,False,False,False,False,Medium (201-500)
"Olson, Wilderman and Dach",Italy,41.902782,12.496366,Government Administration Healthcare,Medium (201-500),Laura Thompson,2024-02-15,Custom solution,Sales Accepted,4,,,4588,20,2024-08-02,,2024,2024-02,169,,False,False,False,False,False,Medium (201-500)
"Kulas, Halvorson and O'Reilly",Switzerland,46.204391,6.143158,Construction & Engineering,Medium (201-500),Laura Thompson,2024-01-10,Custom solution,Sales Accepted,4,,,2496,90,2024-10-04,,2024,2024-01,268,,False,False,False,False,False,Medium (201-500)
"Dibbert, Kuhn and Kling",Portugal,38.736946,-9.142685,Education & Science,Medium (201-500),Jessica Martinez,2024-02-13,Services,Sales Accepted,4,,,2404,70,2024-07-21,,2024,2024-02,159,,False,False,False,False,False,Medium (201-500)
Cronin LLC,Germany,52.520008,13.404954,Education & Science,Medium (201-500),John Smith,2024-01-23,Services,Sales Accepted,4,,,3681,30,2024-12-25,,2024,2024-01,337,,False,False,False,False,False,Medium (201-500)
"Dooley, Schiller and Leuschke",France,48.864716,2.349014,Government Administration Healthcare,Medium (201-500),Laura Thompson,2024-02-17,Services,Sales Accepted,4,,,4461,90,2024-05-30,,2024,2024-02,103,,False,False,False,False,False,Medium (201-500)
Rempel-Ferry,Portugal,38.736946,-9.142685,Banking and Finance,Medium (201-500),Michael Brown,2024-04-19,SAAS,Sales Accepted,4,,,4787,30,2024-08-16,,2024,2024-04,119,,False,False,False,False,True,Medium (201-500)
"Simonis, Lemke and Kutch",Germany,52.520008,13.404954,Agriculture & Mining,Medium (201-500),Sarah Davis,2024-01-06,Services,Sales Accepted,4,,,6643,30,2024-03-11,,2024,2024-01,65,,False,False,False,False,False,Medium (201-500)
Auer-Dooley,Switzerland,46.204391,6.143158,Transportation & Logistics,Medium (201-500),Emily Johnson,2024-03-18,Services,Sales Accepted,4,,,2087,50,2025-03-18,,2024,2024-03,365,,False,False,False,False,False,Medium (201-500)
Koch Inc,Switzerland,46.204391,6.143158,Recreation & Sports,Medium (201-500),Jessica Martinez,2024-04-23,Services,Sales Accepted,4,,,5674,30,2024-10-16,,2024,2024-04,176,,False,False,False,False,False,Medium (201-500)
"Kozey, Hills and Steuber",Netherlands,52.370216,4.895168,Manufacturing & Production,Medium (201-500),Jessica Martinez,2024-03-24,Services,Sales Accepted,4,,,6083,20,2024-04-20,,2024,2024-03,27,,False,False,False,False,False,Medium (201-500)
Windler and Sons,Switzerland,46.204391,6.143158,Retail & Distribution,Medium (201-500),Laura Thompson,2024-01-10,SAAS,Sales Accepted,4,,,4081,50,2024-12-28,,2024,2024-01,353,,False,False,False,False,True,Medium (201-500)
Abshire and Sons,Netherlands,52.370216,4.895168,Education & Science,Medium (201-500),Sarah Davis,2024-05-12,Services,Sales Accepted,4,,,2431,50,2025-01-28,,2024,2024-05,261,,False,False,False,False,False,Medium (201-500)
"Ward, Marks and Rolfson",Austria,48.210033,16.363449,Government Administration Healthcare,Medium (201-500),Jessica Martinez,2024-04-06,SAAS,Sales Accepted,4,,,3478,60,2024-12-20,,2024,2024-04,258,,False,False,False,False,True,Medium (201-500)
"Emmerich, Veum and Gutkowski",Belgium,51.260197,4.402771,Telecommunications,Medium (201-500),Michael Brown,2024-04-08,Services,Sales Accepted,4,,,2072,30,2024-10-08,,2024,2024-04,183,,False,False,False,False,False,Medium (201-500)
Wilderman LLC,Switzerland,46.204391,6.143158,Agriculture & Mining,Medium (201-500),John Smith,2024-04-29,Custom solution,Sales Accepted,4,,,4837,40,2024-07-14,,2024,2024-04,76,,False,False,False,False,False,Medium (201-500)
"Dooley, Cummings and Schowalter",Italy,41.902782,12.496366,Transportation & Logistics,Medium (201-500),Sarah Davis,2024-04-08,Services,Sales Accepted,4,,,4322,50,2025-02-10,,2024,2024-04,308,,False,False,False,False,False,Medium (201-500)
Miller and Sons,Switzerland,46.204391,6.143158,IT & IT Services,Medium (201-500),Laura Thompson,2024-02-12,Services,Sales Accepted,4,,,3220,30,2024-06-21,,2024,2024-02,130,,False,False,False,False,False,Medium (201-500)
"Wolff, Greenfelder and Graham",Switzerland,46.204391,6.143158,Retail & Distribution,Medium (201-500),Jessica Martinez,2024-02-23,Custom solution,Sales Accepted,4,,,4427,10,2025-01-08,,2024,2024-02,320,,False,False,False,False,False,Medium (201-500)
"Cronin, Herman and Heathcote",Belgium,51.260197,4.402771,Recreation & Sports,Medium (201-500),Laura Thompson,2024-02-11,Custom solution,Sales Accepted,4,,,6006,40,2024-09-19,,2024,2024-02,221,,False,False,False,False,False,Medium (201-500)
Rosenbaum LLC,Portugal,38.736946,-9.142685,Entertainment & Media & Hospitality,Medium (201-500),Laura Thompson,2024-03-14,Services,Sales Accepted,4,,,5823,60,2024-12-12,,2024,2024-03,273,,False,False,False,False,False,Medium (201-500)
Hudson Inc,Portugal,38.736946,-9.142685,Transportation & Logistics,Medium (201-500),John Smith,2024-01-20,Services,Sales Accepted,4,,,6192,80,2024-08-29,,2024,2024-01,222,,False,False,False,False,False,Medium (201-500)
"Erdman, Rowe and Adams",Portugal,38.736946,-9.142685,IT & IT Services,Medium (201-500),Michael Brown,2024-04-01,Custom solution,Sales Accepted,4,,,6839,80,2024-08-25,,2024,2024-04,146,,False,False,False,False,False,Medium (201-500)
Langosh-Borer,Germany,52.520008,13.404954,Professional Services  & Consulting,Medium (201-500),Michael Brown,2024-03-21,Services,Sales Accepted,4,,,1169,40,2024-04-20,,2024,2024-03,30,,False,False,False,False,False,Medium (201-500)
Schiller-Mitchell,Germany,52.520008,13.404954,Education & Science,Medium (201-500),John Smith,2024-04-17,Services,Sales Accepted,4,,,5999,50,2024-06-23,,2024,2024-04,67,,False,False,False,False,False,Medium (201-500)
"Heller, Prohaska and Wolff",Belgium,51.260197,4.402771,Transportation & Logistics,Medium (201-500),Laura Thompson,2024-03-25,Services,Sales Accepted,4,,,3010,10,2024-09-16,,2024,2024-03,175,,False,False,False,False,False,Medium (201-500)
Murray and Sons,Italy,41.902782,12.496366,IT & IT Services,Medium (201-500),Laura Thompson,2024-01-31,SAAS,Sales Accepted,4,,,7709,70,2024-03-31,,2024,2024-01,60,,False,False,False,False,True,Medium (201-500)
"Stark, Sporer and Jenkins",Austria,48.210033,16.363449,Government Administration Healthcare,Medium (201-500),Kevin Anderson,2024-03-05,SAAS,Sales Accepted,4,,,7536,40,2024-09-10,,2024,2024-03,189,,False,False,False,False,True,Medium (201-500)
Brakus-Kub,France,48.864716,2.349014,Transportation & Logistics,Medium (201-500),Kevin Anderson,2024-01-08,SAAS,Sales Accepted,4,,,1519,20,2024-04-25,,2024,2024-01,108,,False,False,False,False,True,Medium (201-500)
Reichel-Wilkinson,Italy,41.902782,12.496366,Manufacturing & Production,Medium (201-500),Laura Thompson,2024-05-12,Services,Sales Accepted,4,,,2395,40,2025-02-20,,2024,2024-05,284,,False,False,False,False,False,Medium (201-500)
Wisozk Inc,Italy,41.902782,12.496366,Banking and Finance,Medium (201-500),Michael Brown,2024-02-23,Services,Sales Accepted,4,,,233,20,2024-04-25,,2024,2024-02,62,,False,False,False,False,False,Medium (201-500)
Tromp and Sons,Switzerland,46.204391,6.143158,Recreation & Sports,Medium (201-500),Jessica Martinez,2024-04-11,SAAS,Sales Accepted,4,,,7912,30,2024-12-01,,2024,2024-04,234,,False,False,False,False,True,Medium (201-500)
Raynor and Sons,France,48.864716,2.349014,IT & IT Services,Medium (201-500),Michael Brown,2024-03-09,Services,Sales Accepted,4,,,6599,30,2024-12-27,,2024,2024-03,293,,False,False,False,False,False,Medium (201-500)
"Olson, Hamill and Jast",Spain,40.416775,-3.70379,Transportation & Logistics,Medium (201-500),Laura Thompson,2024-03-08,Services,Sales Accepted,4,,,3653,10,2024-08-13,,2024,2024-03,158,,False,False,False,False,False,Medium (201-500)
"Kirlin, Kemmer and Hegmann",Portugal,38.736946,-9.142685,Banking and Finance,Medium (201-500),Kevin Anderson,2024-04-15,SAAS,Sales Accepted,4,,,6335,40,2025-01-27,,2024,2024-04,287,,False,False,False,False,True,Medium (201-500)
"Schowalter, Carroll and Harris",Portugal,38.736946,-9.142685,Transportation & Logistics,Medium (201-500),Laura Thompson,2024-01-20,Services,Sales Accepted,4,,,5823,50,2024-09-10,,2024,2024-01,234,,False,False,False,False,False,Medium (201-500)
Rowe Inc,Spain,40.416775,-3.70379,Energy & Utilities,Medium (201-500),Laura Thompson,2024-04-19,Services,Sales Accepted,4,,,520,80,2024-07-19,,2024,2024-04,91,,False,False,False,False,False,Medium (201-500)
Schinner-Ullrich,Italy,41.902782,12.496366,Banking and Finance,Medium (201-500),Laura Thompson,2024-05-01,Services,Sales Accepted,4,,,2511,10,2025-03-22,,2024,2024-05,325,,False,False,False,False,False,Medium (201-500)
"Torphy, Deckow and Tremblay",Switzerland,46.204391,6.143158,IT & IT Services,Medium (201-500),Laura Thompson,2024-01-03,SAAS,Sales Accepted,4,,,5998,100,2024-10-11,,2024,2024-01,282,,False,False,False,False,True,Medium (201-500)
Kuphal Group,Switzerland,46.204391,6.143158,Entertainment & Media & Hospitality,Medium (201-500),Michael Brown,2024-04-19,SAAS,Sales Accepted,4,,,2733,30,2025-02-27,,2024,2024-04,314,,False,False,False,False,True,Medium (201-500)
Breitenberg Group,Germany,52.520008,13.404954,Entertainment & Media & Hospitality,Medium (201-500),Laura Thompson,2024-01-29,SAAS,Sales Accepted,4,,,7415,80,2024-06-14,,2024,2024-01,137,,False,False,False,False,True,Medium (201-500)
"Von, Predovic and McLaughlin",Portugal,38.736946,-9.142685,Education & Science,Medium (201-500),David Wilson,2024-03-06,Services,Sales Accepted,4,,,6237,30,2024-06-15,,2024,2024-03,101,,False,False,False,False,False,Medium (201-500)
Walsh-McLaughlin,Switzerland,46.204391,6.143158,Government Administration Healthcare,Medium (201-500),John Smith,2024-05-28,Custom solution,Sales Accepted,4,,,822,20,2024-10-30,,2024,2024-05,155,,False,False,False,False,False,Medium (201-500)
"Cassin, McClure and Torp",France,48.864716,2.349014,Professional Services  & Consulting,Medium (201-500),Michael Brown,2024-05-02,Services,Sales Accepted,4,,,4686,30,2024-06-13,,2024,2024-05,42,,False,False,False,False,False,Medium (201-500)
Schneider-Stracke,Germany,52.520008,13.404954,Banking and Finance,Medium (201-500),Jessica Martinez,2024-05-30,Services,Sales Accepted,4,,,6335,50,2025-01-05,,2024,2024-05,220,,False,False,False,False,False,Medium (201-500)
"Welch, Rowe and Harber",Spain,40.416775,-3.70379,IT & IT Services,Medium (201-500),Michael Brown,2024-01-09,SAAS,Sales Accepted,4,,,367,20,2024-12-15,,2024,2024-01,341,,False,False,False,False,True,Medium (201-500)
"Hammes, Rohan and Leannon",Switzerland,46.204391,6.143158,IT & IT Services,Medium (201-500),Emily Johnson,2024-01-16,SAAS,Sales Accepted,4,,,6868,50,2024-10-28,,2024,2024-01,286,,False,False,False,False,True,Medium (201-500)
"Kris, Farrell and Auer",Germany,52.520008,13.404954,Government Administration Healthcare,Medium (201-500),John Smith,2024-03-11,Custom solution,Sales Accepted,4,,,4594,40,2024-05-20,,2024,2024-03,70,,False,False,False,False,False,Medium (201-500)
Littel-Wehner,Belgium,51.260197,4.402771,Recreation & Sports,Medium (201-500),Kevin Anderson,2024-05-01,Custom solution,Sales Accepted,4,,,4181,50,2024-10-06,,2024,2024-05,158,,False,False,False,False,False,Medium (201-500)
"Hettinger, D'Amore and Gislason",Austria,48.210033,16.363449,Telecommunications,Medium (201-500),Jessica Martinez,2024-03-11,Services,Sales Accepted,4,,,4962,50,2024-11-30,,2024,2024-03,264,,False,False,False,False,False,Medium (201-500)
Lesch and Sons,Germany,52.520008,13.404954,IT & IT Services,Medium (201-500),Michael Brown,2024-05-25,Services,Sales Accepted,4,,,1517,60,2025-04-25,,2024,2024-05,335,,False,False,False,False,False,Medium (201-500)
Emard Inc,Italy,41.902782,12.496366,Transportation & Logistics,Medium (201-500),John Smith,2024-01-27,SAAS,Sales Accepted,4,,,3352,100,2024-09-22,,2024,2024-01,239,,False,False,False,False,True,Medium (201-500)
Deckow-Vandervort,Italy,41.902782,12.496366,Recreation & Sports,Medium (201-500),Laura Thompson,2024-02-02,SAAS,Sales Accepted,4,,,6861,40,2024-06-25,,2024,2024-02,144,,False,False,False,False,True,Medium (201-500)
Hartmann-Ferry,Italy,41.902782,12.496366,Transportation & Logistics,Medium (201-500),Michael Brown,2024-02-21,SAAS,Sales Accepted,4,,,5533,20,2024-07-31,,2024,2024-02,161,,False,False,False,False,True,Medium (201-500)
Metz-Kilback,Italy,41.902782,12.496366,Entertainment & Media & Hospitality,Medium (201-500),Michael Brown,2024-02-22,Custom solution,Sales Accepted,4,,,1742,20,2024-07-04,,2024,2024-02,133,,False,False,False,False,False,Medium (201-500)
Ledner-Wilkinson,France,48.864716,2.349014,Energy & Utilities,Medium (201-500),Kevin Anderson,2024-05-03,Custom solution,Sales Accepted,4,,,7534,20,2024-12-22,,2024,2024-05,233,,False,False,False,False,False,Medium (201-500)
Keeling-Bogan,Netherlands,52.370216,4.895168,Telecommunications,Medium (201-500),John Smith,2024-04-23,SAAS,Sales Accepted,4,,,787,30,2024-12-19,,2024,2024-04,240,,False,False,False,False,True,Medium (201-500)
"Mante, Witting and Hoppe",Italy,41.902782,12.496366,Retail & Distribution,Medium (201-500),John Smith,2024-03-30,SAAS,Sales Accepted,4,,,6798,20,2025-01-20,,2024,2024-03,296,,False,False,False,False,True,Medium (201-500)
Krajcik-Boehm,Belgium,51.260197,4.402771,Retail & Distribution,Medium (201-500),Michael Brown,2024-04-13,Services,Sales Accepted,4,,,1167,80,2025-03-29,,2024,2024-04,350,,False,False,False,False,False,Medium (201-500)
Koepp-Stanton,Italy,41.902782,12.496366,Banking and Finance,Medium (201-500),David Wilson,2024-01-17,Custom solution,Sales Accepted,4,,,2117,40,2024-04-25,,2024,2024-01,99,,False,False,False,False,False,Medium (201-500)
Reynolds-Weissnat,Germany,52.520008,13.404954,Transportation & Logistics,Medium (201-500),Michael Brown,2024-03-09,Services,Sales Accepted,4,,,1669,30,2024-09-23,,2024,2024-03,198,,False,False,False,False,False,Medium (201-500)
Bins-Barrows,France,48.864716,2.349014,IT & IT Services,Medium (201-500),Laura Thompson,2024-01-31,Services,Sales Accepted,4,,,4026,40,2024-08-26,,2024,2024-01,208,,False,False,False,False,False,Medium (201-500)
"Hamill, Herman and Schamberger",Belgium,51.260197,4.402771,Transportation & Logistics,Medium (201-500),Emily Johnson,2024-05-05,Custom solution,Sales Accepted,4,,,5321,10,2024-08-27,,2024,2024-05,114,,False,False,False,False,False,Medium (201-500)
Sawayn-Kuhic,Portugal,38.736946,-9.142685,Banking and Finance,Medium (201-500),Laura Thompson,2024-03-25,Services,Sales Accepted,4,,,4667,60,2025-03-25,,2024,2024-03,365,,False,False,False,False,False,Medium (201-500)
Considine-Kris,Austria,48.210033,16.363449,Retail & Distribution,Medium (201-500),Laura Thompson,2024-03-30,Services,Sales Accepted,4,,,6981,60,2024-07-29,,2024,2024-03,121,,False,False,False,False,False,Medium (201-500)
Nolan Inc,Germany,52.520008,13.404954,Energy & Utilities,Medium (201-500),Kevin Anderson,2024-01-02,SAAS,Sales Accepted,4,,,1079,40,2024-11-11,,2024,2024-01,314,,False,False,False,False,True,Medium (201-500)
Kuhn Group,Austria,48.210033,16.363449,Banking and Finance,Medium (201-500),Michael Brown,2024-04-20,Services,Sales Accepted,4,,,3445,20,2025-02-06,,2024,2024-04,292,,False,False,False,False,False,Medium (201-500)
Greenholt Inc,Portugal,38.736946,-9.142685,Energy & Utilities,Medium (201-500),Michael Brown,2024-02-02,SAAS,Sales Accepted,4,,,2714,50,2024-08-05,,2024,2024-02,185,,False,False,False,False,True,Medium (201-500)
Schowalter-Bartoletti,Belgium,51.260197,4.402771,Telecommunications,Medium (201-500),Jessica Martinez,2024-05-03,Services,Sales Accepted,4,,,3341,70,2025-03-31,,2024,2024-05,332,,False,False,False,False,False,Medium (201-500)
Satterfield-Jast,Italy,41.902782,12.496366,Telecommunications,Medium (201-500),Emily Johnson,2024-05-21,Services,Sales Accepted,4,,,3270,20,2024-09-01,,2024,2024-05,103,,False,False,False,False,False,Medium (201-500)
Beer-Lueilwitz,Belgium,51.260197,4.402771,Banking and Finance,Medium (201-500),Jessica Martinez,2024-01-22,Services,Sales Accepted,4,,,5018,60,2024-08-29,,2024,2024-01,220,,False,False,False,False,False,Medium (201-500)
Stark and Sons,Netherlands,52.370216,4.895168,Agriculture & Mining,Medium (201-500),John Smith,2024-05-31,Custom solution,Sales Accepted,4,,,4354,60,2025-01-26,,2024,2024-05,240,,False,False,False,False,False,Medium (201-500)
"Hoppe, Larson and Rolfson",Italy,41.902782,12.496366,Entertainment & Media & Hospitality,Medium (201-500),Laura Thompson,2024-05-21,Custom solution,Sales Accepted,4,,,977,30,2024-11-09,,2024,2024-05,172,,False,False,False,False,False,Medium (201-500)
"Jakubowski, Carroll and Jacobi",Austria,48.210033,16.363449,Government Administration Healthcare,Medium (201-500),Michael Brown,2024-05-30,Custom solution,Sales Accepted,4,,,2695,40,2025-02-13,,2024,2024-05,259,,False,False,False,False,False,Medium (201-500)
Ferry and Sons,Germany,52.520008,13.404954,Agriculture & Mining,Medium (201-500),David Wilson,2024-05-17,Custom solution,Sales Accepted,4,,,3064,20,2024-08-16,,2024,2024-05,91,,False,False,False,False,False,Medium (201-500)
"Muller, Ullrich and Auer",Italy,41.902782,12.496366,IT & IT Services,Medium (201-500),Michael Brown,2024-04-27,Services,Sales Accepted,4,,,6161,40,2024-11-30,,2024,2024-04,217,,False,False,False,False,False,Medium (201-500)
Terry-Mayer,Germany,52.520008,13.404954,Recreation & Sports,Medium (201-500),David Wilson,2024-05-19,SAAS,Sales Accepted,4,,,2689,30,2025-05-04,,2024,2024-05,350,,False,False,False,False,True,Medium (201-500)
"Nitzsche, Maggio and Leuschke",Netherlands,52.370216,4.895168,Construction & Engineering,Medium (201-500),Laura Thompson,2024-01-03,Services,Sales Accepted,4,,,3957,30,2024-07-06,,2024,2024-01,185,,False,False,False,False,False,Medium (201-500)
Luettgen-Jaskolski,Portugal,38.736946,-9.142685,Telecommunications,Medium (201-500),Laura Thompson,2024-03-05,Services,Sales Accepted,4,,,6202,20,2024-09-11,,2024,2024-03,190,,False,False,False,False,False,Medium (201-500)
"Hegmann, Schulist and Bogisich",Spain,40.416775,-3.70379,Retail & Distribution,Medium (201-500),Kevin Anderson,2024-02-17,Custom solution,Sales Accepted,4,,,7087,50,2024-04-11,,2024,2024-02,54,,False,False,False,False,False,Medium (201-500)
Cruickshank-Treutel,Portugal,38.736946,-9.142685,Retail & Distribution,Medium (201-500),Michael Brown,2024-04-07,Custom solution,Sales Accepted,4,,,6058,10,2025-02-02,,2024,2024-04,301,,False,False,False,False,False,Medium (201-500)
Legros-O'Connell,France,48.864716,2.349014,Banking and Finance,Medium (201-500),Jessica Martinez,2024-04-22,Custom solution,Sales Accepted,4,,,344,40,2024-09-15,,2024,2024-04,146,,False,False,False,False,False,Medium (201-500)
Christiansen-Lakin,Netherlands,52.370216,4.895168,Construction & Engineering,Medium (201-500),Laura Thompson,2024-04-02,SAAS,Sales Accepted,4,,,6674,100,2024-08-27,,2024,2024-04,147,,False,False,False,False,True,Medium (201-500)
Ernser Group,Belgium,51.260197,4.402771,IT & IT Services,Medium (201-500),Laura Thompson,2024-05-06,SAAS,Sales Accepted,4,,,3578,40,2025-04-30,,2024,2024-05,359,,False,False,False,False,True,Medium (201-500)
Beahan LLC,Switzerland,46.204391,6.143158,IT & IT Services,Medium (201-500),Sarah Davis,2024-04-13,Services,Sales Accepted,4,,,632,50,2024-06-18,,2024,2024-04,66,,False,False,False,False,False,Medium (201-500)
"Hermiston, Funk and Anderson",France,48.864716,2.349014,Transportation & Logistics,Medium (201-500),Sarah Davis,2024-01-10,Services,Sales Accepted,4,,,7338,20,2024-09-19,,2024,2024-01,253,,False,False,False,False,False,Medium (201-500)
"Hermiston, Sanford and Kassulke",Switzerland,46.204391,6.143158,Professional Services  & Consulting,Medium (201-500),Laura Thompson,2024-03-04,Services,Sales Accepted,4,,,1963,20,2024-08-10,,2024,2024-03,159,,False,False,False,False,False,Medium (201-500)
Shields Inc,Germany,52.520008,13.404954,Transportation & Logistics,Medium (201-500),Laura Thompson,2024-02-18,SAAS,Sales Accepted,4,,,1230,60,2025-01-08,,2024,2024-02,325,,False,False,False,False,True,Medium (201-500)
"Turcotte, Feil and Ziemann",Portugal,38.736946,-9.142685,Energy & Utilities,Medium (201-500),Laura Thompson,2024-03-21,Custom solution,Sales Accepted,4,,,2321,40,2025-02-02,,2024,2024-03,318,,False,False,False,False,False,Medium (201-500)
Blick-Kreiger,Italy,41.902782,12.496366,Banking and Finance,Medium (201-500),Jessica Martinez,2024-02-06,Services,Sales Accepted,4,,,3026,30,2024-06-16,,2024,2024-02,131,,False,False,False,False,False,Medium (201-500)
"Friesen, Schmitt and Mante",Portugal,38.736946,-9.142685,Banking and Finance,Medium (201-500),Michael Brown,2024-04-10,Services,Sales Accepted,4,,,527,40,2024-11-30,,2024,2024-04,234,,False,False,False,False,False,Medium (201-500)
Beahan-Larson,France,48.864716,2.349014,Telecommunications,Medium (201-500),Emily Johnson,2024-01-27,Services,Sales Accepted,4,,,7041,30,2025-01-01,,2024,2024-01,340,,False,False,False,False,False,Medium (201-500)
"Wolff, Wolf and Kub",Switzerland,46.204391,6.143158,Professional Services  & Consulting,Medium (201-500),Kevin Anderson,2024-05-12,Services,Sales Accepted,4,,,3290,20,2024-10-23,,2024,2024-05,164,,False,False,False,False,False,Medium (201-500)
"Denesik, Hessel and Bechtelar",Switzerland,46.204391,6.143158,IT & IT Services,Medium (201-500),John Smith,2024-03-09,Services,Sales Accepted,4,,,1197,10,2024-06-23,,2024,2024-03,106,,False,False,False,False,False,Medium (201-500)
Feil-Dickinson,Austria,48.210033,16.363449,Transportation & Logistics,Medium (201-500),Jessica Martinez,2024-03-07,Services,Sales Accepted,4,,,4953,70,2024-04-03,,2024,2024-03,27,,False,False,False,False,False,Medium (201-500)
Wunsch-Hagenes,Germany,52.520008,13.404954,Agriculture & Mining,Medium (201-500),Kevin Anderson,2024-02-19,SAAS,Sales Accepted,4,,,7503,70,2024-04-03,,2024,2024-02,44,,False,False,False,False,True,Medium (201-500)
Tromp-Labadie,Portugal,38.736946,-9.142685,Transportation & Logistics,Medium (201-500),John Smith,2024-05-20,Services,Sales Accepted,4,,,7066,50,2025-03-11,,2024,2024-05,295,,False,False,False,False,False,Medium (201-500)
"Beahan, Moen and Franecki",Italy,41.902782,12.496366,IT & IT Services,Medium (201-500),Jessica Martinez,2024-05-18,Services,Sales Accepted,4,,,4099,20,2025-03-29,,2024,2024-05,315,,False,False,False,False,False,Medium (201-500)
Ziemann-Waelchi,Germany,52.520008,13.404954,Telecommunications,Medium (201-500),David Wilson,2024-03-01,Custom solution,Sales Accepted,4,,,1722,50,2024-08-10,,2024,2024-03,162,,False,False,False,False,False,Medium (201-500)
"Weber, Watsica and MacGyver",Italy,41.902782,12.496366,Telecommunications,Medium (201-500),Michael Brown,2024-02-04,Custom solution,Sales Accepted,4,,,5168,20,2025-01-18,,2024,2024-02,349,,False,False,False,False,False,Medium (201-500)
DuBuque-Olson,Italy,41.902782,12.496366,Banking and Finance,Medium (201-500),Emily Johnson,2024-02-22,SAAS,Sales Accepted,4,,,2891,30,2024-12-21,,2024,2024-02,303,,False,False,False,False,True,Medium (201-500)
Donnelly LLC,Germany,52.520008,13.404954,Education & Science,Medium (201-500),Sarah Davis,2024-04-27,Custom solution,Sales Accepted,4,,,1649,50,2024-07-05,,2024,2024-04,69,,False,False,False,False,False,Medium (201-500)
"Hintz, Brakus and Paucek",Switzerland,46.204391,6.143158,Transportation & Logistics,Medium (201-500),Michael Brown,2024-01-31,Services,Sales Accepted,4,,,3200,30,2024-11-20,,2024,2024-01,294,,False,False,False,False,False,Medium (201-500)
"Bruen, Bednar and Hoppe",Austria,48.210033,16.363449,Government Administration Healthcare,Medium (201-500),David Wilson,2024-02-09,Services,Sales Accepted,4,,,3905,50,2024-11-20,,2024,2024-02,285,,False,False,False,False,False,Medium (201-500)
Zulauf Inc,Portugal,38.736946,-9.142685,Telecommunications,Medium (201-500),Laura Thompson,2024-05-08,Services,Sales Accepted,4,,,3917,40,2024-10-02,,2024,2024-05,147,,False,False,False,False,False,Medium (201-500)
"Funk, Hoppe and Breitenberg",Netherlands,52.370216,4.895168,Agriculture & Mining,Medium (201-500),Laura Thompson,2024-02-19,Custom solution,Sales Accepted,4,,,4027,10,2024-11-20,,2024,2024-02,275,,False,False,False,False,False,Medium (201-500)
McKenzie-Tromp,Italy,41.902782,12.496366,Transportation & Logistics,Medium (201-500),Laura Thompson,2024-05-22,Custom solution,Sales Accepted,4,,,510,70,2024-09-11,,2024,2024-05,112,,False,False,False,False,False,Medium (201-500)
Keebler and Sons,France,48.864716,2.349014,Education & Science,Medium (201-500),Jessica Martinez,2024-03-05,Services,Sales Accepted,4,,,1421,70,2024-10-05,,2024,2024-03,214,,False,False,False,False,False,Medium (201-500)
"Conn, Doyle and Goodwin",Italy,41.902782,12.496366,IT & IT Services,Medium (201-500),Michael Brown,2024-05-21,Services,Sales Accepted,4,,,6249,60,2025-02-24,,2024,2024-05,279,,False,False,False,False,False,Medium (201-500)
Fadel and Sons,Austria,48.210033,16.363449,Banking and Finance,Medium (201-500),David Wilson,2024-03-14,Services,Sales Accepted,4,,,3162,30,2025-03-07,,2024,2024-03,358,,False,False,False,False,False,Medium (201-500)
"Dibbert, Green and Gleichner",Italy,41.902782,12.496366,Banking and Finance,Medium (201-500),Laura Thompson,2024-02-14,SAAS,Sales Accepted,4,,,2987,70,2024-05-04,,2024,2024-02,80,,False,False,False,False,True,Medium (201-500)
Vandervort LLC,Austria,48.210033,16.363449,Transportation & Logistics,Medium (201-500),Michael Brown,2024-04-10,Custom solution,Sales Accepted,4,,,6703,60,2024-07-24,,2024,2024-04,105,,False,False,False,False,False,Medium (201-500)
Buckridge-Hayes,Italy,41.902782,12.496366,Recreation & Sports,Medium (201-500),Emily Johnson,2024-04-04,Services,Sales Accepted,4,,,7574,70,2024-12-01,,2024,2024-04,241,,False,False,False,False,False,Medium (201-500)
Steuber LLC,Italy,41.902782,12.496366,Telecommunications,Medium (201-500),Laura Thompson,2024-05-30,SAAS,Sales Accepted,4,,,4596,40,2025-03-02,,2024,2024-05,276,,False,False,False,False,True,Medium (201-500)
Macejkovic and Sons,Italy,41.902782,12.496366,Transportation & Logistics,Medium (201-500),Laura Thompson,2024-03-14,Services,Sales Accepted,4,,,465,40,2025-03-03,,2024,2024-03,354,,False,False,False,False,False,Medium (201-500)
Spencer and Sons,Belgium,51.260197,4.402771,Construction & Engineering,Medium (201-500),Sarah Davis,2024-04-21,Services,Sales Accepted,4,,,689,70,2025-01-05,,2024,2024-04,259,,False,False,False,False,False,Medium (201-500)
Wisozk Group,Germany,52.520008,13.404954,IT & IT Services,Medium (201-500),Jessica Martinez,2024-01-21,Services,Sales Accepted,4,,,3427,30,2024-05-17,,2024,2024-01,117,,False,False,False,False,False,Medium (201-500)
"Bashirian, Greenholt and Koch",Belgium,51.260197,4.402771,Construction & Engineering,Medium (201-500),Sarah Davis,2024-02-11,Services,Sales Accepted,4,,,1182,40,2024-12-26,,2024,2024-02,319,,False,False,False,False,False,Medium (201-500)
"Denesik, Rippin and Anderson",France,48.864716,2.349014,Professional Services  & Consulting,Medium (201-500),Laura Thompson,2024-05-29,Custom solution,Sales Accepted,4,,,4395,50,2024-12-04,,2024,2024-05,189,,False,False,False,False,False,Medium (201-500)
Mueller-Tromp,Italy,41.902782,12.496366,Recreation & Sports,Medium (201-500),Kevin Anderson,2024-04-18,SAAS,Sales Accepted,4,,,5571,100,2024-08-13,,2024,2024-04,117,,False,False,False,False,True,Medium (201-500)
"Dare, Witting and Goyette",Portugal,38.736946,-9.142685,Construction & Engineering,Medium (201-500),Michael Brown,2024-04-12,Services,Sales Accepted,4,,,2940,50,2025-01-18,,2024,2024-04,281,,False,False,False,False,False,Medium (201-500)
"Mitchell, Jaskolski and Haley",Portugal,38.736946,-9.142685,Education & Science,Medium (201-500),Kevin Anderson,2024-01-25,SAAS,Sales Accepted,4,,,2791,40,2024-06-03,,2024,2024-01,130,,False,False,False,False,True,Medium (201-500)
Reichert-Schneider,Switzerland,46.204391,6.143158,Professional Services  & Consulting,Medium (201-500),John Smith,2024-04-18,Custom solution,Sales Accepted,4,,,2109,30,2024-12-16,,2024,2024-04,242,,False,False,False,False,False,Medium (201-500)
Watsica Inc,Portugal,38.736946,-9.142685,IT & IT Services,Medium (201-500),Michael Brown,2024-04-27,Services,Sales Accepted,4,,,6720,10,2024-08-28,,2024,2024-04,123,,False,False,False,False,False,Medium (201-500)
Olson-Brown,Germany,52.520008,13.404954,Transportation & Logistics,Medium (201-500),Jessica Martinez,2024-03-16,Services,Sales Accepted,4,,,4558,50,2024-12-05,,2024,2024-03,264,,False,False,False,False,False,Medium (201-500)
Altenwerth LLC,Portugal,38.736946,-9.142685,Banking and Finance,Medium (201-500),Jessica Martinez,2024-01-02,SAAS,Sales Accepted,4,,,2950,30,2024-10-09,,2024,2024-01,281,,False,False,False,False,True,Medium (201-500)
Grimes-Stehr,Italy,41.902782,12.496366,Transportation & Logistics,Medium (201-500),Kevin Anderson,2024-01-19,Services,Sales Accepted,4,,,4249,40,2024-09-27,,2024,2024-01,252,,False,False,False,False,False,Medium (201-500)
Kub-Goyette,Switzerland,46.204391,6.143158,Government Administration Healthcare,Medium (201-500),Laura Thompson,2024-02-27,SAAS,Sales Accepted,4,,,4159,50,2024-10-20,,2024,2024-02,236,,False,False,False,False,True,Medium (201-500)
"Waelchi, Gutkowski and Ondricka",Germany,52.520008,13.404954,Government Administration Healthcare,Medium (201-500),Laura Thompson,2024-04-08,Services,Sales Accepted,4,,,6175,50,2024-06-28,,2024,2024-04,81,,False,False,False,False,False,Medium (201-500)
"Grimes, Beier and Hickle",Belgium,51.260197,4.402771,Transportation & Logistics,Medium (201-500),Laura Thompson,2024-02-21,Services,Sales Accepted,4,,,1800,80,2025-01-11,,2024,2024-02,325,,False,False,False,False,False,Medium (201-500)
"Hudson, Bins and Feeney",Italy,41.902782,12.496366,Manufacturing & Production,Medium (201-500),Sarah Davis,2024-01-06,Custom solution,Sales Accepted,4,,,3218,10,2024-03-08,,2024,2024-01,62,,False,False,False,False,False,Medium (201-500)
"Kreiger, Dooley and Bradtke",Portugal,38.736946,-9.142685,Construction & Engineering,Medium (201-500),Michael Brown,2024-03-25,Services,Sales Accepted,4,,,5348,20,2025-03-23,,2024,2024-03,363,,False,False,False,False,False,Medium (201-500)
Kessler-Mohr,Portugal,38.736946,-9.142685,Energy & Utilities,Medium (201-500),Laura Thompson,2024-01-15,SAAS,Sales Accepted,4,,,5769,50,2024-06-16,,2024,2024-01,153,,False,False,False,False,True,Medium (201-500)
"Ward, Grimes and Fay",Austria,48.210033,16.363449,IT & IT Services,Medium (201-500),Emily Johnson,2024-02-08,SAAS,Sales Accepted,4,,,4554,50,2024-11-27,,2024,2024-02,293,,False,False,False,False,True,Medium (201-500)
"Kling, Crooks and Wisozk",Portugal,38.736946,-9.142685,Agriculture & Mining,Medium (201-500),Sarah Davis,2024-03-20,Services,Sales Accepted,4,,,7249,30,2024-11-11,,2024,2024-03,236,,False,False,False,False,False,Medium (201-500)
Feil LLC,Germany,52.520008,13.404954,Banking and Finance,Medium (201-500),Michael Brown,2024-05-11,Custom solution,Sales Accepted,4,,,4545,100,2024-09-22,,2024,2024-05,134,,False,False,False,False,False,Medium (201-500)
Hansen-Erdman,Portugal,38.736946,-9.142685,Transportation & Logistics,Medium (201-500),Laura Thompson,2024-01-25,Services,Sales Accepted,4,,,7593,50,2024-05-06,,2024,2024-01,102,,False,False,False,False,False,Medium (201-500)
"Russel, Rice and Emard",France,48.864716,2.349014,Professional Services  & Consulting,Medium (201-500),Jessica Martinez,2024-03-29,SAAS,Sales Accepted,4,,,7630,100,2024-11-20,,2024,2024-03,236,,False,False,False,False,True,Medium (201-500)
"Goldner, Muller and Waelchi",Switzerland,46.204391,6.143158,Telecommunications,Medium (201-500),Laura Thompson,2024-02-19,Services,Sales Accepted,4,,,6638,50,2024-05-21,,2024,2024-02,92,,False,False,False,False,False,Medium (201-500)
"Kuhlman, Romaguera and Goldner",Spain,40.416775,-3.70379,Manufacturing & Production,Medium (201-500),Emily Johnson,2024-05-29,Services,Sales Accepted,4,,,7037,30,2024-11-08,,2024,2024-05,163,,False,False,False,False,False,Medium (201-500)
Torp-Bogan,Italy,41.902782,12.496366,Telecommunications,Medium (201-500),Kevin Anderson,2024-04-07,SAAS,Sales Accepted,4,,,2752,40,2024-08-20,,2024,2024-04,135,,False,False,False,False,True,Medium (201-500)
"Beier, Dare and Feest",France,48.864716,2.349014,Transportation & Logistics,Medium (201-500),Laura Thompson,2024-05-19,Services,Sales Accepted,4,,,6155,50,2024-10-30,,2024,2024-05,164,,False,False,False,False,False,Medium (201-500)
Mohr LLC,Portugal,38.736946,-9.142685,Government Administration Healthcare,Medium (201-500),Emily Johnson,2024-02-07,SAAS,Sales Accepted,4,,,922,60,2024-06-15,,2024,2024-02,129,,False,False,False,False,True,Medium (201-500)
Fritsch-Strosin,Portugal,38.736946,-9.142685,IT & IT Services,Medium (201-500),David Wilson,2024-01-06,Services,Sales Accepted,4,,,7744,20,2024-12-01,,2024,2024-01,330,,False,False,False,False,False,Medium (201-500)
Harris-Labadie,Germany,52.520008,13.404954,Telecommunications,Medium (201-500),Michael Brown,2024-03-03,Services,Sales Accepted,4,,,4531,60,2025-02-17,,2024,2024-03,351,,False,False,False,False,False,Medium (201-500)
Schuppe LLC,Spain,40.416775,-3.70379,Education & Science,Medium (201-500),Jessica Martinez,2024-04-18,SAAS,Sales Accepted,4,,,6998,50,2024-10-12,,2024,2024-04,177,,False,False,False,False,True,Medium (201-500)
"Howell, Jacobson and Hammes",Italy,41.902782,12.496366,Entertainment & Media & Hospitality,Medium (201-500),John Smith,2024-04-20,Services,Sales Accepted,4,,,5694,30,2024-11-06,,2024,2024-04,200,,False,False,False,False,False,Medium (201-500)
Schneider-Doyle,Italy,41.902782,12.496366,Agriculture & Mining,Medium (201-500),John Smith,2024-04-24,Custom solution,Sales Accepted,4,,,1208,30,2024-12-09,,2024,2024-04,229,,False,False,False,False,False,Medium (201-500)
Zulauf LLC,Austria,48.210033,16.363449,IT & IT Services,Medium (201-500),Laura Thompson,2024-04-19,Custom solution,Sales Accepted,4,,,4553,70,2024-08-22,,2024,2024-04,125,,False,False,False,False,False,Medium (201-500)
Kaymbo,Switzerland,46.204391,6.143158,Agriculture & Mining,Large (501-1000),David Wilson,2024-03-11,SAAS,Sales Accepted,4,,,17269,80,2024-07-10,,2024,2024-03,121,,False,False,False,False,True,Large (501-1000)
"Tromp, Stoltenberg and Hartmann",Belgium,51.260197,4.402771,IT & IT Services,Large (501-1000),Laura Thompson,2024-05-29,SAAS,Sales Accepted,4,,,19776,40,2024-12-16,,2024,2024-05,201,,False,False,False,False,True,Large (501-1000)
Lemke Group,Netherlands,52.370216,4.895168,Government Administration Healthcare,Large (501-1000),Sarah Davis,2024-05-13,Custom solution,Sales Accepted,4,,,8387,80,2024-06-18,,2024,2024-05,36,,False,False,False,False,False,Large (501-1000)
Emmerich Inc,Germany,52.520008,13.404954,Transportation & Logistics,Large (501-1000),John Smith,2024-03-23,Custom solution,Sales Accepted,4,,,2737,30,2024-12-22,,2024,2024-03,274,,False,False,False,False,False,Large (501-1000)
Howe-Mayer,Spain,40.416775,-3.70379,Retail & Distribution,Large (501-1000),David Wilson,2024-03-06,Custom solution,Sales Accepted,4,,,11686,100,2024-12-30,,2024,2024-03,299,,False,False,False,False,False,Large (501-1000)
Rosenbaum and Sons,Italy,41.902782,12.496366,Energy & Utilities,Large (501-1000),John Smith,2024-03-20,Custom solution,Sales Accepted,4,,,17968,70,2024-04-27,,2024,2024-03,38,,False,False,False,False,False,Large (501-1000)
Johnson-Smith,Germany,52.520008,13.404954,IT & IT Services,Large (501-1000),John Smith,2024-01-19,Custom solution,Sales Accepted,4,,,18418,30,2024-02-10,,2024,2024-01,22,,False,False,False,False,False,Large (501-1000)
"Legros, Simonis and Spinka",Germany,52.520008,13.404954,Construction & Engineering,Large (501-1000),Michael Brown,2024-04-07,Custom solution,Sales Accepted,4,,,12543,40,2024-08-09,,2024,2024-04,124,,False,False,False,False,False,Large (501-1000)
"Bergnaum, Smitham and Hintz",Netherlands,52.370216,4.895168,Construction & Engineering,Large (501-1000),Jessica Martinez,2024-01-14,Services,Sales Accepted,4,,,4700,90,2024-12-25,,2024,2024-01,346,,False,False,False,False,False,Large (501-1000)
"Jakubowski, Okuneva and Erdman",Spain,40.416775,-3.70379,IT & IT Services,Large (501-1000),Emily Johnson,2024-05-16,SAAS,Sales Accepted,4,,,14149,60,2024-09-06,,2024,2024-05,113,,False,False,False,False,True,Large (501-1000)
Lemke Inc,Netherlands,52.370216,4.895168,IT & IT Services,Large (501-1000),Laura Thompson,2024-01-25,Custom solution,Sales Accepted,4,,,11883,50,2024-10-20,,2024,2024-01,269,,False,False,False,False,False,Large (501-1000)
Macejkovic-Senger,France,48.864716,2.349014,Professional Services  & Consulting,Large (501-1000),John Smith,2024-03-06,Services,Sales Accepted,4,,,17461,100,2024-11-02,,2024,2024-03,241,,False,False,False,False,False,Large (501-1000)
"Halvorson, Torp and Swift",France,48.864716,2.349014,Government Administration Healthcare,Large (501-1000),Emily Johnson,2024-05-15,Services,Sales Accepted,4,,,10548,40,2024-08-04,,2024,2024-05,81,,False,False,False,False,False,Large (501-1000)
Simonis Inc,Italy,41.902782,12.496366,Entertainment & Media & Hospitality,Large (501-1000),Sarah Davis,2024-03-07,Services,Sales Accepted,4,,,19123,50,2024-05-07,,2024,2024-03,61,,False,False,False,False,False,Large (501-1000)
"Hand, Armstrong and Cremin",Portugal,38.736946,-9.142685,Recreation & Sports,Enterprise (1001+),Laura Thompson,2024-02-29,Custom solution,Sales Accepted,4,,,5885,60,2024-05-10,,2024,2024-02,71,,False,False,False,False,False,Enterprise (1001+)
"Carroll, Feest and Kozey",Netherlands,52.370216,4.895168,Recreation & Sports,Enterprise (1001+),Michael Brown,2024-03-24,Custom solution,Sales Accepted,4,,,18768,50,2024-07-21,,2024,2024-03,119,,False,False,False,False,False,Enterprise (1001+)
"Sanford, Haley and Botsford",Spain,40.416775,-3.70379,Retail & Distribution,Enterprise (1001+),John Smith,2024-04-12,Services,Sales Accepted,4,,,19868,40,2024-10-16,,2024,2024-04,187,,False,False,False,False,False,Enterprise (1001+)
Aufderhar LLC,Portugal,38.736946,-9.142685,Entertainment & Media & Hospitality,Enterprise (1001+),Jessica Martinez,2024-05-06,SAAS,Sales Accepted,4,,,19105,40,2024-10-26,,2024,2024-05,173,,False,False,False,False,True,Enterprise (1001+)
Kreiger-Gleason,Germany,52.520008,13.404954,Professional Services  & Consulting,Enterprise (1001+),Jessica Martinez,2024-03-28,Services,Sales Accepted,4,,,10835,20,2024-11-01,,2024,2024-03,218,,False,False,False,False,False,Enterprise (1001+)
Rempel-Pagac,Italy,41.902782,12.496366,Retail & Distribution,Enterprise (1001+),David Wilson,2024-02-12,SAAS,Sales Accepted,4,,,11636,40,2025-01-22,,2024,2024-02,345,,False,False,False,False,True,Enterprise (1001+)
"Bailey, Boehm and Johnston",Netherlands,52.370216,4.895168,Banking and Finance,Enterprise (1001+),Laura Thompson,2024-04-19,Custom solution,Sales Accepted,4,,,18536,10,2024-06-01,,2024,2024-04,43,,False,False,False,False,False,Enterprise (1001+)
Lang-Mraz,Switzerland,46.204391,6.143158,Banking and Finance,Enterprise (1001+),Laura Thompson,2024-05-20,Custom solution,Sales Accepted,4,,,2680,20,2024-08-31,,2024,2024-05,103,,False,False,False,False,False,Enterprise (1001+)
